E3,Substrate,label,XGBoost
Q9Y297,P25963,1.0,0.49109742045402527
Q9Y297,O00221,1.0,0.49670296907424927
Q9Y297,P01730,1.0,0.49678534269332886
Q9Y297,P30304,1.0,0.4945051968097687
Q9Y297,P17181,1.0,0.49109742045402527
Q9Y297,O15111,1.0,0.49109742045402527
Q9Y297,Q9NX09,1.0,0.49678534269332886
Q9Y297,Q9GZV5,1.0,0.4932948350906372
Q9Y297,O95863,1.0,0.4989832639694214
Q9Y297,Q96T88,1.0,0.49670296907424927
Q9Y297,Q01664,1.0,0.4945051968097687
Q9Y297,P01112,1.0,0.4945051968097687
Q9Y297,Q16236,1.0,0.49109742045402527
Q9Y297,P24385,1.0,0.4945051968097687
Q9Y297,P78543,1.0,0.4945051968097687
Q9Y297,P10071,1.0,0.5055801868438721
Q9Y297,Q9HAW4,1.0,0.4989832639694214
Q9Y297,Q9BZB8,1.0,0.49678534269332886
Q9Y297,P19235,1.0,0.49109742045402527
Q9Y297,P62324,1.0,0.4945051968097687
Q9Y297,P50539,1.0,0.49109742045402527
Q9Y297,Q92539,1.0,0.4957526624202728
Q9HCE7,Q99717,1.0,0.5073229670524597
Q9HCE7,Q99988,1.0,0.5111477375030518
Q9HCE7,Q9H160,1.0,0.5001002550125122
Q9HCE7,P09769,1.0,0.4998563826084137
Q9HCE7,Q9Y4K4,1.0,0.5075668096542358
Q9HCE7,P35626,1.0,0.4998563826084137
Q9HCE7,P21709,1.0,0.4991777837276459
Q9HCE7,O60784,1.0,0.5031871795654297
Q9HCE7,Q9H1I8,1.0,0.4991777837276459
Q9HCE7,Q9Y6I3,1.0,0.5106526613235474
Q9HCE7,P67936,1.0,0.47521644830703735
Q9HCE7,Q8NFZ5,1.0,0.4625731110572815
Q9HCE7,P41743,1.0,0.49584707617759705
Q9HCE7,Q96CS3,1.0,0.4625731110572815
Q9HCE7,Q02779,1.0,0.49584707617759705
Q9HCE7,A6NI79,1.0,0.4998563826084137
Q9HCE7,P55036,1.0,0.48479828238487244
Q9HCE7,Q9ULJ7,1.0,0.4850913882255554
Q9HCE7,Q92519,1.0,0.49584707617759705
Q9HCE7,Q9Y261,1.0,0.4998563826084137
P46934,P27216,1.0,0.4998563826084137
P46934,P35968,1.0,0.5075668096542358
P46934,Q9NV92,1.0,0.5031871795654297
P46934,P42566,1.0,0.5106526613235474
P46934,P43005,1.0,0.5106526613235474
P46934,O75843,1.0,0.49609094858169556
P46934,P55036,1.0,0.48479828238487244
P46934,Q9Y3C5,1.0,0.48479828238487244
P46934,P42261,1.0,0.5001002550125122
P46934,P04629,1.0,0.5106526613235474
P46934,P04198,1.0,0.49584707617759705
P46934,P37231,1.0,0.5001002550125122
P46934,Q96NT3,1.0,0.49970775842666626
P46934,P10523,1.0,0.49609094858169556
P46934,Q969T9,1.0,0.4886711537837982
P46934,P10114,1.0,0.5035832524299622
P46934,O14980,1.0,0.5106526613235474
P46934,O14641,1.0,0.5075668096542358
P46934,Q9UHD2,1.0,0.5031871795654297
Q9UNE7,P11142,1.0,0.4912164807319641
Q9UNE7,P10275,1.0,0.48951441049575806
Q9UNE7,P06748,1.0,0.48951441049575806
Q9UNE7,Q99683,1.0,0.5126997232437134
Q9UNE7,P54253,1.0,0.48951441049575806
Q9UNE7,P35869,1.0,0.4912164807319641
Q9UNE7,Q13043,1.0,0.4912164807319641
Q9UNE7,P08684,1.0,0.4912164807319641
Q9UNE7,Q12778,1.0,0.48951441049575806
Q9UNE7,P07900,1.0,0.48951441049575806
Q9UNE7,P07197,1.0,0.48951441049575806
Q9UNE7,Q05513,1.0,0.4912164807319641
Q9UNE7,P80370,1.0,0.48951441049575806
Q9UNE7,P29034,1.0,0.48951441049575806
Q9UNE7,Q8N6T7,1.0,0.48951441049575806
Q9UNE7,Q16584,1.0,0.48951441049575806
Q9UNE7,Q6ZWH5,1.0,0.5126997232437134
Q9UNE7,O00327,1.0,0.48951441049575806
Q00987,O15151,1.0,0.49670296907424927
Q00987,Q9Y6B2,1.0,0.49109742045402527
Q00987,P49757,1.0,0.4945051968097687
Q00987,P35568,1.0,0.49670296907424927
Q00987,P12830,1.0,0.4945051968097687
Q00987,Q7LG56,1.0,0.49109742045402527
Q00987,Q12778,1.0,0.4989832639694214
Q00987,O14746,1.0,0.49678534269332886
Q00987,Q86Z02,1.0,0.5060616135597229
Q00987,P24864,1.0,0.49109742045402527
Q00987,P10275,1.0,0.49670296907424927
Q00987,Q15361,1.0,0.4945051968097687
Q00987,P46531,1.0,0.4989832639694214
Q00987,P10276,1.0,0.4989832639694214
Q00987,O60381,1.0,0.49670296907424927
Q00987,O43463,1.0,0.4945051968097687
Q96J02,P22681,1.0,0.5075668096542358
Q96J02,Q14511,1.0,0.4991777837276459
Q96J02,O15105,1.0,0.5101751089096069
Q96J02,Q9HBA0,1.0,0.5075668096542358
Q96J02,P45985,1.0,0.4874250888824463
Q96J02,Q99541,1.0,0.4935152232646942
Q96J02,Q13118,1.0,0.5111477375030518
Q96J02,Q6PJG6,1.0,0.5073229670524597
Q96J02,O43318,1.0,0.4991777837276459
Q96J02,Q13490,1.0,0.5075668096542358
Q96J02,P46937,1.0,0.4991777837276459
Q96J02,P21860,1.0,0.5075668096542358
Q96J02,P16403,1.0,0.48479828238487244
Q13309,P24864,1.0,0.5049117207527161
Q13309,P55895,1.0,0.5106526613235474
Q13309,P38936,1.0,0.4886711537837982
Q13309,P28562,1.0,0.4998563826084137
Q13309,Q5MJ70,1.0,0.5035832524299622
Q13309,Q9UMW8,1.0,0.48950693011283875
Q13309,Q9NXR8,1.0,0.5031871795654297
Q13309,P35232,1.0,0.47253596782684326
Q13309,P52333,1.0,0.49609094858169556
Q13309,P15923,1.0,0.47253596782684326
Q13309,Q6PGQ7,1.0,0.5073229670524597
Q13309,P36639,1.0,0.4998563826084137
Q13309,O00399,1.0,0.48479828238487244
P22681,P00533,1.0,0.4989832639694214
P22681,Q96B97,1.0,0.49670296907424927
P22681,Q8WU20,1.0,0.49161744117736816
P22681,Q04912,1.0,0.4989832639694214
P22681,Q96JA1,1.0,0.49670296907424927
P22681,P31785,1.0,0.4932948350906372
P22681,P08581,1.0,0.4989832639694214
P22681,P22455,1.0,0.49670296907424927
P22681,O14964,1.0,0.49670296907424927
P22681,P51692,1.0,0.49670296907424927
P22681,O95644,1.0,0.4989832639694214
P22681,Q02763,1.0,0.4989832639694214
Q969H0,P24864,1.0,0.5049117207527161
Q969H0,P36956,1.0,0.5073229670524597
Q969H0,P42345,1.0,0.4850913882255554
Q969H0,Q9H1I8,1.0,0.4991777837276459
Q969H0,Q9UBK2,1.0,0.5075668096542358
Q969H0,P04150,1.0,0.5106526613235474
Q969H0,P17275,1.0,0.5035832524299622
Q969H0,Q99062,1.0,0.5106526613235474
Q969H0,P35659,1.0,0.5001002550125122
Q969H0,Q9NRI5,1.0,0.4991777837276459
Q969H0,Q00613,1.0,0.5073229670524597
Q969H0,P52630,1.0,0.4991777837276459
O60260,O60260,1.0,0.4961409270763397
O60260,O15354,1.0,0.4945051968097687
O60260,Q15303,1.0,0.5064427256584167
O60260,Q14190,1.0,0.4945051968097687
O60260,P19174,1.0,0.5035181641578674
O60260,O95140,1.0,0.49386075139045715
O60260,Q8IXI1,1.0,0.4945051968097687
O60260,Q15388,1.0,0.4945051968097687
O60260,Q13148,1.0,0.49386075139045715
O60260,Q8IXI2,1.0,0.49678534269332886
O60260,Q16665,1.0,0.49386075139045715
O60260,P46937,1.0,0.49386075139045715
Q96PU5,P51795,1.0,0.49609094858169556
Q96PU5,P37088,1.0,0.5073229670524597
Q96PU5,O00141,1.0,0.4998563826084137
Q96PU5,Q9H3D4,1.0,0.5106526613235474
Q96PU5,Q9BSA4,1.0,0.5106526613235474
Q96PU5,Q16625,1.0,0.5009819269180298
Q96PU5,P22001,1.0,0.48950693011283875
Q96PU5,P53805,1.0,0.49135786294937134
Q96PU5,Q8TCC7,1.0,0.5073229670524597
Q96PU5,O75473,1.0,0.5106526613235474
Q96PU5,Q8TDR2,1.0,0.4998563826084137
Q9UM11,Q99741,1.0,0.49670296907424927
Q9UM11,P30304,1.0,0.4945051968097687
Q9UM11,Q12834,1.0,0.49670296907424927
Q9UM11,P41134,1.0,0.4945051968097687
Q9UM11,P13349,1.0,0.49109742045402527
Q9UM11,Q9HAW4,1.0,0.4989832639694214
Q9UM11,P53779,1.0,0.49670296907424927
Q9UM11,O00429,1.0,0.4989832639694214
Q9UM11,Q96BY2,1.0,0.4945051968097687
Q9UM11,Q8IWA4,1.0,0.49670296907424927
Q9UM11,Q96C86,1.0,0.4945051968097687
O43791,O75367,1.0,0.4998563826084137
O43791,P08151,1.0,0.5106526613235474
O43791,P10275,1.0,0.5073229670524597
O43791,O15164,1.0,0.5009819269180298
O43791,Q9BYW2,1.0,0.5075668096542358
O43791,P25440,1.0,0.5075668096542358
O43791,Q13158,1.0,0.49584707617759705
O43791,Q14444,1.0,0.4991777837276459
O43791,Q12888,1.0,0.4850913882255554
Q8IUQ4,P08247,1.0,0.4998563826084137
Q8IUQ4,Q99708,1.0,0.5009819269180298
Q8IUQ4,Q9NWT6,1.0,0.48950693011283875
Q8IUQ4,Q14807,1.0,0.5049117207527161
Q8IUQ4,Q9GZT9,1.0,0.49584707617759705
Q8IUQ4,P41594,1.0,0.5075668096542358
Q8IUQ4,P60903,1.0,0.49623554944992065
O43255,P29590,1.0,0.5106526613235474
O43255,O75925,1.0,0.49790629744529724
O43255,O14974,1.0,0.5075668096542358
O43255,P08247,1.0,0.4998563826084137
O43255,Q9NS87,1.0,0.5075668096542358
O43255,P10275,1.0,0.5073229670524597
O43255,Q16656,1.0,0.4991777837276459
Q9HAU4,P12757,1.0,0.5073229670524597
Q9HAU4,Q13485,1.0,0.4935152232646942
Q9HAU4,O15169,1.0,0.4991777837276459
Q9HAU4,P35222,1.0,0.5031871795654297
Q9HAU4,P37173,1.0,0.49584707617759705
Q9HAU4,P16104,1.0,0.48479828238487244
Q9Y4K3,P04629,1.0,0.49543750286102295
Q9Y4K3,P49116,1.0,0.49315744638442993
Q9Y4K3,Q92985,1.0,0.49315744638442993
Q9Y4K3,P37840,1.0,0.49315744638442993
Q9Y4K3,P49768,1.0,0.4897499680519104
Q9Y4K3,P26927,1.0,0.49543750286102295
Q9Y4K3,P42226,1.0,0.4925130307674408
Q9UKB1,Q9UKB1,1.0,0.4998563826084137
Q9UKB1,P16471,1.0,0.5089203119277954
Q9UKB1,Q9HAW4,1.0,0.5075668096542358
Q9UKB1,O15055,1.0,0.5075668096542358
Q9UKB1,P46937,1.0,0.4991777837276459
Q05086,P04637,1.0,0.4998563826084137
Q05086,O43166,1.0,0.5075668096542358
Q05086,Q8IXH7,1.0,0.49584707617759705
Q05086,P55036,1.0,0.48479828238487244
Q05086,P51451,1.0,0.4625731110572815
Q05086,P29590,1.0,0.5106526613235474
Q9H0M0,Q15796,1.0,0.5106526613235474
Q9H0M0,P04637,1.0,0.4998563826084137
Q9H0M0,P46527,1.0,0.5111477375030518
Q9H0M0,P61073,1.0,0.5101751089096069
Q9H0M0,O14681,1.0,0.4998563826084137
P98170,P42574,1.0,0.48821040987968445
P98170,P04049,1.0,0.49161744117736816
P98170,P55008,1.0,0.49161744117736816
P98170,Q04727,1.0,0.49670296907424927
P98170,Q96HS1,1.0,0.49161744117736816
Q13490,Q13077,1.0,0.48951441049575806
Q13490,Q05195,1.0,0.4912164807319641
Q13490,Q13114,1.0,0.5126997232437134
Q13490,P55210,1.0,0.48951441049575806
Q13490,Q96HS1,1.0,0.48951441049575806
P38398,Q16777,1.0,0.49007362127304077
P38398,P06748,1.0,0.49007362127304077
P38398,Q99728,1.0,0.48942941427230835
P38398,Q9HAW4,1.0,0.48942941427230835
P38398,O14818,1.0,0.49007362127304077
Q8NHY2,P04637,1.0,0.4998563826084137
Q8NHY2,O00763,1.0,0.5075668096542358
Q8NHY2,P50991,1.0,0.4998563826084137
Q8NHY2,Q6UUV9,1.0,0.5106526613235474
Q8NHY2,O00399,1.0,0.48479828238487244
Q86TM6,P10909,1.0,0.49584707617759705
Q86TM6,Q9UKV5,1.0,0.4991777837276459
Q86TM6,P01009,1.0,0.49970775842666626
Q86TM6,P78380,1.0,0.4998563826084137
O76064,P0C0S8,1.0,0.4945051968097687
O76064,P13010,1.0,0.4945051968097687
O76064,O60934,1.0,0.49386075139045715
O76064,Q969R5,1.0,0.49386075139045715
Q13489,Q13077,1.0,0.48951441049575806
Q13489,Q13546,1.0,0.48951441049575806
Q13489,Q9Y572,1.0,0.48951441049575806
Q13489,P55210,1.0,0.48951441049575806
P40337,Q16665,1.0,0.47799262404441833
P40337,Q8TEY7,1.0,0.47799262404441833
P40337,O14641,1.0,0.47799262404441833
P40337,P36897,1.0,0.47799262404441833
Q5T0T0,P13762,1.0,0.49543750286102295
Q5T0T0,P33076,1.0,0.4953550398349762
Q5T0T0,P49327,1.0,0.4993605315685272
Q5T0T0,P12830,1.0,0.49315744638442993
Q13049,Q9NYB9,1.0,0.5073229670524597
Q13049,Q9BXC9,1.0,0.5058652758598328
Q13049,Q13501,1.0,0.4998563826084137
Q86YJ5,P05362,1.0,0.49389731884002686
Q86YJ5,Q9BV40,1.0,0.49161744117736816
Q86YJ5,Q8NHL6,1.0,0.49670296907424927
Q86YJ5,Q6BAA4,1.0,0.48821040987968445
P19474,Q02556,1.0,0.48908665776252747
P19474,P34897,1.0,0.48908665776252747
P19474,P49915,1.0,0.48908665776252747
P35226,Q93077,1.0,0.49970775842666626
P35226,P04908,1.0,0.49970775842666626
P35226,P16104,1.0,0.48479828238487244
Q12834,O95997,1.0,0.4878520965576172
Q12834,P20248,1.0,0.4878520965576172
Q12834,Q15784,1.0,0.48955389857292175
O00308,Q01860,1.0,0.47253596782684326
O00308,O15105,1.0,0.5101751089096069
O00308,Q8IUC6,1.0,0.4625731110572815
Q9NZJ0,P38936,1.0,0.49109742045402527
Q9NZJ0,Q8NFZ0,1.0,0.4961409270763397
Q9NZJ0,P28715,1.0,0.49291059374809265
Q9NVW2,O43679,1.0,0.5070621371269226
Q9NVW2,P16949,1.0,0.4934200048446655
Q9NVW2,Q9UBR4,1.0,0.495122492313385
Q969Q1,P19429,1.0,0.4810046851634979
Q969Q1,Q14896,1.0,0.48914602398872375
Q969Q1,Q9Y692,1.0,0.49922633171081543
Q8TBB1,P12931,1.0,0.4882798194885254
Q8TBB1,O60828,1.0,0.4882798194885254
Q8TBB1,O76021,1.0,0.5097633004188538
Q96PM5,P04637,1.0,0.49678534269332886
Q96PM5,O15350,1.0,0.4989832639694214
Q96PM5,Q96J02,1.0,0.49670296907424927
Q86YT6,Q86YT6,1.0,0.48998168110847473
Q86YT6,Q15154,1.0,0.5114651918411255
Q86YT6,Q9HCM4,1.0,0.48998168110847473
Q8NEZ5,P38936,1.0,0.4884444773197174
Q8NEZ5,O95863,1.0,0.4884444773197174
Q14258,P03372,1.0,0.49584707617759705
Q14258,Q9UKV5,1.0,0.4991777837276459
Q14258,Q96RK0,1.0,0.5075668096542358
Q12933,Q13546,1.0,0.4716002941131592
Q12933,Q14164,1.0,0.4732978045940399
Q969P5,Q9UBF9,1.0,0.49479302763938904
Q969P5,Q12778,1.0,0.49479302763938904
Q969P5,P01106,1.0,0.49315744638442993
Q9UKV5,O15503,1.0,0.47253596782684326
Q9UKV5,Q99574,1.0,0.4814605116844177
P78317,P43268,1.0,0.5035832524299622
P78317,Q8N907,1.0,0.47253596782684326
P78317,Q6NUN9,1.0,0.5001002550125122
Q9NX47,O00429,1.0,0.4996328055858612
Q9NX47,O95140,1.0,0.4843897819519043
Q96EP1,P53350,1.0,0.5075668096542358
Q96EP1,Q96GM5,1.0,0.48950693011283875
Q96EP1,Q86WJ1,1.0,0.4814605116844177
Q13191,Q13191,1.0,0.49389731884002686
Q13191,P35568,1.0,0.49670296907424927
Q99496,P0C0S5,1.0,0.4907473921775818
Q99496,Q99496,1.0,0.4907473921775818
Q9H4P4,Q15303,1.0,0.5051708221435547
Q9H4P4,P11678,1.0,0.4891207218170166
Q9NTX7,Q9Y2T1,1.0,0.4682735800743103
Q9NTX7,O15234,1.0,0.4682735800743103
Q9NTX7,Q7L8J4,1.0,0.48270702362060547
Q9BYM8,Q9BYM8,1.0,0.48564887046813965
Q9BYM8,O75469,1.0,0.48564887046813965
Q8TCQ1,P79483,1.0,0.49543750286102295
Q8TCQ1,P42081,1.0,0.4953550398349762
Q96F44,P31645,1.0,0.5097633004188538
Q96F44,Q9P219,1.0,0.5097633004188538
Q9Y4B6,O14746,1.0,0.481657475233078
Q9Y4B6,Q8IXI2,1.0,0.48564887046813965
Q8IYW5,P0C0S8,1.0,0.49315744638442993
Q8IYW5,P0C0S5,1.0,0.49315744638442993
Q96EP0,O95786,1.0,0.4691779613494873
Q96EP0,P29466,1.0,0.4691779613494873
Q92844,Q13114,1.0,0.49315744638442993
Q9UKC9,P30281,1.0,0.49227094650268555
Q9UKC9,O00459,1.0,0.49227094650268555
Q8WZ73,Q14790,1.0,0.500980794429779
Q8WZ73,Q6MZQ0,1.0,0.500980794429779
P0C2W1,O43623,1.0,0.472197949886322
Q9UHC7,P04637,1.0,0.4998563826084137
Q9UHC7,P11940,1.0,0.48950693011283875
Q96FA3,Q15311,1.0,0.4906897246837616
Q96FA3,Q9Y572,1.0,0.4906897246837616
Q14145,Q86YC2,1.0,0.48955389857292175
Q99942,Q9P055,1.0,0.4629499614238739
Q99942,Q12770,1.0,0.4629499614238739
Q96EQ8,P23458,1.0,0.4850913882255554
Q53G59,P21917,1.0,0.4878520965576172
Q53G59,O94979,1.0,0.4878520965576172
Q6ZNA4,P12755,1.0,0.500980794429779
Q6ZNA4,Q16236,1.0,0.500980794429779
Q96AX9,Q9Y6K9,1.0,0.49584707617759705
Q8IYU2,P10826,1.0,0.5100170373916626
O60858,P04234,1.0,0.49320000410079956
O60858,P22736,1.0,0.48452743887901306
Q5XUX0,Q9H211,1.0,0.49161744117736816
P29372,P62714,1.0,0.4996328055858612
P29372,Q9P0W2,1.0,0.4996328055858612
Q9UK22,Q05586,1.0,0.48998168110847473
P10523,Q13794,1.0,0.46272483468055725
Q9BV68,P36888,1.0,0.47933539748191833
Q9BV68,P04637,1.0,0.49296697974205017
O43663,P16104,1.0,0.48951441049575806
Q9Y2M5,P29590,1.0,0.4876062870025635
Q9Y2M5,O75385,1.0,0.48930808901786804
O15524,P35568,1.0,0.476991206407547
Q7Z6J0,Q15011,1.0,0.5
Q8NG27,Q9Y5V3,1.0,0.4901030659675598
Q8NG27,Q13148,1.0,0.4901030659675598
Q969V5,O75385,1.0,0.49078860878944397
Q9NRD1,P02786,1.0,0.46211808919906616
Q9NRD1,O00584,1.0,0.46211808919906616
Q8TEB7,O15511,1.0,0.4900543987751007
Q9Y252,P48059,1.0,0.49543750286102295
O43164,P31323,1.0,0.49670296907424927
O43164,Q9Y4C4,1.0,0.4945051968097687
Q7L5Y6,Q53ET0,1.0,0.4929446578025818
Q969K3,Q92851,1.0,0.49109742045402527
P49427,Q9Y297,1.0,0.4672658443450928
P49427,P35222,1.0,0.46488046646118164
Q5XPI4,Q16589,1.0,0.49584707617759705
Q96SW2,P10636,1.0,0.4945051968097687
Q5T447,Q9UDY8,1.0,0.5
P14373,Q9UHD2,1.0,0.5031871795654297
Q9H2C0,Q99426,1.0,0.5035832524299622
Q9H2C0,Q15465,1.0,0.49970775842666626
Q9NWF9,Q13546,1.0,0.47818729281425476
Q9UKA1,P00519,1.0,0.49608734250068665
Q8N3Y1,P18065,1.0,0.4878603219985962
Q9Y4L5,P08581,1.0,0.5106526613235474
O15344,P67775,1.0,0.4935152232646942
O15344,Q14653,1.0,0.49153241515159607
Q96PU4,P38936,1.0,0.49623554944992065
Q8WVD3,Q99708,1.0,0.5009819269180298
O95155,P04637,1.0,0.4966845214366913
O95198,Q14155,1.0,0.5051501393318176
Q9NXK8,P30838,1.0,0.4843897819519043
Q13114,O75385,1.0,0.49013960361480713
Q9BUZ4,P35568,1.0,0.5106526613235474
Q92466,Q9NZJ0,1.0,0.49763527512550354
Q9Y3I1,Q12933,1.0,0.46555569767951965
Q9NS91,P04637,1.0,0.4998563826084137
O14543,P40189,1.0,0.48016372323036194
Q969U6,Q96QB1,1.0,0.4672173857688904
P62877,Q9UMX1,1.0,0.46687570214271545
Q96T88,Q16778,1.0,0.48479828238487244
Q8WV44,O95999,1.0,0.4897499680519104
Q8N1E6,Q9H5V8,1.0,0.48374849557876587
Q9UKT5,P51114,1.0,0.47940704226493835
Q86XK2,O95863,1.0,0.48908665776252747
Q9NV58,P04637,1.0,0.4998563826084137
Q13233,P05412,1.0,0.5050660371780396
Q9P0N8,Q9Y282,1.0,0.49026989936828613
Q9Y297,Q9UMX1,0.0,0.4945051968097687
Q9Y297,Q9H2X6,0.0,0.5060616135597229
Q9Y297,Q04206,0.0,0.4945051968097687
Q9Y297,Q9P2G9,0.0,0.4989832639694214
Q9Y297,Q96NE9,0.0,0.4989832639694214
Q9Y297,P51812,0.0,0.49670296907424927
Q9Y297,Q9C035,0.0,0.495574951171875
Q9Y297,Q05513,0.0,0.4945051968097687
Q9Y297,Q96RU2,0.0,0.4989832639694214
Q9Y297,Q9BVM2,0.0,0.4945051968097687
Q9Y297,Q92765,0.0,0.49670296907424927
Q9Y297,Q96RT1,0.0,0.49670296907424927
Q9Y297,P57775,0.0,0.4945051968097687
Q9Y297,O00487,0.0,0.4945051968097687
Q9Y297,O14904,0.0,0.49678534269332886
Q9Y297,Q6IQ55,0.0,0.4989832639694214
Q9Y297,Q86WH2,0.0,0.49670296907424927
Q9Y297,Q6IBW4,0.0,0.4945051968097687
Q9Y297,O95271,0.0,0.49670296907424927
Q9Y297,O43623,0.0,0.49670296907424927
Q9Y297,Q13627,0.0,0.4989832639694214
Q9Y297,Q86VP6,0.0,0.49670296907424927
Q9HCE7,Q53QZ3,0.0,0.47253596782684326
Q9HCE7,Q9Y3E1,0.0,0.47253596782684326
Q9HCE7,Q13243,0.0,0.49892330169677734
Q9HCE7,P21802,0.0,0.49609094858169556
Q9HCE7,O95405,0.0,0.5106526613235474
Q9HCE7,Q9BYG4,0.0,0.47253596782684326
Q9HCE7,Q92888,0.0,0.4920347034931183
Q9HCE7,O14986,0.0,0.5073229670524597
Q9HCE7,Q8IWV8,0.0,0.4850913882255554
Q9HCE7,P35222,0.0,0.5031871795654297
Q9HCE7,O00522,0.0,0.49421966075897217
Q9HCE7,P46940,0.0,0.5051555633544922
Q9HCE7,P35499,0.0,0.5106526613235474
Q9HCE7,O75084,0.0,0.5111477375030518
Q9HCE7,O75604,0.0,0.5106526613235474
Q9HCE7,Q9HAK2,0.0,0.4998563826084137
Q9HCE7,Q9H0H5,0.0,0.5073229670524597
Q9HCE7,Q14596,0.0,0.5106526613235474
Q9HCE7,Q99835,0.0,0.49421966075897217
Q9HCE7,P04637,0.0,0.4998563826084137
P46934,Q7L2E3,0.0,0.5075668096542358
P46934,Q86UW6,0.0,0.5075668096542358
P46934,Q9UKV5,0.0,0.4991777837276459
P46934,Q13322,0.0,0.48950693011283875
P46934,Q9UHC7,0.0,0.48950693011283875
P46934,O14562,0.0,0.4625731110572815
P46934,Q96ME1,0.0,0.49609094858169556
P46934,Q96FZ7,0.0,0.5035832524299622
P46934,Q15843,0.0,0.48479828238487244
P46934,P63000,0.0,0.4998563826084137
P46934,Q969H0,0.0,0.4625731110572815
P46934,P07858,0.0,0.5035832524299622
P46934,P22607,0.0,0.49609094858169556
P46934,P42768,0.0,0.4625731110572815
P46934,Q13617,0.0,0.5075668096542358
P46934,P23443,0.0,0.4998563826084137
P46934,P16234,0.0,0.5106526613235474
P46934,Q9Y570,0.0,0.4998563826084137
P46934,O95628,0.0,0.5106526613235474
Q9UNE7,Q8IZL9,0.0,0.48951441049575806
Q9UNE7,P25788,0.0,0.48951441049575806
Q9UNE7,P62258,0.0,0.48951441049575806
Q9UNE7,Q00987,0.0,0.4912164807319641
Q9UNE7,P14618,0.0,0.48951441049575806
Q9UNE7,Q04771,0.0,0.48951441049575806
Q9UNE7,O14746,0.0,0.5126997232437134
Q9UNE7,P05412,0.0,0.4912164807319641
Q9UNE7,P49711,0.0,0.4912164807319641
Q9UNE7,P06401,0.0,0.48951441049575806
Q9UNE7,Q92504,0.0,0.48951441049575806
Q9UNE7,Q9UHD9,0.0,0.48951441049575806
Q9UNE7,Q99942,0.0,0.48951441049575806
Q9UNE7,Q86YN6,0.0,0.5109979510307312
Q9UNE7,P05231,0.0,0.48951441049575806
Q9UNE7,Q8NFG4,0.0,0.5109979510307312
Q9UNE7,P14625,0.0,0.48951441049575806
Q9UNE7,P11717,0.0,0.5109979510307312
Q00987,Q9H9J4,0.0,0.4989832639694214
Q00987,Q93009,0.0,0.49803295731544495
Q00987,Q04206,0.0,0.4945051968097687
Q00987,P28068,0.0,0.495574951171875
Q00987,P11137,0.0,0.5063602924346924
Q00987,P63165,0.0,0.49337729811668396
Q00987,Q99466,0.0,0.4989832639694214
Q00987,Q9NRR5,0.0,0.4945051968097687
Q00987,Q15047,0.0,0.4989832639694214
Q00987,P07437,0.0,0.4932948350906372
Q00987,Q86WH2,0.0,0.49670296907424927
Q00987,P62081,0.0,0.4945051968097687
Q00987,P35222,0.0,0.49678534269332886
Q00987,P53355,0.0,0.4989832639694214
Q00987,P30536,0.0,0.49109742045402527
Q00987,O60671,0.0,0.49109742045402527
Q96J02,Q9ULV8,0.0,0.4625731110572815
Q96J02,Q93008,0.0,0.4850913882255554
Q96J02,Q92783,0.0,0.5009819269180298
Q96J02,P20618,0.0,0.4998563826084137
Q96J02,P28072,0.0,0.48479828238487244
Q96J02,Q9H5Z1,0.0,0.4625731110572815
Q96J02,P05161,0.0,0.4625731110572815
Q96J02,Q8TAA3,0.0,0.48748403787612915
Q96J02,Q14258,0.0,0.4935152232646942
Q96J02,Q8N2K1,0.0,0.4625731110572815
Q96J02,Q6R6M4,0.0,0.4998563826084137
Q96J02,P42127,0.0,0.48479828238487244
Q96J02,A5LHX3,0.0,0.4625731110572815
Q13309,Q9Y6E7,0.0,0.47521644830703735
Q13309,P48730,0.0,0.49584707617759705
Q13309,Q15645,0.0,0.4998563826084137
Q13309,P60006,0.0,0.4935152232646942
Q13309,Q92597,0.0,0.5031871795654297
Q13309,O43521,0.0,0.47253596782684326
Q13309,Q8IYX4,0.0,0.5026101469993591
Q13309,O14544,0.0,0.5073229670524597
Q13309,Q9NYJ8,0.0,0.5035832524299622
Q13309,P61081,0.0,0.48479828238487244
Q13309,Q9UK97,0.0,0.5073229670524597
Q13309,P98177,0.0,0.4866563379764557
Q13309,O14777,0.0,0.4991777837276459
P22681,Q08881,0.0,0.49161744117736816
P22681,Q9Y4K3,0.0,0.4989832639694214
P22681,Q8IZP0,0.0,0.49670296907424927
P22681,O60841,0.0,0.49161744117736816
P22681,Q9C004,0.0,0.49389731884002686
P22681,P25942,0.0,0.48821040987968445
P22681,Q96AH8,0.0,0.49161744117736816
P22681,Q96LR5,0.0,0.48821040987968445
P22681,Q14254,0.0,0.49161744117736816
P22681,P63104,0.0,0.49161744117736816
P22681,O00329,0.0,0.49389731884002686
P22681,P62258,0.0,0.49161744117736816
Q969H0,Q149N8,0.0,0.4850913882255554
Q969H0,Q9Y5J3,0.0,0.4864526689052582
Q969H0,P50991,0.0,0.4998563826084137
Q969H0,P27037,0.0,0.4935152232646942
Q969H0,Q9UKA8,0.0,0.5035832524299622
Q969H0,P01111,0.0,0.4625731110572815
Q969H0,P24863,0.0,0.4625731110572815
Q969H0,Q8IVH2,0.0,0.5009819269180298
Q969H0,P49757,0.0,0.49135786294937134
Q969H0,Q5JWR5,0.0,0.5075668096542358
Q969H0,Q969U7,0.0,0.48479828238487244
Q969H0,Q8NEA4,0.0,0.4998563826084137
O60260,P31689,0.0,0.49678534269332886
O60260,P08238,0.0,0.49386075139045715
O60260,Q9UI36,0.0,0.49386075139045715
O60260,O94817,0.0,0.49109742045402527
O60260,O14733,0.0,0.4945051968097687
O60260,P36776,0.0,0.4945051968097687
O60260,P01584,0.0,0.4945051968097687
O60260,P36894,0.0,0.49386075139045715
O60260,O00233,0.0,0.4945051968097687
O60260,Q9Y4E8,0.0,0.49386075139045715
O60260,P38936,0.0,0.49109742045402527
O60260,Q13542,0.0,0.49109742045402527
Q96PU5,P61218,0.0,0.49135786294937134
Q96PU5,Q13485,0.0,0.4935152232646942
Q96PU5,O75886,0.0,0.4625731110572815
Q96PU5,Q92537,0.0,0.4886711537837982
Q96PU5,Q9UK41,0.0,0.5035832524299622
Q96PU5,P34932,0.0,0.49609094858169556
Q96PU5,Q9Y297,0.0,0.5075668096542358
Q96PU5,P19099,0.0,0.5031871795654297
Q96PU5,Q9NP79,0.0,0.4886711537837982
Q96PU5,P52961,0.0,0.49584707617759705
Q96PU5,P08235,0.0,0.4866563379764557
Q9UM11,P55209,0.0,0.49109742045402527
Q9UM11,O15304,0.0,0.49337729811668396
Q9UM11,Q6PH81,0.0,0.49109742045402527
Q9UM11,P51965,0.0,0.49109742045402527
Q9UM11,P60006,0.0,0.4945051968097687
Q9UM11,Q9Y5L4,0.0,0.4945051968097687
Q9UM11,P62877,0.0,0.49109742045402527
Q9UM11,Q13825,0.0,0.4945051968097687
Q9UM11,Q9NWT1,0.0,0.4945051968097687
Q9UM11,Q16667,0.0,0.4945051968097687
Q9UM11,Q969H0,0.0,0.49670296907424927
O43791,P23511,0.0,0.4998563826084137
O43791,P07288,0.0,0.48479828238487244
O43791,O43295,0.0,0.49609094858169556
O43791,Q96M94,0.0,0.5031871795654297
O43791,P62877,0.0,0.47253596782684326
O43791,Q14839,0.0,0.5075668096542358
O43791,P17152,0.0,0.48146042227745056
O43791,Q8WU17,0.0,0.5106526613235474
O43791,O14682,0.0,0.4998563826084137
Q8IUQ4,Q99661,0.0,0.4998563826084137
Q8IUQ4,P08138,0.0,0.4935152232646942
Q8IUQ4,Q9NSA3,0.0,0.49970775842666626
Q8IUQ4,P04637,0.0,0.4998563826084137
Q8IUQ4,Q15942,0.0,0.49584707617759705
Q8IUQ4,P01112,0.0,0.4625731110572815
Q8IUQ4,O75400,0.0,0.5075668096542358
O43255,Q86TG7,0.0,0.5075668096542358
O43255,Q14693,0.0,0.5075668096542358
O43255,Q13438,0.0,0.5049117207527161
O43255,Q9NX47,0.0,0.48479828238487244
O43255,Q04760,0.0,0.47253596782684326
O43255,P04626,0.0,0.5106526613235474
O43255,Q99814,0.0,0.5075668096542358
Q9HAU4,Q13501,0.0,0.4998563826084137
Q9HAU4,Q6SA08,0.0,0.4864526689052582
Q9HAU4,Q9HAU4,0.0,0.4625731110572815
Q9HAU4,P27824,0.0,0.5167574882507324
Q9HAU4,Q13705,0.0,0.47521644830703735
Q9HAU4,P55072,0.0,0.48950693011283875
Q9Y4K3,Q9BVC6,0.0,0.49315744638442993
Q9Y4K3,P55036,0.0,0.49315744638442993
Q9Y4K3,Q02543,0.0,0.4897499680519104
Q9Y4K3,P08754,0.0,0.4925130307674408
Q9Y4K3,Q9Y5U9,0.0,0.4897499680519104
Q9Y4K3,P51965,0.0,0.4897499680519104
Q9Y4K3,Q9UNE0,0.0,0.49315744638442993
Q9UKB1,Q14999,0.0,0.4881761372089386
Q9UKB1,Q9HCS4,0.0,0.5106526613235474
Q9UKB1,Q9Y2T1,0.0,0.5106526613235474
Q9UKB1,Q496M5,0.0,0.5101751089096069
Q9UKB1,Q00839,0.0,0.49584707617759705
Q05086,Q9NVD7,0.0,0.4998563826084137
Q05086,Q9Y6B2,0.0,0.48479828238487244
Q05086,O94989,0.0,0.4935152232646942
Q05086,Q03701,0.0,0.48950693011283875
Q05086,Q96JN8,0.0,0.5009819269180298
Q05086,P28074,0.0,0.4886711537837982
Q9H0M0,O00401,0.0,0.4625731110572815
Q9H0M0,O60784,0.0,0.5031871795654297
Q9H0M0,Q8N8Y2,0.0,0.4998563826084137
Q9H0M0,Q9H4W6,0.0,0.4625731110572815
Q9H0M0,Q9UH73,0.0,0.4998563826084137
P98170,Q13489,0.0,0.49670296907424927
P98170,Q13049,0.0,0.49161744117736816
P98170,P37023,0.0,0.49670296907424927
P98170,Q96LR5,0.0,0.48821040987968445
P98170,P36897,0.0,0.49161744117736816
Q13490,Q86Y13,0.0,0.5126997232437134
Q13490,O14757,0.0,0.5109979510307312
Q13490,P53634,0.0,0.48951441049575806
Q13490,O60936,0.0,0.48951441049575806
Q13490,Q9Y2C4,0.0,0.48951441049575806
P38398,Q17RB8,0.0,0.49007362127304077
P38398,O60934,0.0,0.48942941427230835
P38398,P36873,0.0,0.49007362127304077
P38398,Q15796,0.0,0.48942941427230835
P38398,Q13363,0.0,0.49007362127304077
Q8NHY2,Q7L5Y6,0.0,0.5101751089096069
Q8NHY2,Q8TAA3,0.0,0.48748403787612915
Q8NHY2,P62195,0.0,0.4998563826084137
Q8NHY2,Q9UL46,0.0,0.500400960445404
Q8NHY2,Q99436,0.0,0.47253596782684326
Q86TM6,P18850,0.0,0.5106526613235474
Q86TM6,Q9H765,0.0,0.4998563826084137
Q86TM6,Q7L5D6,0.0,0.49584707617759705
Q86TM6,Q8TBZ3,0.0,0.48950693011283875
O76064,Q96B02,0.0,0.49337729811668396
O76064,Q5VVJ2,0.0,0.4961409270763397
O76064,Q7Z2E3,0.0,0.4945051968097687
O76064,Q9ULQ0,0.0,0.4945051968097687
Q13489,P19438,0.0,0.4912164807319641
Q13489,O15530,0.0,0.5109979510307312
Q13489,O14920,0.0,0.4912164807319641
Q13489,P36941,0.0,0.48951441049575806
P40337,P31949,0.0,0.47799262404441833
P40337,O95260,0.0,0.47799262404441833
P40337,Q9Y4L1,0.0,0.47799262404441833
P40337,Q9H773,0.0,0.47799262404441833
Q5T0T0,Q8TAX9,0.0,0.49315744638442993
Q5T0T0,Q9UGP5,0.0,0.49315744638442993
Q5T0T0,O60232,0.0,0.4897499680519104
Q5T0T0,Q92824,0.0,0.49763527512550354
Q13049,Q969T4,0.0,0.5031871795654297
Q13049,P41595,0.0,0.5073229670524597
Q13049,Q6PJ69,0.0,0.49887943267822266
Q86YJ5,Q86YJ5,0.0,0.48821040987968445
Q86YJ5,O00124,0.0,0.49670296907424927
Q86YJ5,Q8IWV8,0.0,0.5179923176765442
Q86YJ5,Q8NB90,0.0,0.49161744117736816
P19474,Q9BYM8,0.0,0.48908665776252747
P19474,P80217,0.0,0.48908665776252747
P19474,Q13309,0.0,0.48908665776252747
P35226,O95931,0.0,0.4998563826084137
P35226,O75530,0.0,0.4991777837276459
P35226,P08727,0.0,0.5272068381309509
Q12834,Q9NYV9,0.0,0.4878520965576172
Q12834,Q969S8,0.0,0.48955389857292175
Q12834,Q99832,0.0,0.4878520965576172
O00308,P08887,0.0,0.4625731110572815
O00308,Q8WYQ5,0.0,0.49609094858169556
O00308,Q8N2K1,0.0,0.4625731110572815
Q9NZJ0,Q9BQ67,0.0,0.4945051968097687
Q9NZJ0,Q14566,0.0,0.4945051968097687
Q9NZJ0,Q5TB30,0.0,0.4927328824996948
Q9NVW2,P51965,0.0,0.4934200048446655
Q9NVW2,P48742,0.0,0.48425668478012085
Q9NVW2,P48431,0.0,0.4934200048446655
Q969Q1,Q16654,0.0,0.49426084756851196
Q969Q1,P11217,0.0,0.4810046851634979
Q969Q1,P48788,0.0,0.5079028606414795
Q8TBB1,Q7Z6G3,0.0,0.4882798194885254
Q8TBB1,Q96CG3,0.0,0.4882798194885254
Q8TBB1,Q9H190,0.0,0.4882798194885254
Q96PM5,P10275,0.0,0.49670296907424927
Q96PM5,Q969X1,0.0,0.4945051968097687
Q96PM5,Q13794,0.0,0.4945051968097687
Q86YT6,O94817,0.0,0.4882798194885254
Q86YT6,Q9Y4H2,0.0,0.48998168110847473
Q86YT6,Q5IJ48,0.0,0.4882798194885254
Q8NEZ5,Q9Y343,0.0,0.4884444773197174
Q8NEZ5,P78371,0.0,0.4884444773197174
Q14258,Q9UL19,0.0,0.4886711537837982
Q14258,Q99697,0.0,0.48479828238487244
Q14258,Q9NR97,0.0,0.5073229670524597
Q12933,Q6UXS9,0.0,0.4716002941131592
Q12933,P54253,0.0,0.4716002941131592
Q969P5,P63208,0.0,0.49315744638442993
Q969P5,Q9UKX3,0.0,0.49156293272972107
Q969P5,P07858,0.0,0.49202960729599
Q9UKV5,P55060,0.0,0.5009819269180298
Q9UKV5,O14530,0.0,0.4998563826084137
P78317,P51965,0.0,0.4839708209037781
P78317,P12757,0.0,0.5073229670524597
P78317,Q8WV22,0.0,0.5026101469993591
Q9NX47,Q9BQ95,0.0,0.4996328055858612
Q9NX47,Q96AG3,0.0,0.4996328055858612
Q96EP1,O94967,0.0,0.5075668096542358
Q96EP1,Q9Y530,0.0,0.5035832524299622
Q96EP1,P40692,0.0,0.5075668096542358
Q13191,Q99836,0.0,0.49161744117736816
Q13191,Q8WV28,0.0,0.49161744117736816
Q99496,Q5VVX9,0.0,0.4929446578025818
Q99496,O95503,0.0,0.4907473921775818
Q9H4P4,Q9BZR9,0.0,0.49503442645072937
Q9H4P4,Q9NPF7,0.0,0.49503442645072937
Q9NTX7,P38646,0.0,0.47180554270744324
Q9NTX7,Q9HCE7,0.0,0.4682735800743103
Q9NTX7,Q6P5S2,0.0,0.4682735800743103
Q9BYM8,Q96EP0,0.0,0.481657475233078
Q9BYM8,Q9Y4K3,0.0,0.48564887046813965
Q8TCQ1,P23219,0.0,0.4953550398349762
Q8TCQ1,Q9H0W8,0.0,0.4897499680519104
Q96F44,P49810,0.0,0.4882798194885254
Q96F44,Q6UUV9,0.0,0.4882798194885254
Q9Y4B6,Q9BW61,0.0,0.48564887046813965
Q9Y4B6,P53350,0.0,0.48564887046813965
Q8IYW5,O94888,0.0,0.49315744638442993
Q8IYW5,P16403,0.0,0.49315744638442993
Q96EP0,P52630,0.0,0.5270158052444458
Q96EP0,Q96IV0,0.0,0.5270158052444458
Q92844,O15111,0.0,0.4897499680519104
Q9UKC9,Q9NRD1,0.0,0.49227094650268555
Q9UKC9,Q9UK97,0.0,0.49007362127304077
Q8WZ73,Q0D2K0,0.0,0.500980794429779
Q8WZ73,Q9Y4X5,0.0,0.500980794429779
P0C2W1,Q9UK99,0.0,0.472197949886322
Q9UHC7,Q9UBL3,0.0,0.49584707617759705
Q9UHC7,Q17RY0,0.0,0.5009819269180298
Q96FA3,Q8NFH3,0.0,0.4906897246837616
Q96FA3,Q99836,0.0,0.4906897246837616
Q14145,P10415,0.0,0.4878520965576172
Q99942,P36897,0.0,0.4629499614238739
Q99942,Q8N2K1,0.0,0.4629499614238739
Q96EQ8,Q9BY78,0.0,0.4998563826084137
Q53G59,P54253,0.0,0.4878520965576172
Q53G59,P62877,0.0,0.4878520965576172
Q6ZNA4,Q9H992,0.0,0.48573654890060425
Q6ZNA4,O94941,0.0,0.48573654890060425
Q96AX9,Q9Y2E6,0.0,0.48352542519569397
Q8IYU2,P22314,0.0,0.48922693729400635
O60858,Q9HCK4,0.0,0.4906422197818756
O60858,P08473,0.0,0.48452743887901306
Q5XUX0,O60487,0.0,0.4904896914958954
P29372,P49916,0.0,0.476991206407547
P29372,P16455,0.0,0.49222368001937866
Q9UK22,P55072,0.0,0.48998168110847473
P10523,P08100,0.0,0.46272483468055725
Q9BV68,Q96CS3,0.0,0.47933539748191833
Q9BV68,Q96B02,0.0,0.47933539748191833
O43663,Q9Y265,0.0,0.48951441049575806
Q9Y2M5,Q9NXV2,0.0,0.4876062870025635
Q9Y2M5,O43791,0.0,0.4876062870025635
O15524,P29597,0.0,0.4843897819519043
Q7Z6J0,Q8IVH8,0.0,0.5
Q8NG27,P00390,0.0,0.4907473921775818
Q8NG27,Q8IWZ5,0.0,0.4901030659675598
Q969V5,Q8NHH9,0.0,0.48908665776252747
Q9NRD1,Q99942,0.0,0.46211808919906616
Q9NRD1,Q6P3S6,0.0,0.46211808919906616
Q8TEB7,Q96AX9,0.0,0.4900543987751007
Q9Y252,Q96IW7,0.0,0.49194714426994324
O43164,Q96B02,0.0,0.49337729811668396
O43164,O60216,0.0,0.4945051968097687
Q7L5Y6,Q6Q0C0,0.0,0.4907473921775818
Q969K3,Q99675,0.0,0.49337729811668396
P49427,P62979,0.0,0.46657514572143555
P49427,Q9Y263,0.0,0.4655708968639374
Q5XPI4,Q12905,0.0,0.4625731110572815
Q96SW2,Q9NQ25,0.0,0.4945051968097687
Q5T447,Q86V81,0.0,0.5
P14373,Q14134,0.0,0.4814605116844177
Q9H2C0,P08238,0.0,0.49584707617759705
Q9H2C0,A6QL64,0.0,0.4850913882255554
Q9NWF9,P78317,0.0,0.47818729281425476
Q9UKA1,P81172,0.0,0.49331334233283997
Q8N3Y1,Q13616,0.0,0.4901030659675598
Q9Y4L5,O43765,0.0,0.4998563826084137
O15344,P51965,0.0,0.49153241515159607
O15344,O60907,0.0,0.4625731110572815
Q96PU4,P68431,0.0,0.49970775842666626
Q8WVD3,P28072,0.0,0.48479828238487244
O95155,Q00987,0.0,0.4830480217933655
O95198,Q9Y4X5,0.0,0.4883722960948944
Q9NXK8,Q14692,0.0,0.4843897819519043
Q13114,Q9Y6Q6,0.0,0.4923827052116394
Q9BUZ4,Q86YV0,0.0,0.5001002550125122
Q92466,P62877,0.0,0.4897499680519104
Q9Y3I1,Q99436,0.0,0.46555569767951965
Q9NS91,Q16763,0.0,0.49970775842666626
O14543,Q15233,0.0,0.48016372323036194
Q969U6,Q8N3Y1,0.0,0.4672173857688904
P62877,O60488,0.0,0.46687570214271545
Q96T88,Q99728,0.0,0.5106526613235474
Q8WV44,P17252,0.0,0.49315744638442993
Q8N1E6,Q8TEL6,0.0,0.48374849557876587
Q9UKT5,P17987,0.0,0.4750002920627594
Q86XK2,Q7L1I2,0.0,0.48908665776252747
Q9NV58,P62955,0.0,0.4886711537837982
Q13233,O14920,0.0,0.48210757970809937
Q9P0N8,P51572,0.0,0.48686331510543823
P62877,P25963,0.0,0.46687570214271545
Q06643,O00221,0.0,0.45550212264060974
Q96LC7,P01730,0.0,0.45550212264060974
Q9NWS0,P30304,0.0,0.45550212264060974
Q09472,P17181,0.0,0.45354604721069336
P35580,O15111,0.0,0.46398985385894775
Q9P2K8,Q9NX09,0.0,0.45423623919487
P24385,Q9GZV5,0.0,0.4895373284816742
O96014,O95863,0.0,0.4682735800743103
Q7Z628,Q96T88,0.0,0.45550212264060974
Q96ST8,Q01664,0.0,0.45550212264060974
P51617,P01112,0.0,0.454645574092865
O95229,Q16236,0.0,0.45550212264060974
P45452,P24385,0.0,0.45550212264060974
Q13111,P78543,0.0,0.5111477375030518
O94788,P10071,0.0,0.48178914189338684
P00739,Q9HAW4,0.0,0.48178914189338684
Q9H0L4,Q9BZB8,0.0,0.45423623919487
P60709,P19235,0.0,0.45493587851524353
O15371,P62324,0.0,0.45550212264060974
Q16670,P50539,0.0,0.4996328055858612
P35858,Q92539,0.0,0.45354604721069336
Q9NQW7,Q99717,0.0,0.4832504391670227
P01133,Q99988,0.0,0.454645574092865
Q09472,Q9H160,0.0,0.45354604721069336
P08174,P09769,0.0,0.4998563826084137
P01375,Q9Y4K4,0.0,0.4608970284461975
Q8NGB9,P35626,0.0,0.46663084626197815
P23276,P21709,0.0,0.45423623919487
Q8NHS4,O60784,0.0,0.48178914189338684
Q9Y4R8,Q9H1I8,0.0,0.46259331703186035
O75886,Q9Y6I3,0.0,0.46555569767951965
Q9ULV4,P67936,0.0,0.46474549174308777
Q02750,Q8NFZ5,0.0,0.49678534269332886
P63027,P41743,0.0,0.45550212264060974
P49736,Q96CS3,0.0,0.45354604721069336
Q99963,Q02779,0.0,0.45550212264060974
Q7Z614,A6NI79,0.0,0.46212491393089294
P55087,P55036,0.0,0.45550212264060974
Q96G61,Q9ULJ7,0.0,0.46663084626197815
Q8IV63,Q92519,0.0,0.4883325695991516
P12830,Q9Y261,0.0,0.45367711782455444
P68133,P27216,0.0,0.45493587851524353
P15391,P35968,0.0,0.45550212264060974
Q15034,Q9NV92,0.0,0.5031871795654297
Q9UNF0,P42566,0.0,0.4704539477825165
Q16623,P43005,0.0,0.45550212264060974
Q8TE04,O75843,0.0,0.4649745225906372
P04350,P55036,0.0,0.48479828238487244
O95630,Q9Y3C5,0.0,0.47420111298561096
O75334,P42261,0.0,0.5028887987136841
P12956,P04629,0.0,0.4587346911430359
O60447,P04198,0.0,0.45550212264060974
O00526,P37231,0.0,0.45550212264060974
P62318,Q96NT3,0.0,0.4558126926422119
P08567,P10523,0.0,0.45744889974594116
O43639,Q969T9,0.0,0.45550212264060974
Q05586,P10114,0.0,0.45367711782455444
O15169,O14980,0.0,0.48998168110847473
Q96BN8,O14641,0.0,0.4592083692550659
P62491,Q9UHD2,0.0,0.45550212264060974
Q14527,P11142,0.0,0.4652174115180969
P63244,P10275,0.0,0.46562254428863525
Q8IUN9,P06748,0.0,0.4907473921775818
Q09472,Q99683,0.0,0.45354604721069336
Q6UWE0,P54253,0.0,0.5035832524299622
Q09472,P35869,0.0,0.45354604721069336
Q16774,Q13043,0.0,0.4907473921775818
P08842,P08684,0.0,0.47057420015335083
Q15796,Q12778,0.0,0.4961409270763397
Q8N755,P07900,0.0,0.4653109908103943
P34998,P07197,0.0,0.4883325695991516
Q8N2W9,Q05513,0.0,0.48950693011283875
Q9BXP5,P80370,0.0,0.4895564317703247
Q8TD43,P29034,0.0,0.454645574092865
O95352,Q8N6T7,0.0,0.48165711760520935
Q9BQ65,Q16584,0.0,0.45550212264060974
P01374,Q6ZWH5,0.0,0.45550212264060974
P51116,O00327,0.0,0.4821033477783203
Q09472,O15151,0.0,0.45354604721069336
Q8N6I1,Q9Y6B2,0.0,0.45948800444602966
Q7L1V2,P49757,0.0,0.490350604057312
Q13480,P35568,0.0,0.48178914189338684
P60709,P12830,0.0,0.45493587851524353
P40937,Q7LG56,0.0,0.45951583981513977
P78426,Q12778,0.0,0.4558126926422119
Q16549,O14746,0.0,0.45423623919487
Q9UER7,Q86Z02,0.0,0.45423623919487
Q96P16,P24864,0.0,0.4726826250553131
O75928,P10275,0.0,0.5073229670524597
Q969S3,Q15361,0.0,0.45951583981513977
P41159,P46531,0.0,0.45550212264060974
P29373,P10276,0.0,0.4843897819519043
P48736,O60381,0.0,0.4703137278556824
Q96FF9,O43463,0.0,0.46555569767951965
Q9UQC2,P22681,0.0,0.48178914189338684
Q8N5K1,Q14511,0.0,0.45550212264060974
Q9NR31,O15105,0.0,0.45550212264060974
P30411,Q9HBA0,0.0,0.46555569767951965
Q5VTL7,P45985,0.0,0.4878520965576172
Q9BYK8,Q99541,0.0,0.454645574092865
O15105,Q13118,0.0,0.4945051968097687
P09884,Q6PJG6,0.0,0.46298518776893616
P49354,O43318,0.0,0.45948800444602966
Q9NR28,Q13490,0.0,0.46173349022865295
Q9BRG1,P46937,0.0,0.4558126926422119
P46527,P21860,0.0,0.46555569767951965
Q6FI13,P16403,0.0,0.45550212264060974
Q9Y4K3,P24864,0.0,0.4897499680519104
P17947,P55895,0.0,0.45550212264060974
P98177,P38936,0.0,0.4655223786830902
P15336,P28562,0.0,0.45550212264060974
Q8NHS9,Q5MJ70,0.0,0.46726366877555847
Q9BYK8,Q9UMW8,0.0,0.454645574092865
P14324,Q9NXR8,0.0,0.4644506275653839
Q15717,P35232,0.0,0.4587346911430359
Q07108,P52333,0.0,0.46211808919906616
O14503,P15923,0.0,0.4568179249763489
Q8WVM7,Q6PGQ7,0.0,0.45367711782455444
Q86TB9,P36639,0.0,0.45423623919487
Q8TD16,O00399,0.0,0.4672708511352539
Q9NSE2,P00533,0.0,0.4629499614238739
Q9H936,Q96B97,0.0,0.4653109908103943
Q99490,Q8WU20,0.0,0.45423623919487
P08922,Q04912,0.0,0.454645574092865
Q96QZ7,Q96JA1,0.0,0.45367711782455444
O14983,P31785,0.0,0.4819713234901428
Q8IVU1,P08581,0.0,0.4726826250553131
P04085,P22455,0.0,0.46726366877555847
Q93050,O14964,0.0,0.45423623919487
Q3B8N5,P51692,0.0,0.46981173753738403
Q96BH3,O95644,0.0,0.4952247440814972
Q9Y5C1,Q02763,0.0,0.45550212264060974
Q09472,P24864,0.0,0.45354604721069336
O43462,P36956,0.0,0.5073229670524597
Q6R327,P42345,0.0,0.45354604721069336
Q13228,Q9H1I8,0.0,0.48154354095458984
P10828,Q9UBK2,0.0,0.46663084626197815
Q9NX09,P04150,0.0,0.45550212264060974
P60568,P17275,0.0,0.45550212264060974
Q9H2A7,Q99062,0.0,0.4559752643108368
Q14493,P35659,0.0,0.46657514572143555
O95376,Q9NRI5,0.0,0.4991777837276459
Q05823,Q00613,0.0,0.48210152983665466
P05161,P52630,0.0,0.45550212264060974
Q9NZC7,O60260,0.0,0.49763527512550354
P46089,O15354,0.0,0.4653109908103943
Q6UXM1,Q15303,0.0,0.47722622752189636
Q9H5L6,Q14190,0.0,0.45367711782455444
Q9H0W8,P19174,0.0,0.45550212264060974
P17600,O95140,0.0,0.45550212264060974
Q8IWA4,Q8IXI1,0.0,0.4699780344963074
Q9NZL9,Q15388,0.0,0.48178914189338684
P42766,Q13148,0.0,0.4558126926422119
Q86VK4,Q8IXI2,0.0,0.4587346911430359
Q12887,Q16665,0.0,0.4559752643108368
P61088,P46937,0.0,0.45951583981513977
Q9UJ90,P51795,0.0,0.4568179249763489
Q9UHC3,P37088,0.0,0.4572756290435791
P31152,O00141,0.0,0.49161744117736816
Q9UPW6,Q9H3D4,0.0,0.45550212264060974
Q7LFL8,Q9BSA4,0.0,0.45868512988090515
O14493,Q16625,0.0,0.45550212264060974
P62241,P22001,0.0,0.4568179249763489
P34913,P53805,0.0,0.46444711089134216
Q8IY34,Q8TCC7,0.0,0.45544949173927307
P56705,O75473,0.0,0.4559752643108368
Q96MP5,Q8TDR2,0.0,0.4998563826084137
A0A1B0GW35,Q99741,0.0,0.45951583981513977
E5RG02,P30304,0.0,0.46212491393089294
Q9NQ94,Q12834,0.0,0.48178914189338684
Q9Y466,P41134,0.0,0.48908665776252747
O43680,P13349,0.0,0.45951583981513977
P10082,Q9HAW4,0.0,0.4568179249763489
Q9BZL6,P53779,0.0,0.45423623919487
O15079,O00429,0.0,0.5126997232437134
Q9Y6C9,Q96BY2,0.0,0.45493587851524353
Q96AG3,Q8IWA4,0.0,0.45550212264060974
Q9BQ89,Q96C86,0.0,0.4996328055858612
Q9Y620,O75367,0.0,0.4998563826084137
Q13253,P08151,0.0,0.45550212264060974
Q8TAE8,P10275,0.0,0.45550212264060974
Q9UPN9,O15164,0.0,0.45990467071533203
Q86VZ4,Q9BYW2,0.0,0.45499202609062195
Q8N6T7,P25440,0.0,0.45951583981513977
P21580,Q13158,0.0,0.45354604721069336
Q659C4,Q14444,0.0,0.4609816372394562
O15054,Q12888,0.0,0.45423623919487
P26441,P08247,0.0,0.45550212264060974
Q8IYX0,Q99708,0.0,0.4653109908103943
Q9H672,Q9NWT6,0.0,0.4897499680519104
Q6Y2X3,Q14807,0.0,0.45367711782455444
P78540,Q9GZT9,0.0,0.4878603219985962
Q9BYJ9,P41594,0.0,0.45550212264060974
P06733,P60903,0.0,0.46555569767951965
Q9HCJ0,P29590,0.0,0.4587346911430359
Q14190,O75925,0.0,0.45948800444602966
Q96A23,O14974,0.0,0.5075668096542358
O96009,P08247,0.0,0.45423623919487
P53582,Q9NS87,0.0,0.4614373445510864
P23229,P10275,0.0,0.45423623919487
P24385,Q16656,0.0,0.4929446578025818
O00238,P12757,0.0,0.4710128605365753
P04629,Q13485,0.0,0.48165711760520935
Q13233,O15169,0.0,0.4707106649875641
O43602,P35222,0.0,0.45550212264060974
O14786,P37173,0.0,0.45423623919487
Q15022,P16104,0.0,0.48479828238487244
O00451,P04629,0.0,0.5106526613235474
P05412,P49116,0.0,0.4559752643108368
P21580,Q92985,0.0,0.45354604721069336
Q6P9F0,P37840,0.0,0.4998563826084137
Q9NPA2,P49768,0.0,0.45948800444602966
P31946,P26927,0.0,0.45550212264060974
Q09472,P42226,0.0,0.45354604721069336
Q92990,Q9UKB1,0.0,0.45423623919487
Q9H900,P16471,0.0,0.45550212264060974
Q6ZN18,Q9HAW4,0.0,0.5056573152542114
Q8WYA1,O15055,0.0,0.48955389857292175
Q99626,P46937,0.0,0.45550212264060974
Q8N2W9,P04637,0.0,0.4998563826084137
Q96QD8,O43166,0.0,0.4863017499446869
Q6UXB8,Q8IXH7,0.0,0.45550212264060974
P63279,P55036,0.0,0.4568179249763489
P11215,P51451,0.0,0.45354604721069336
O14734,P29590,0.0,0.45550212264060974
P09619,Q15796,0.0,0.45423623919487
A6NKG5,P04637,0.0,0.4663842022418976
P60484,P46527,0.0,0.4658673107624054
P08581,P61073,0.0,0.45423623919487
Q68DY9,O14681,0.0,0.45550212264060974
P10147,P42574,0.0,0.45550212264060974
P0DMV8,P04049,0.0,0.46272483468055725
O75995,P55008,0.0,0.45744889974594116
P23759,Q04727,0.0,0.46998658776283264
O95166,Q96HS1,0.0,0.45550212264060974
Q13114,Q13077,0.0,0.4878603219985962
Q16513,Q05195,0.0,0.46542418003082275
Q96C10,Q13114,0.0,0.4587346911430359
P52566,P55210,0.0,0.45550212264060974
O43464,Q96HS1,0.0,0.4593566656112671
Q02539,Q16777,0.0,0.45550212264060974
Q9Y3I0,P06748,0.0,0.45948800444602966
Q8IXK0,Q99728,0.0,0.45423623919487
Q53R12,Q9HAW4,0.0,0.4553709030151367
P49789,O14818,0.0,0.4568179249763489
Q12986,P04637,0.0,0.4998563826084137
A0A1B0GUS0,O00763,0.0,0.4653109908103943
Q13233,P50991,0.0,0.48222774267196655
Q6UUV7,Q6UUV9,0.0,0.45550212264060974
Q12840,O00399,0.0,0.4732359051704407
P30542,P10909,0.0,0.46381479501724243
Q13263,Q9UKV5,0.0,0.45354604721069336
P35542,P01009,0.0,0.45550212264060974
P16050,P78380,0.0,0.4587346911430359
Q96EA4,P0C0S8,0.0,0.4754050672054291
Q8N2W9,P13010,0.0,0.5073229670524597
Q09472,O60934,0.0,0.45354604721069336
Q99496,Q969R5,0.0,0.4929446578025818
P20749,Q13077,0.0,0.454645574092865
Q9NZQ7,Q13546,0.0,0.45774662494659424
P05412,Q9Y572,0.0,0.4559752643108368
Q6FI81,P55210,0.0,0.45951583981513977
P08253,Q16665,0.0,0.4593566656112671
O15218,Q8TEY7,0.0,0.46212491393089294
Q12933,O14641,0.0,0.4732978045940399
P35916,P36897,0.0,0.45423623919487
P20809,P13762,0.0,0.45550212264060974
P01574,P33076,0.0,0.4558126926422119
P01106,P49327,0.0,0.45774662494659424
P31371,P12830,0.0,0.45550212264060974
Q5T848,Q9NYB9,0.0,0.4663842022418976
Q9P0W8,Q9BXC9,0.0,0.45550212264060974
O95166,Q13501,0.0,0.45550212264060974
P15121,P05362,0.0,0.48178914189338684
P53384,Q9BV40,0.0,0.4996328055858612
P20916,Q8NHL6,0.0,0.46152883768081665
Q9H246,Q6BAA4,0.0,0.4587346911430359
Q12946,Q02556,0.0,0.45951583981513977
P55263,P34897,0.0,0.47096678614616394
Q9BQ75,P49915,0.0,0.45550212264060974
Q03188,Q93077,0.0,0.49970775842666626
Q09472,P04908,0.0,0.45354604721069336
O00512,P16104,0.0,0.4672708511352539
Q14525,O95997,0.0,0.4945051968097687
O43502,P20248,0.0,0.4608970284461975
O00555,Q15784,0.0,0.454645574092865
O95257,Q01860,0.0,0.4568179249763489
P36873,O15105,0.0,0.49315744638442993
Q05823,Q8IUC6,0.0,0.4838022291660309
Q16254,P38936,0.0,0.46249598264694214
P35790,Q8NFZ0,0.0,0.4952247440814972
Q9UBP6,P28715,0.0,0.4638182818889618
Q9ULW0,O43679,0.0,0.4862120747566223
P40337,P16949,0.0,0.47799262404441833
P47901,Q9UBR4,0.0,0.45367711782455444
P54727,P19429,0.0,0.45550212264060974
Q14574,Q14896,0.0,0.490350604057312
P31937,Q9Y692,0.0,0.45951583981513977
P02786,P12931,0.0,0.45774662494659424
P51114,O60828,0.0,0.4821033477783203
Q9BYD3,O76021,0.0,0.45550212264060974
Q08257,P04637,0.0,0.46555569767951965
P40692,O15350,0.0,0.46981173753738403
Q9UHI7,Q96J02,0.0,0.45544949173927307
Q96RG2,Q86YT6,0.0,0.454645574092865
Q99689,Q15154,0.0,0.4568179249763489
Q9H3R0,Q9HCM4,0.0,0.4991777837276459
P04637,P38936,0.0,0.4568179249763489
O76093,O95863,0.0,0.45550212264060974
P62736,P03372,0.0,0.47737568616867065
O43242,Q9UKV5,0.0,0.4629499614238739
P0C7T5,Q96RK0,0.0,0.4593566656112671
Q13158,Q13546,0.0,0.45550212264060974
P05161,Q14164,0.0,0.45550212264060974
P12829,Q9UBF9,0.0,0.4608970284461975
O00459,Q12778,0.0,0.45948800444602966
P11274,P01106,0.0,0.4654404819011688
P15090,O15503,0.0,0.45550212264060974
Q9NZ94,Q99574,0.0,0.45423623919487
P11831,P43268,0.0,0.45550212264060974
Q3SXY8,Q8N907,0.0,0.45550212264060974
Q7Z6G3,Q6NUN9,0.0,0.49222368001937866
Q8IWV8,O00429,0.0,0.454645574092865
P60484,O95140,0.0,0.4658673107624054
Q6R327,P53350,0.0,0.45354604721069336
Q8NFD5,Q96GM5,0.0,0.45354604721069336
O75182,Q86WJ1,0.0,0.4894242286682129
Q9HAU4,Q13191,0.0,0.5075668096542358
P41240,P35568,0.0,0.4632219076156616
Q6EEV6,P0C0S5,0.0,0.4558126926422119
P42357,Q99496,0.0,0.45423623919487
P56706,Q15303,0.0,0.46325209736824036
P36952,P11678,0.0,0.4929446578025818
Q5VT25,Q9Y2T1,0.0,0.45746803283691406
Q9BPZ3,O15234,0.0,0.45550212264060974
O60733,Q7L8J4,0.0,0.4559752643108368
O75074,Q9BYM8,0.0,0.45746803283691406
P14209,O75469,0.0,0.45951583981513977
Q6UY14,P79483,0.0,0.45423623919487
Q02556,P42081,0.0,0.45951583981513977
P42898,P31645,0.0,0.45746803283691406
Q86VR8,Q9P219,0.0,0.48154354095458984
P09874,O14746,0.0,0.4885706603527069
Q8TAD2,Q8IXI2,0.0,0.5075668096542358
Q8IUE6,P0C0S8,0.0,0.45550212264060974
Q8N2Z9,P0C0S5,0.0,0.46663084626197815
Q9H257,O95786,0.0,0.4607962667942047
P52732,P29466,0.0,0.47420111298561096
O95999,Q13114,0.0,0.4558126926422119
P30291,P30281,0.0,0.4882798194885254
Q02763,O00459,0.0,0.454645574092865
Q9UHD2,Q14790,0.0,0.48178914189338684
Q8TC94,Q6MZQ0,0.0,0.46211808919906616
P20809,O43623,0.0,0.45550212264060974
Q9BYV9,P04637,0.0,0.4998563826084137
Q9Y4K3,P11940,0.0,0.49315744638442993
Q12933,Q15311,0.0,0.4732978045940399
O43914,Q9Y572,0.0,0.45550212264060974
P38398,Q86YC2,0.0,0.48942941427230835
Q6IE81,Q9P055,0.0,0.484048068523407
P22059,Q12770,0.0,0.46651577949523926
Q07108,P23458,0.0,0.46211808919906616
P30518,P21917,0.0,0.4597000777721405
P36873,O94979,0.0,0.49763527512550354
Q13263,P12755,0.0,0.45354604721069336
P45983,Q16236,0.0,0.4745296537876129
Q9UNE7,Q9Y6K9,0.0,0.48951441049575806
P38398,P10826,0.0,0.48942941427230835
P61769,P04234,0.0,0.45550212264060974
P19793,P22736,0.0,0.4608970284461975
P49588,Q9H211,0.0,0.45746803283691406
Q04206,P62714,0.0,0.45423623919487
P60709,Q9P0W2,0.0,0.45493587851524353
O43765,Q05586,0.0,0.45948800444602966
Q9UMX3,Q13794,0.0,0.45550212264060974
P01135,P36888,0.0,0.4653109908103943
Q15645,P04637,0.0,0.45550212264060974
Q99878,P16104,0.0,0.45550212264060974
Q8NDV7,P29590,0.0,0.45354604721069336
Q14693,O75385,0.0,0.4658588767051697
Q8TD94,P35568,0.0,0.454645574092865
O75460,Q15011,0.0,0.4821033477783203
Q13263,Q9Y5V3,0.0,0.45354604721069336
P08621,Q13148,0.0,0.45550212264060974
P54619,O75385,0.0,0.4568179249763489
Q99962,P02786,0.0,0.45550212264060974
Q14554,O00584,0.0,0.4945051968097687
Q8TBP6,O15511,0.0,0.45550212264060974
Q9UHB6,P48059,0.0,0.46488046646118164
P16520,P31323,0.0,0.46555569767951965
P53355,Q9Y4C4,0.0,0.45354604721069336
Q09472,Q53ET0,0.0,0.45354604721069336
Q14152,Q92851,0.0,0.46298518776893616
Q9C026,Q9Y297,0.0,0.45746803283691406
P57053,P35222,0.0,0.45550212264060974
Q9Y2K1,Q16589,0.0,0.48951441049575806
Q04917,P10636,0.0,0.4608970284461975
Q6PI73,Q9UDY8,0.0,0.45550212264060974
Q6IA17,Q9UHD2,0.0,0.4653109908103943
P48643,Q99426,0.0,0.45550212264060974
O00755,Q15465,0.0,0.4881986379623413
O60603,Q13546,0.0,0.4652174115180969
P38398,P00519,0.0,0.48942941427230835
P42771,P18065,0.0,0.4669451415538788
O60749,P08581,0.0,0.4587346911430359
Q9BUB5,P67775,0.0,0.500980794429779
Q04941,Q14653,0.0,0.4653109908103943
O75628,P38936,0.0,0.4587346911430359
Q8N5B7,Q99708,0.0,0.4854920208454132
P54252,P04637,0.0,0.45550212264060974
Q8N1W1,Q14155,0.0,0.46362340450286865
P43353,P30838,0.0,0.4553709030151367
Q9HB90,O75385,0.0,0.48867279291152954
P17936,P35568,0.0,0.4653109908103943
Q92876,Q9NZJ0,0.0,0.4559752643108368
Q14457,Q12933,0.0,0.49302712082862854
P41182,P04637,0.0,0.4998563826084137
P78417,P40189,0.0,0.45951583981513977
P30989,Q96QB1,0.0,0.4726639986038208
Q9NZJ5,Q9UMX1,0.0,0.4815062880516052
Q9H2X6,Q16778,0.0,0.48479828238487244
P45984,O95999,0.0,0.46687570214271545
P00533,Q9H5V8,0.0,0.454645574092865
Q7Z5Q1,P51114,0.0,0.45499202609062195
Q86UE4,O95863,0.0,0.4821033477783203
Q92560,P04637,0.0,0.46259331703186035
Q12797,P05412,0.0,0.47044551372528076
P01112,Q9Y282,0.0,0.45550212264060974
