E3,Substrate,label,KNN
Q99728,P24928,1.0,0.39193758802880263
Q99728,P38398,1.0,0.39616635421764684
Q99728,P16104,1.0,0.5270271957857963
Q99728,P03372,1.0,0.3832619308457234
Q15386,Q15386,1.0,0.23000520784890915
Q15386,O75155,1.0,0.4618185030949573
Q15386,O15169,1.0,0.23535324139819355
Q15386,Q8NEB9,1.0,0.2286397832061597
Q6PJ69,Q8NDV7,1.0,0.46444588929272157
Q6PJ69,P07355,1.0,0.38244405913210694
Q6PJ69,P19320,1.0,0.3080808602354189
Q6PJ69,Q9NRY4,1.0,0.3872221127646482
Q9NYG5,O95997,1.0,0.0
Q9NYG5,Q9NQW6,1.0,0.16756385466833734
Q9NYG5,O75496,1.0,0.0
Q9NYG5,P14635,1.0,0.0
Q9UKT8,Q9NP62,1.0,0.2291780613250348
Q9UKT8,P24864,1.0,0.4011023394493761
Q9UKT8,O96020,1.0,0.16831267607500616
Q9UKT8,P35548,1.0,0.07600550187734652
Q75N03,P12830,1.0,0.3946550772036105
Q75N03,Q93070,1.0,0.07681925721385884
Q75N03,Q14247,1.0,0.15977651471967047
Q75N03,P07355,1.0,0.0
O95628,O95628,1.0,0.22855019030665175
O95628,P41229,1.0,0.3078907915870488
O95628,P46937,1.0,0.5635754063390717
O95628,Q96T37,1.0,0.229559545429338
Q8IWR1,O75367,1.0,0.5468052045137621
Q8IWR1,P60484,1.0,0.47881361194411387
Q8IWR1,P35813,1.0,0.5384618222249754
Q8IWR1,P04637,1.0,0.5397797582506296
Q9P2J3,Q6PGQ7,1.0,0.4001179394854693
Q9P2J3,P14635,1.0,0.4067610380458983
Q9P2J3,Q96GD4,1.0,0.5401220681925244
Q9P2J3,P17676,1.0,0.3058070668384257
O94972,O94972,1.0,0.38900508623449265
O94972,Q12933,1.0,0.38116011856680165
O94972,O15105,1.0,0.6397791233049812
O94972,Q9Y4K3,1.0,0.3978048308013279
Q6PCT2,P63000,1.0,0.07758497098155619
Q6PCT2,Q01638,1.0,0.15261165201186883
Q6PCT2,P60953,1.0,0.07643302264667431
Q6PCT2,P43699,1.0,0.23161846639375303
Q9Y577,Q14653,1.0,0.4704683146524636
Q9Y577,Q9Y577,1.0,0.46205594314809606
Q9Y577,Q07820,1.0,0.6126479466235561
Q9Y577,Q9Y5A6,1.0,0.4593578949613182
Q8WY64,Q8WY64,1.0,0.38232538033619795
Q8WY64,P01130,1.0,0.309552150681185
Q8WY64,Q14114,1.0,0.4645926570340496
Q8WY64,P98155,1.0,0.38457735057607273
Q9UK99,Q9H2X6,1.0,0.37500555106679995
Q9UK99,Q09472,1.0,0.42636893165431017
Q9UK99,Q9NXK8,1.0,0.30594692459058187
Q9UK99,Q9HCE7,1.0,0.2302329430524633
P36406,Q9Y4K3,1.0,0.2980983976371983
P36406,P36406,1.0,0.36622630706241355
P36406,P04637,1.0,0.30622997838647664
P36406,Q9Y6K9,1.0,0.23010793956467518
Q86T96,O95409,1.0,0.22525124052193948
Q86T96,P08134,1.0,0.5393000127383045
Q86T96,Q9NYY3,1.0,0.38285287026717507
Q86T96,O95388,1.0,0.3080657278654015
Q9H0F5,P04637,1.0,0.4609775393328137
Q9H0F5,P29350,1.0,0.2298205792979378
Q9H0F5,Q01196,1.0,0.39279420949348237
Q9H0F5,Q86U70,1.0,0.15177549231148654
Q8TCJ0,P19419,1.0,0.6289225899086781
Q8TCJ0,O96004,1.0,0.3960269742797446
Q8TCJ0,P52952,1.0,0.47728290806946205
Q8TCJ0,P61371,1.0,0.3906636373396216
Q9UMS4,O43395,1.0,0.5373075427437869
Q9UMS4,P15927,1.0,0.46324128190170155
Q9UMS4,P27694,1.0,0.30717843986696297
Q9UMS4,P67809,1.0,0.30647760370305716
A8MQ27,Q9UNE0,1.0,0.07413934635299342
A8MQ27,Q9NR61,1.0,0.07314071387288631
A8MQ27,Q9NYJ7,1.0,0.14839568550572677
A8MQ27,O00548,1.0,0.14444806671211527
Q8TDB6,Q8TDB6,1.0,0.37998917491188655
Q8TDB6,P62805,1.0,0.5423270204846725
Q8TDB6,Q13501,1.0,0.22842237223800516
Q8TDB6,P06899,1.0,0.6134584334528164
Q5VTR2,Q96A08,1.0,0.4576822263864639
Q5VTR2,P62807,1.0,0.45472400688556947
Q5VTR2,Q9UQ80,1.0,0.0
Q5VTR2,Q16778,1.0,0.4547180093080099
O75150,Q16778,1.0,0.3786678458747942
O75150,Q96A08,1.0,0.37811327078243273
O75150,Q16623,1.0,0.30216952646554235
O75150,Q9UQ80,1.0,0.3797623109714475
Q8NFZ0,Q8NFZ0,1.0,0.37982870402613644
Q8NFZ0,P84077,1.0,0.2292431157988503
Q8NFZ0,Q06609,1.0,0.15140352813803423
Q8NFZ0,P30153,1.0,0.29677832050026515
P15918,P15918,1.0,0.3077162757848563
P15918,P52292,1.0,0.0
P15918,P52294,1.0,0.07655567900453313
P15918,Q16695,1.0,0.3861049086183254
Q8ND25,Q8ND25,1.0,0.0
Q8ND25,P31749,1.0,0.4386863085738707
Q8ND25,Q03135,1.0,0.0
Q8ND25,P00533,1.0,0.2519095352833006
Q16531,O15350,1.0,0.3082714100917537
Q16531,Q92905,1.0,0.21514477368697707
Q16531,O00482,1.0,0.4369254680779375
Q16531,O75909,1.0,0.22398501783261815
Q7Z419,P38936,1.0,0.2190531191990939
Q7Z419,O60294,1.0,0.2274108904579536
Q7Z419,P06748,1.0,0.1596759604016369
Q7Z419,Q07812,1.0,0.22411497865232982
Q5VTB9,Q5VTB9,1.0,0.38580603075073205
Q5VTB9,O75182,1.0,0.22965182765929698
Q5VTB9,Q96ST3,1.0,0.45972819314687857
Q68DV7,Q9ULX6,1.0,0.460534826197672
Q68DV7,Q68DV7,1.0,0.46151485633976774
Q68DV7,Q13467,1.0,0.38214595559312536
Q9P0P0,Q9P0P0,1.0,0.0741363137062642
Q9P0P0,P08514,1.0,0.0807187433451468
Q9P0P0,P03372,1.0,0.370432029354194
P21580,Q13546,1.0,0.38206579714522865
P21580,P21580,1.0,0.06817650894788442
P21580,Q9NR96,1.0,0.23501451644827975
Q9H469,Q9HCE7,1.0,0.29982250160841156
Q9H469,O00308,1.0,0.2889611916308431
Q9H469,Q9HAU4,1.0,0.2373672992086397
Q9H992,Q9H992,1.0,0.5385203923566558
Q9H992,P10636,1.0,0.6185687647274835
Q9H992,Q00987,1.0,0.4827879358399513
Q8TEB1,Q13263,1.0,0.3674357012944504
Q8TEB1,Q17RS7,1.0,0.30790813599566075
Q8TEB1,Q16236,1.0,0.22296910476655543
Q8IYM9,Q8IYM9,1.0,0.542850965233004
Q8IYM9,P19838,1.0,0.5936577140822904
Q8IYM9,Q14653,1.0,0.47156539878596204
Q8N2H9,P51617,1.0,0.6266245631159026
Q8N2H9,Q9Y4K3,1.0,0.30043756983148007
Q8N2H9,O43353,1.0,0.3928449857842921
Q9UPN9,Q13485,1.0,0.14452484722730025
Q9UPN9,Q9H6R0,1.0,0.07195375712375102
Q9UPN9,P35222,1.0,0.23266018057257293
Q96GF1,Q12981,1.0,0.0
Q96GF1,P13569,1.0,0.4794206608512873
Q96GF1,O14641,1.0,0.1603745546728523
Q96LD4,Q13485,1.0,0.39056795125537885
Q96LD4,P04637,1.0,0.2317927306323592
Q96LD4,Q12906,1.0,0.250158789569548
Q14669,Q8N6T3,1.0,0.2292520392855935
Q14669,Q969G3,1.0,0.15260051081071985
Q14669,P35712,1.0,0.0
Q96D59,Q07817,1.0,0.07497349688031459
Q96D59,P05026,1.0,0.07577670602829863
Q96D59,O14763,1.0,0.15177140042542875
Q7Z569,Q9UNH5,1.0,0.14554348939832343
Q7Z569,Q9Y4E8,1.0,0.22629592223076886
Q7Z569,Q7Z569,1.0,0.3081054517447749
Q9BZY9,Q9BZY9,1.0,0.45465294447077836
Q9BZY9,Q96P20,1.0,0.4770853977992163
Q9BZY9,O43318,1.0,0.3862017201301264
Q13263,P04637,1.0,0.21437500988806282
Q13263,Q92985,1.0,0.0
Q13263,Q13131,1.0,0.06599732653027475
O94952,Q9Y6B2,1.0,0.15805358230615443
O94952,P08183,1.0,0.4377528984158553
O94952,P24468,1.0,0.3835112239930072
Q96A61,P35813,1.0,0.30523455806615324
Q96A61,Q06124,1.0,0.3863854957847799
Q96A61,Q12933,1.0,0.3803748768871226
Q6UWE0,Q99816,1.0,0.15178970444117923
Q6UWE0,P00519,1.0,0.4844669847430502
Q6UWE0,Q05086,1.0,0.7737866464899974
Q9NW38,Q9BXW9,1.0,0.1825346337144659
Q9NW38,Q9NVI1,1.0,0.2291970108358097
Q9NW38,P35222,1.0,0.6110885474123937
P09936,Q16637,1.0,0.2275070048575902
P09936,Q14247,1.0,0.08142963168485129
P09936,P11021,1.0,0.25094746542002844
Q76N89,O14640,1.0,0.23880656875994646
Q76N89,Q15361,1.0,0.23289789369735867
Q76N89,Q13485,1.0,0.306493284769214
Q96JP5,Q99558,1.0,0.5465469592027714
Q96JP5,P52597,1.0,0.2245224352850148
Q96JP5,Q14457,1.0,0.15494900270197448
Q8N8N0,Q7L523,1.0,0.0
Q8N8N0,Q15382,1.0,0.0
Q8N8N0,O95859,1.0,0.15291950743596489
Q6Q0C0,Q6Q0C0,1.0,0.4575197460903921
Q6Q0C0,P04637,1.0,0.3934497018433831
Q6Q0C0,O43474,1.0,0.5428921982410516
Q9H3F6,P62745,1.0,0.2292843689511092
Q9H3F6,Q8IW35,1.0,0.153411433937212
Q9H3F6,Q8IUC6,1.0,0.2728682874905908
Q9BRZ2,Q86WV6,1.0,0.17063588728560397
Q9BRZ2,P08670,1.0,0.4656635426090168
Q9BRZ2,O00422,1.0,0.07853343312483804
Q9UK97,O43156,1.0,0.2325119682935258
Q9UK97,Q9Y4R8,1.0,0.36603115940846415
Q9UK97,Q9H2A3,1.0,0.5387610727345676
Q9HCI7,P62807,1.0,0.2318452093398091
Q9HCI7,P04637,1.0,0.3836443636863209
Q9HCI7,Q16778,1.0,0.2319053854264352
Q9NS56,Q99801,1.0,0.36097494984892065
Q9NS56,P04637,1.0,0.5106817223716754
Q9NS56,P16104,1.0,0.35907429821957304
Q8N9I9,Q8N9I9,1.0,0.07602100565456009
Q8N9I9,Q04721,1.0,0.29672191372627316
Q8N9I9,P13010,1.0,0.34591408433689524
Q9BY78,Q13501,1.0,0.3153271512812591
Q9BY78,Q14653,1.0,0.39356257837601333
Q9BY78,Q86WV6,1.0,0.3845314409872302
P41002,P31350,1.0,0.384644759156764
P41002,O43303,1.0,0.3085312578216077
P41002,Q99741,1.0,0.4670326800573166
O15151,Q00987,1.0,0.3046843835243802
O15151,P04637,1.0,0.6083781360967129
O15151,P38936,1.0,0.45949494168461874
Q9UF56,Q9BX63,1.0,0.4609179173830608
Q9UF56,O14867,1.0,0.3230299716869124
Q9UF56,Q9UMX1,1.0,0.1645881284340419
O95376,O95376,1.0,0.5387980113151131
O95376,Q99684,1.0,0.30973710208913574
O95376,Q15653,1.0,0.30712764218776933
Q9P2N7,Q6PGQ7,1.0,0.3970914568798781
Q9P2N7,P14635,1.0,0.4009514762640209
Q9P2N7,Q96GD4,1.0,0.4646769519433146
O75382,Q5VSY0,1.0,0.15301575449272165
O75382,Q14457,1.0,0.3101574078868633
O75382,P04637,1.0,0.15038248070623372
Q9UJT9,O14965,1.0,0.3877721230157255
Q9UJT9,P12931,1.0,0.23546953736871729
Q9UJT9,O95863,1.0,0.46661161179564487
Q9BZR9,O43318,1.0,0.25479472051305446
Q9BZR9,O15524,1.0,0.38710914451103423
Q9BZR9,P03372,1.0,0.46703499365853324
O14508,O15524,1.0,0.0
O14508,P10912,1.0,0.14309042107967632
O14508,O14543,1.0,0.0
P53804,Q9Y243,1.0,0.07649746936656718
P53804,P31749,1.0,0.07793117349883767
P53804,P31751,1.0,0.07719073605941755
Q6VVB1,Q9UQK1,1.0,0.15322512458178
Q6VVB1,B3EWF7,1.0,0.2355168237689669
Q6VVB1,O14641,1.0,0.1526588252061133
Q8WV16,Q9NRC1,1.0,0.0774772284557907
Q8WV16,Q96CV9,1.0,0.37501334115695945
Q96M94,Q15173,1.0,0.07594501070338128
Q96M94,Q99708,1.0,0.467510264223638
Q99619,P35228,1.0,0.33497788688672353
Q99619,P60321,1.0,0.08465309849441509
P37231,Q04206,1.0,0.18146324948041326
P37231,P15941,1.0,0.4351208077482841
Q9P2E8,P01730,1.0,0.6323572436898515
Q9P2E8,P01911,1.0,0.6180519416797781
Q9ULV8,P12931,1.0,0.2438392883501595
Q9ULV8,P00533,1.0,0.2899385375313867
Q5T6F0,P43357,1.0,0.3868603856491663
Q5T6F0,P43360,1.0,0.4620662013062916
Q9NZS9,P55061,1.0,0.22866777636174027
Q9NZS9,P01135,1.0,0.2298270704204322
Q9ULT8,O60331,1.0,0.0
Q9ULT8,O95863,1.0,0.0
O43567,O43567,1.0,0.30573229620958764
O43567,O95295,1.0,0.1534182015703919
O60784,Q15742,1.0,0.3081202288047312
O60784,Q99741,1.0,0.3864914442162902
Q53GT1,P53350,1.0,0.25278470050522517
Q53GT1,O75140,1.0,0.22989209498845595
Q8TEL6,P01106,1.0,0.421626671223763
Q8TEL6,P19838,1.0,0.5402802126974039
O00635,O00635,1.0,0.38592305595554144
O00635,Q9Y4K3,1.0,0.38162784708104475
Q9BVG3,Q9BVG3,1.0,0.46474655009223753
Q9BVG3,Q9H257,1.0,0.2323229930765735
P35869,P03372,1.0,0.2838828399841637
P35869,P37231,1.0,0.28916471157079415
Q8NG06,O43237,1.0,0.46007419509344744
Q8NG06,O14576,1.0,0.38331718962852407
Q7Z6M2,P67809,1.0,0.30525953939695033
Q7Z6M2,O00303,1.0,0.3856383895146042
Q9HCM9,Q96BY2,1.0,0.1703842464034215
Q9HCM9,P04637,1.0,0.5344070428554853
Q9UH77,Q9H4A3,1.0,0.6457010227422668
Q9UH77,Q96J92,1.0,0.4517397663098441
P50876,P00533,1.0,0.301798244830941
P50876,P54652,1.0,0.38781391275320914
Q9H4M3,P38398,1.0,0.33348496789866405
Q9H4M3,Q9UPW8,1.0,0.23630109117650502
Q8N2W9,P25490,1.0,0.0740449461897612
Q8N2W9,P14921,1.0,0.28390430528507815
Q9C037,O95786,1.0,0.4635003014518957
Q9C037,Q7Z2W7,1.0,0.3065617632916868
Q96JY6,Q04206,1.0,0.1946807224541246
Q96JY6,P42224,1.0,0.16081125825181763
Q9UKT7,Q49AN0,1.0,0.07625142272195025
Q9UKT7,Q16526,1.0,0.3756864885206964
O75159,P00533,1.0,0.240148680485524
O75159,P42224,1.0,0.2407774511157
Q8WU17,Q8WU17,1.0,0.30503124070229276
Q8WU17,O15503,1.0,0.3899152387003671
P63244,Q16665,1.0,0.5605360137394733
P63244,Q9P126,1.0,0.07490668016182138
Q8N448,P49757,1.0,0.3346441888541127
Q8N448,Q9UKL4,1.0,0.5472690577710204
Q6PCD5,P04637,1.0,0.38433272560120574
Q6PCD5,Q06609,1.0,0.38685755325091337
Q9NPC3,P14635,1.0,0.15816240043035695
Q9NPC3,Q9NPC3,1.0,0.07690862650923722
Q12899,Q14653,1.0,0.45781350034942697
Q12899,P37275,1.0,0.49580492332010917
Q9P2P5,O15350,1.0,0.07750236721264617
Q9P2P5,P20700,1.0,0.23006154823401873
Q8NCQ5,P08183,1.0,0.2902655768067849
Q8NCQ5,Q9UJA2,1.0,0.23026960874714592
O60337,O60337,1.0,0.22216679410876744
O60337,Q14534,1.0,0.30291821675915037
Q09472,P04637,1.0,0.0
Q09472,Q01094,1.0,0.0
Q9Y314,P19235,1.0,0.29628121950185177
Q9Y314,P67775,1.0,0.32402925004572936
Q9UKT6,Q49AN0,1.0,0.14790783880223043
Q9UKT6,Q16526,1.0,0.3741352442001422
Q8NHM5,Q16777,1.0,0.0
Q8NHM5,P01100,1.0,0.0
Q9P253,Q9NYY3,1.0,0.07694979720285958
Q9P253,Q9NZ52,1.0,0.5399951773396733
Q06587,P0C0S8,1.0,0.3036228997930191
Q06587,Q9H4L7,1.0,0.6817312950090538
Q99675,Q5T9L3,1.0,0.3063566827849086
Q99675,P00533,1.0,0.24052308048177637
Q9Y4X5,O60573,1.0,0.15366441161964187
Q9Y4X5,Q14190,1.0,0.25086143970476615
Q9C026,Q9C026,1.0,0.22562335397219213
Q9C026,P50552,1.0,0.23040655527668807
Q8IWV8,P0C0S8,1.0,0.35719800206422936
Q8IWV8,Q16777,1.0,0.3571682472710229
O15164,P04637,1.0,0.30431791949877374
O15164,Q13114,1.0,0.3775741795727992
Q9C0C9,O94992,1.0,0.22806431619077625
Q9C0C9,P50539,1.0,0.2263240969106345
Q9Y3C5,Q9Y3C5,1.0,0.07118908787222675
Q9Y3C5,Q9HAU4,1.0,0.08881238852314145
Q9C029,Q04206,1.0,0.3210589938705093
Q9C029,Q9HCU9,1.0,0.3189008756568255
Q86Y01,Q13233,1.0,0.3845738578034421
Q86Y01,Q86Y01,1.0,0.0
Q7Z6E9,P67809,1.0,0.38386149632066885
Q7Z6E9,Q8NAP3,1.0,0.45964482589226263
Q96Q27,P21333,1.0,0.337509231584199
Q96Q27,O75369,1.0,0.3014435303725661
Q9UBN7,O14757,1.0,0.07634593324584989
Q9UBN7,P08151,1.0,0.2408934329958797
Q9C040,P07196,1.0,0.30871892909264664
Q9C040,O43521,1.0,0.30814458183187055
Q9H000,P04637,1.0,0.689181280408509
Q9H000,O00425,1.0,0.23164739572034326
Q8WXH4,P04843,1.0,0.37914548971886114
Q8WXH4,Q13323,1.0,0.15297763976562917
Q86Y13,P04908,1.0,0.15412038856792748
Q86Y13,P54253,1.0,0.30074491239756995
Q99728,Q15018,0.0,0.5873994300657943
Q99728,Q9Y2X7,0.0,0.29991650318752566
Q99728,P58876,0.0,0.1478463638301918
Q99728,Q13309,0.0,0.22294282605800425
Q15386,Q15008,0.0,0.07577655182257681
Q15386,P62195,0.0,0.14878166321776862
Q15386,O94776,0.0,0.15146317173945748
Q15386,Q12965,0.0,0.07530165954977777
Q6PJ69,Q9H9V4,0.0,0.3855198407245772
Q6PJ69,Q6PK04,0.0,0.23059350636526937
Q6PJ69,Q8IWZ5,0.0,0.15189236808592702
Q6PJ69,Q9HCJ0,0.0,0.5389918286933417
Q9NYG5,Q9UJ04,0.0,0.07567975321647029
Q9NYG5,Q86YS7,0.0,0.1550530008925731
Q9NYG5,Q6UW88,0.0,0.0
Q9NYG5,Q494R4,0.0,0.0
Q9UKT8,Q13616,0.0,0.062104660032410275
Q9UKT8,P49427,0.0,0.1615660478618408
Q9UKT8,P10242,0.0,0.3901074921547201
Q9UKT8,P63208,0.0,0.15039343263701535
Q75N03,P12931,0.0,0.07468586262766741
Q75N03,P60953,0.0,0.0753874065047785
Q75N03,P27348,0.0,0.0
Q75N03,P35222,0.0,0.4688084165193558
O95628,O00167,0.0,0.22879103699353784
O95628,P01106,0.0,0.40260294568290106
O95628,Q9NX47,0.0,0.22920303573806142
O95628,Q96DU9,0.0,0.38223106581545774
Q8IWR1,Q96DX7,0.0,0.2290851211548193
Q8IWR1,Q5M7Z0,0.0,0.22892057126585957
Q8IWR1,P29590,0.0,0.4460121275984084
Q8IWR1,Q6ZN06,0.0,0.23110687439819202
Q9P2J3,Q13618,0.0,0.29004774463240646
Q9P2J3,Q7L5N1,0.0,0.22925951964266894
Q9P2J3,Q8NBE8,0.0,0.3066754400747216
Q9P2J3,O95235,0.0,0.4513559957039973
O94972,Q8IYF1,0.0,0.4620977318956416
O94972,P53618,0.0,0.30510814629815247
O94972,Q13114,0.0,0.31397307656835177
O94972,Q9H5Z6,0.0,0.3088006353714725
Q6PCT2,P14373,0.0,0.5356193795514046
Q6PCT2,P11441,0.0,0.15679271307369028
Q6PCT2,Q9HCS7,0.0,0.15343879929759469
Q6PCT2,Q66K89,0.0,0.15253837292423905
Q9Y577,Q9UBF1,0.0,0.3845382824794875
Q9Y577,Q9Y4E8,0.0,0.36791200298730614
Q9Y577,Q96ST3,0.0,0.5422804101986383
Q9Y577,Q9Y4I1,0.0,0.228365571165216
Q8WY64,P18146,0.0,0.3019004232718824
Q8WY64,Q9UNQ2,0.0,0.22852389695269948
Q8WY64,P04035,0.0,0.5637657472242266
Q8WY64,Q13332,0.0,0.32375497532215086
Q9UK99,P84022,0.0,0.23439525255056812
Q9UK99,Q15797,0.0,0.23789457488802906
Q9UK99,Q9H5Q4,0.0,0.07713959174345843
Q9UK99,Q9UF56,0.0,0.15250509581994479
P36406,Q8TBB1,0.0,0.22350855530056715
P36406,Q15438,0.0,0.5060179623947696
P36406,P40692,0.0,0.14778395464090668
P36406,Q9UJY4,0.0,0.299129983077339
Q86T96,P10912,0.0,0.3050909997401858
Q86T96,Q96EQ0,0.0,0.30582574999890316
Q86T96,Q3MIT2,0.0,0.38527201182195275
Q86T96,Q8N4F7,0.0,0.0
Q9H0F5,O15350,0.0,0.4558638812634027
Q9H0F5,Q99932,0.0,0.1538067830724356
Q9H0F5,Q6ZMZ0,0.0,0.22962518195206144
Q9H0F5,Q15464,0.0,0.37714912563445513
Q8TCJ0,O43929,0.0,0.3114994082696644
Q8TCJ0,Q9NPB8,0.0,0.23323136765730068
Q8TCJ0,Q9UBF9,0.0,0.5018972815376617
Q8TCJ0,Q13509,0.0,0.4665209012486006
Q9UMS4,Q96RN5,0.0,0.3316395640512352
Q9UMS4,O95232,0.0,0.4591343442145324
Q9UMS4,Q9HCG8,0.0,0.38807292862121
Q9UMS4,O60506,0.0,0.6183401535035769
A8MQ27,P21941,0.0,0.15153555848147174
A8MQ27,Q96GK7,0.0,0.22583219917511627
A8MQ27,Q9Y6R0,0.0,0.22707501521976364
A8MQ27,O00602,0.0,0.0
Q8TDB6,Q96LR5,0.0,0.3037846486341551
Q8TDB6,Q969T4,0.0,0.30289039214574115
Q8TDB6,Q712K3,0.0,0.3112743125242218
Q8TDB6,Q8IXQ6,0.0,0.46208416640750277
Q5VTR2,Q71DI3,0.0,0.5056566732826248
Q5VTR2,Q9UBU8,0.0,0.2742339849420623
Q5VTR2,P61956,0.0,0.3811630915533287
Q5VTR2,Q16777,0.0,0.3750538469897919
O75150,P08238,0.0,0.14610468700325177
O75150,Q86VS8,0.0,0.07642385622358745
O75150,Q5VTR2,0.0,0.46579834211046683
O75150,Q9UPT9,0.0,0.30582850274495343
Q8NFZ0,P19387,0.0,0.15058415176606135
Q8NFZ0,Q8N3C0,0.0,0.31001783096765817
Q8NFZ0,Q04671,0.0,0.3048438988300622
Q8NFZ0,Q5T890,0.0,0.5397388949391375
P15918,P55895,0.0,0.23104191522477985
P15918,Q16778,0.0,0.460651377301962
P15918,Q16777,0.0,0.5361840601681156
P15918,P46108,0.0,0.308652562949529
Q8ND25,P09681,0.0,0.0
Q8ND25,Q5VYS4,0.0,0.0
Q8ND25,P84101,0.0,0.07490190433501681
Q8ND25,Q5T953,0.0,0.2998217841555079
Q16531,P18858,0.0,0.3048543975245436
Q16531,Q8N8U2,0.0,0.4361106693039683
Q16531,Q9Y297,0.0,0.44646631353847743
Q16531,P15170,0.0,0.2892052222131778
Q7Z419,Q5VVX9,0.0,0.14650500563994698
Q7Z419,Q9NPD8,0.0,0.1472585837999323
Q7Z419,Q15388,0.0,0.1517850014925189
Q7Z419,Q99942,0.0,0.07223155259014673
Q5VTB9,Q969T4,0.0,0.1509523222474971
Q5VTB9,Q96LR5,0.0,0.1506213578102833
Q5VTB9,Q99884,0.0,0.3157813772773279
Q68DV7,Q76N89,0.0,0.16352467455251118
Q68DV7,Q9UGL1,0.0,0.0
Q68DV7,Q969T4,0.0,0.304984067234722
Q9P0P0,Q96D15,0.0,0.07508608565272183
Q9P0P0,O94888,0.0,0.07399653039122514
Q9P0P0,Q9C0J8,0.0,0.3077049355647083
P21580,Q9Y6K9,0.0,0.29577924904376546
P21580,Q04206,0.0,0.1550596807495495
P21580,P08238,0.0,0.07094841668143913
Q9H469,Q13617,0.0,0.15071654142228283
Q9H469,Q9UKT8,0.0,0.38546628176416065
Q9H469,Q8TF61,0.0,0.07541282578247782
Q9H992,P52735,0.0,0.3803880253204277
Q9H992,O75351,0.0,0.3114182106480537
Q9H992,P55072,0.0,0.3804412440251739
Q8TEB1,Q8N6M9,0.0,0.14911550496835213
Q8TEB1,Q9ULC5,0.0,0.30648815130427104
Q8TEB1,P78371,0.0,0.1416261601906906
Q8IYM9,Q93009,0.0,0.4452638108270459
Q8IYM9,P40305,0.0,0.3860845744714791
Q8IYM9,Q9NYJ8,0.0,0.5828151524037516
Q8N2H9,P14778,0.0,0.30952136381292455
Q8N2H9,Q9NRM2,0.0,0.30009079646981385
Q8N2H9,O43318,0.0,0.3777904088429293
Q9UPN9,P83916,0.0,0.13991015106685728
Q9UPN9,Q9BWW4,0.0,0.2728147046123412
Q9UPN9,P81877,0.0,0.2056084645398744
Q96GF1,Q9UMX0,0.0,0.07248536983593455
Q96GF1,O14818,0.0,0.0
Q96GF1,Q99623,0.0,0.0
Q96LD4,Q08116,0.0,0.07758794509627581
Q96LD4,Q86XD8,0.0,0.3082902627557448
Q96LD4,Q14690,0.0,0.38689635691158086
Q14669,O15198,0.0,0.23022109898638046
Q14669,Q8IYW5,0.0,0.22976488049170163
Q14669,Q7RTS3,0.0,0.3080124108805617
Q96D59,Q9H6Y7,0.0,0.0
Q96D59,O00220,0.0,0.2547644014186621
Q96D59,Q8N7E2,0.0,0.07629919708705056
Q7Z569,Q9BYV6,0.0,0.3082187428437329
Q7Z569,P62256,0.0,0.15141311272625965
Q7Z569,P38398,0.0,0.4043284733310672
Q9BZY9,O43765,0.0,0.5295880970126161
Q9BZY9,Q9Y6N5,0.0,0.31233006032549715
Q9BZY9,O95872,0.0,0.3853969875048352
Q13263,Q8TAQ5,0.0,0.07449608399164209
Q13263,Q15047,0.0,0.0
Q13263,P01106,0.0,0.07754875823306104
O94952,Q9NS73,0.0,0.4624988649751247
O94952,Q969U6,0.0,0.15330889783820795
O94952,Q8TB52,0.0,0.22614682036508643
Q96A61,Q9BSJ1,0.0,0.23192005763600446
Q96A61,I1YAP6,0.0,0.2382572193947099
Q96A61,Q13049,0.0,0.5366449649398675
Q6UWE0,Q86UV6,0.0,0.46383666400435525
Q6UWE0,P48443,0.0,0.5388313722299627
Q6UWE0,Q9NPR9,0.0,0.5397934502070038
Q9NW38,Q04771,0.0,0.292802833888635
Q9NW38,Q14469,0.0,0.1524454209822349
Q9NW38,Q6PJP8,0.0,0.3827302146161337
P09936,Q86XD8,0.0,0.07824623437957517
P09936,P25788,0.0,0.0
P09936,Q16352,0.0,0.07532268934895543
Q76N89,Q68DV7,0.0,0.23005391035014944
Q76N89,P51571,0.0,0.3860293727996273
Q76N89,P0C2W1,0.0,0.384399448989132
Q96JP5,P01100,0.0,0.0739419418179933
Q96JP5,Q15287,0.0,0.14981085447268694
Q96JP5,P49450,0.0,0.219262990980913
Q8N8N0,Q9NRX6,0.0,0.0
Q8N8N0,Q8TF05,0.0,0.1567606352988199
Q8N8N0,Q8NBV8,0.0,0.1553113585461055
Q6Q0C0,Q99759,0.0,0.6219656019478564
Q6Q0C0,Q7L0R7,0.0,0.5345480646007256
Q6Q0C0,Q13617,0.0,0.3642659031118223
Q9H3F6,Q9UJP4,0.0,0.3825362681881895
Q9H3F6,Q693B1,0.0,0.2330719558706092
Q9H3F6,P0C869,0.0,0.23110727037415071
Q9BRZ2,O75688,0.0,0.4601410863096598
Q9BRZ2,Q7RTR2,0.0,0.22783397641060052
Q9BRZ2,Q14258,0.0,0.464523150937208
Q9UK97,Q8WZ04,0.0,0.2308123035597526
Q9UK97,Q5XUX1,0.0,0.23131282641666193
Q9UK97,P35998,0.0,0.22348056782186
Q9HCI7,Q9H4A3,0.0,0.5116187519950635
Q9HCI7,Q71DI3,0.0,0.15313463515782474
Q9HCI7,P61981,0.0,0.07516883219297713
Q9NS56,P23246,0.0,0.30072579606721156
Q9NS56,Q96ST3,0.0,0.2313609187126281
Q9NS56,Q92466,0.0,0.2153755994478605
Q8N9I9,Q7Z713,0.0,0.07845822680043694
Q8N9I9,Q8NGY2,0.0,0.0778874812950507
Q8N9I9,Q99466,0.0,0.2752250328134341
Q9BY78,Q9H892,0.0,0.07612921270547451
Q9BY78,Q86UU1,0.0,0.3046562076748263
Q9BY78,P23443,0.0,0.30221706405675636
P41002,O75792,0.0,0.4634210806347259
P41002,Q9NVP2,0.0,0.39033500567953716
P41002,Q9BWU1,0.0,0.5384251408516753
O15151,Q6UWE0,0.0,0.2901685927612476
O15151,P31749,0.0,0.5318928779002841
O15151,P61981,0.0,0.37629138832609205
Q9UF56,Q92609,0.0,0.23043726230186232
Q9UF56,Q5SQQ9,0.0,0.15119994097309972
Q9UF56,O60682,0.0,0.22677677200201424
O95376,Q96T37,0.0,0.30321362410630937
O95376,Q9H211,0.0,0.4916871461680896
O95376,O75352,0.0,0.45902976734259227
Q9P2N7,P51784,0.0,0.3592913827061399
Q9P2N7,Q8IVD9,0.0,0.15280173296805105
Q9P2N7,Q7L5N1,0.0,0.15375192175565647
O75382,O75382,0.0,0.2294368117390423
O75382,O43707,0.0,0.46329969422184575
O75382,Q9NQ84,0.0,0.3824191327795338
Q9UJT9,O14818,0.0,0.6152022977030837
Q9UJT9,Q15910,0.0,0.4376070643772682
Q9UJT9,Q99436,0.0,0.459326600339632
Q9BZR9,Q99680,0.0,0.23365459323961452
Q9BZR9,Q5W0U4,0.0,0.38523123734247544
Q9BZR9,O15198,0.0,0.15710331418405452
O14508,P06213,0.0,0.23183946189740207
O14508,P04054,0.0,0.0
O14508,P08069,0.0,0.21707758811781225
P53804,P01106,0.0,0.0
P53804,Q8TAE6,0.0,0.15040484789373143
P53804,P56557,0.0,0.1498737099548276
Q6VVB1,P08238,0.0,0.14587666808312766
Q6VVB1,Q99250,0.0,0.3254494262510445
Q6VVB1,Q16690,0.0,0.46054551978156416
Q8WV16,Q15291,0.0,0.3851822939083902
Q8WV16,Q16576,0.0,0.38414474678611604
Q96M94,Q8WXH4,0.0,0.07659076698898999
Q96M94,P21675,0.0,0.2313285841909922
Q99619,Q9GZQ3,0.0,0.07457103620154179
Q99619,Q9UNE2,0.0,0.0
P37231,P61812,0.0,0.2970332479952035
P37231,Q13547,0.0,0.22032538723244494
Q9P2E8,Q8WXB4,0.0,0.38408115143836763
Q9P2E8,Q9BVQ7,0.0,0.2736384485466534
Q9ULV8,Q9NR46,0.0,0.30971829598827133
Q9ULV8,Q9Y5K6,0.0,0.23039487114071028
Q5T6F0,Q5M8T2,0.0,0.2303369668079784
Q5T6F0,Q9Y3I1,0.0,0.3047228799228564
Q9NZS9,Q14790,0.0,0.39318136371606627
Q9NZS9,Q6P996,0.0,0.23268495178101875
Q9ULT8,Q9P2Y5,0.0,0.0
Q9ULT8,O00399,0.0,0.0
O43567,Q9H920,0.0,0.23069160271572758
O43567,Q9Y2U9,0.0,0.23012129160523204
O60784,Q00610,0.0,0.06969478767724069
O60784,Q96G25,0.0,0.309441530983223
Q53GT1,Q8TEL6,0.0,0.3042035707291392
Q53GT1,Q6IQ16,0.0,0.07770621112746298
Q8TEL6,Q96CF2,0.0,0.14938493585685697
Q8TEL6,Q15628,0.0,0.2887062260048608
O00635,Q8TDB6,0.0,0.6131201502674067
O00635,Q13263,0.0,0.44070867590328683
Q9BVG3,P12757,0.0,0.4539884306404159
Q9BVG3,Q9Y3M9,0.0,0.45349928784839555
P35869,P48552,0.0,0.3043250247979495
P35869,O14980,0.0,0.2821462463781825
Q8NG06,P42262,0.0,0.38425099517787303
Q8NG06,Q8NG92,0.0,0.30353754034728575
Q7Z6M2,O00571,0.0,0.07700419339084047
Q7Z6M2,Q13616,0.0,0.06396201302856089
Q9HCM9,P51965,0.0,0.14874840545111265
Q9HCM9,Q96HC4,0.0,0.5387543907922261
Q9UH77,O60506,0.0,0.30971839635666365
Q9UH77,Q8N9I0,0.0,0.37981961288335075
P50876,Q96PX1,0.0,0.1536041624040668
P50876,Q9BZE1,0.0,0.2292779331155652
Q9H4M3,P62877,0.0,0.15257224512076528
Q9H4M3,O14545,0.0,0.3102268043327344
Q8N2W9,P50748,0.0,0.2294547973162749
Q8N2W9,P15884,0.0,0.3015874625846463
Q9C037,O95235,0.0,0.37208782102218924
Q9C037,Q8NFF2,0.0,0.2280964992531231
Q96JY6,Q9UHC7,0.0,0.22513204748168902
Q96JY6,Q8IWW6,0.0,0.0
Q9UKT7,P41002,0.0,0.1387024853680068
Q9UKT7,P78371,0.0,0.2780905521253921
O75159,P24394,0.0,0.38140267800808464
O75159,Q15369,0.0,0.15076559139162032
Q8WU17,O95487,0.0,0.3813435012257221
Q8WU17,Q15369,0.0,0.3103621548251673
P63244,P08069,0.0,0.2922420968652192
P63244,Q9HC52,0.0,0.38350617623397015
Q8N448,Q2KHN1,0.0,0.23588788379730455
Q8N448,Q13555,0.0,0.2310566603487711
Q6PCD5,P27694,0.0,0.46375796451338236
Q6PCD5,Q969T4,0.0,0.2299937421236236
Q9NPC3,O94842,0.0,0.07603327259197197
Q9NPC3,Q9BT92,0.0,0.07533323728667808
Q12899,Q01860,0.0,0.0780355678774506
Q12899,Q14142,0.0,0.1517268228105281
Q9P2P5,Q712K3,0.0,0.4656796882874937
Q9P2P5,Q13322,0.0,0.22892890536632585
Q8NCQ5,P49711,0.0,0.2977219830818703
Q8NCQ5,Q9UJW3,0.0,0.308061039075201
O60337,Q70CQ3,0.0,0.38420564781590283
O60337,Q99541,0.0,0.22793115288093205
Q09472,Q969S2,0.0,0.0
Q09472,Q96GM5,0.0,0.0
Q9Y314,P29474,0.0,0.2811011846727119
Q9Y314,P61956,0.0,0.2343599187588831
Q9UKT6,Q01151,0.0,0.38617288928406374
Q9UKT6,Q9H2C8,0.0,0.23063900501251242
Q8NHM5,Q15910,0.0,0.22112030181326248
Q8NHM5,Q13185,0.0,0.0
Q9P253,O15400,0.0,0.07539748199577823
Q9P253,Q9H270,0.0,0.449633780855749
Q06587,Q93009,0.0,0.37051070643603234
Q06587,Q9BYE7,0.0,0.21745415954954866
Q99675,Q9NPH2,0.0,0.07638273075080297
Q99675,Q96DX4,0.0,0.1556116916501026
Q9Y4X5,Q15050,0.0,0.3116636880715273
Q9Y4X5,P52735,0.0,0.3091712653039843
Q9C026,P60880,0.0,0.07846185961904621
Q9C026,P51948,0.0,0.3029901649839421
Q8IWV8,P78371,0.0,0.19481433571177306
Q8IWV8,Q04323,0.0,0.345862867172969
O15164,O15164,0.0,0.4893733326936411
O15164,Q9HC52,0.0,0.15233835967015763
Q9C0C9,Q96BH1,0.0,0.0
Q9C0C9,Q99829,0.0,0.0
Q9Y3C5,Q13619,0.0,0.07502008029968171
Q9Y3C5,Q9UNN5,0.0,0.316705815660149
Q9C029,Q8N6Q3,0.0,0.1519445290471691
Q9C029,O15226,0.0,0.07683557242602439
Q86Y01,Q13283,0.0,0.07574143086929776
Q86Y01,P49757,0.0,0.23670743864021765
Q7Z6E9,P49760,0.0,0.2302362499591521
Q7Z6E9,P00738,0.0,0.38296928894773363
Q96Q27,Q15370,0.0,0.23118115377023285
Q96Q27,P08238,0.0,0.20673657652565128
Q9UBN7,P33778,0.0,0.0
Q9UBN7,P14618,0.0,0.1524613029586376
Q9C040,Q9BSL1,0.0,0.4707572578461735
Q9C040,Q969T4,0.0,0.15416074116665807
Q9H000,P49841,0.0,0.5217952288915656
Q9H000,Q5T447,0.0,0.4617733624696332
Q8WXH4,Q9UI17,0.0,0.15230060207820945
Q8WXH4,P25208,0.0,0.07696523261962027
Q86Y13,Q99496,0.0,0.07607673286686754
Q86Y13,O14796,0.0,0.22903726531967908
P82912,P24928,0.0,0.3607881418984659
Q9Y6B2,P38398,0.0,0.32574134744083033
Q9H211,P16104,0.0,0.3024813659008313
P0CG48,P03372,0.0,0.3805732813137336
Q8NFZ5,Q15386,0.0,0.382539807332676
P54821,O75155,0.0,0.3074052200677416
Q6IAA8,O15169,0.0,0.1871880222647235
P81605,Q8NEB9,0.0,0.1490743046982992
Q14240,Q8NDV7,0.0,0.4677979831408319
Q15418,P07355,0.0,0.22093066997094804
P35568,P19320,0.0,0.28997724282798093
Q5RL73,Q9NRY4,0.0,0.38274498632266807
Q96RU7,O95997,0.0,0.0
P12268,Q9NQW6,0.0,0.1851818654536404
Q9NSV4,O75496,0.0,0.22952114578390415
Q12769,P14635,0.0,0.15259638231109227
Q16651,Q9NP62,0.0,0.23020203044961
P04062,P24864,0.0,0.5349213765101087
O43623,O96020,0.0,0.2345113367581875
O75928,P35548,0.0,0.1477422566586635
Q09472,P12830,0.0,0.0
Q9UHG3,Q93070,0.0,0.3883953117120655
O95466,Q14247,0.0,0.3063971122387401
P26038,P07355,0.0,0.1513197786625223
Q09472,O95628,0.0,0.0
P23396,P41229,0.0,0.38676714026159864
P36402,P46937,0.0,0.4020450372104216
Q4LDG9,Q96T37,0.0,0.23052884557687897
Q99525,O75367,0.0,0.0827740812424827
P01033,P60484,0.0,0.3294195202373847
O95476,P35813,0.0,0.15322599181207586
P12524,P04637,0.0,0.38924246038611976
P0DN86,Q6PGQ7,0.0,0.23952903556473662
Q14565,P14635,0.0,0.30428454667118093
Q7Z434,Q96GD4,0.0,0.1567963538326677
P19793,P17676,0.0,0.15792076642016625
O43502,O94972,0.0,0.46130971866013776
O75604,Q12933,0.0,0.4714155212369783
P04626,O15105,0.0,0.22133734049283058
Q68CJ9,Q9Y4K3,0.0,0.30194563061333557
Q6IQ22,P63000,0.0,0.1507120280704672
P51449,Q01638,0.0,0.30800910428974154
O75093,P60953,0.0,0.30618564083714533
Q14344,P43699,0.0,0.3083171816139183
Q09472,Q14653,0.0,0.0
Q9Y4K3,Q9Y577,0.0,0.2295899530086256
P53350,Q07820,0.0,0.39149035656160075
Q8NF99,Q9Y5A6,0.0,0.07565301011262039
Q14114,Q8WY64,0.0,0.307294426007685
P31749,P01130,0.0,0.154220968817103
P07359,Q14114,0.0,0.5388906560338638
P21579,P98155,0.0,0.07601970466902402
O75821,Q9H2X6,0.0,0.44877196866383057
Q4G0X9,Q09472,0.0,0.3245417322775167
Q8NF50,Q9NXK8,0.0,0.07488503514700481
Q9Y2X8,Q9HCE7,0.0,0.1485860830498062
P51617,Q9Y4K3,0.0,0.13966778965413257
Q6PIZ9,P36406,0.0,0.0
P12931,P04637,0.0,0.3868342027359414
Q9NR97,Q9Y6K9,0.0,0.07256323695778077
Q96S42,O95409,0.0,0.15496514149418367
P16885,P08134,0.0,0.0782251630934593
P15088,Q9NYY3,0.0,0.15311743762845342
Q9UBP4,O95388,0.0,0.07638174366106956
Q9BVP2,P04637,0.0,0.3035449542489118
P0DML3,P29350,0.0,0.07618767468765482
P48735,Q01196,0.0,0.5608039119287299
Q68G74,Q86U70,0.0,0.38458912663049033
Q9Y6N8,P19419,0.0,0.23352118453839021
O95936,O96004,0.0,0.1543793451384138
O00470,P52952,0.0,0.6141805671885423
Q02078,P61371,0.0,0.07501803458128517
P83876,O43395,0.0,0.0763580798228953
P49321,P15927,0.0,0.3055161527520453
O95932,P27694,0.0,0.15335311486222877
Q8WXA3,P67809,0.0,0.5392447000030239
P08138,Q9UNE0,0.0,0.3734721763771803
Q8NFY4,Q9NR61,0.0,0.3788133802411705
Q15465,Q9NYJ7,0.0,0.0745834996776325
Q13635,O00548,0.0,0.0
Q86Y01,Q8TDB6,0.0,0.07628351404030109
Q96JM7,P62805,0.0,0.3844065970696148
P01009,Q13501,0.0,0.3610539647999442
Q9UER7,P06899,0.0,0.19936099589029985
Q16576,Q96A08,0.0,0.1514845143320893
Q14781,P62807,0.0,0.3102444959646567
P09651,Q9UQ80,0.0,0.3076914228002511
O75478,Q16778,0.0,0.3087852525310371
O94782,Q16778,0.0,0.3818857533419418
Q99880,Q96A08,0.0,0.07269828546832591
Q99747,Q16623,0.0,0.07891170304521769
Q2TB18,Q9UQ80,0.0,0.2297652012130995
Q9UNH7,Q8NFZ0,0.0,0.29741825940177785
O60664,P84077,0.0,0.3111823858111467
P38398,Q06609,0.0,0.5401372247696261
Q9UNH5,P30153,0.0,0.07387985622673976
Q6ZW05,P15918,0.0,0.305101569591623
P38398,P52292,0.0,0.3834083519672289
P38398,P52294,0.0,0.4352742537621176
Q99496,Q16695,0.0,0.5851195751002182
Q6SZW1,Q8ND25,0.0,0.23056902299366014
Q15027,P31749,0.0,0.3873111458941651
P16615,Q03135,0.0,0.0
P14625,P00533,0.0,0.3669513583958444
P49789,O15350,0.0,0.4299227542510754
P48556,Q92905,0.0,0.07276077808985394
Q99878,O00482,0.0,0.07763132579029271
P17081,O75909,0.0,0.151898013657351
Q7LG56,P38936,0.0,0.3792808151589324
Q96KP4,O60294,0.0,0.3843982504755328
Q15365,P06748,0.0,0.15960155536461454
P18850,Q07812,0.0,0.2315447867175332
Q96DS6,Q5VTB9,0.0,0.07676848797348404
Q08999,O75182,0.0,0.22825207880998544
Q13263,Q96ST3,0.0,0.07244603248171015
Q7RTP6,Q9ULX6,0.0,0.4610679920553677
P04626,Q68DV7,0.0,0.29316134451695847
Q9C0E4,Q13467,0.0,0.07882530466555965
Q99933,Q9P0P0,0.0,0.15178226712076148
O60759,P08514,0.0,0.22877256998103354
P26439,P03372,0.0,0.45338284554109953
Q8TEL6,Q13546,0.0,0.3029561831351708
P51617,P21580,0.0,0.14103203180518695
Q13114,Q9NR96,0.0,0.2245569636553982
Q13951,Q9HCE7,0.0,0.14992747837326642
Q96H55,O00308,0.0,0.4705243708474715
Q99496,Q9HAU4,0.0,0.24186787303568946
Q8N806,Q9H992,0.0,0.15151958762549242
Q16555,P10636,0.0,0.33795851667859056
Q969T4,Q00987,0.0,0.2650499942449255
Q9UPN9,Q13263,0.0,0.07714106172271988
P52657,Q17RS7,0.0,0.2299983955570415
P55211,Q16236,0.0,0.154050225671269
P42224,Q8IYM9,0.0,0.07170075330198561
Q9BZS1,P19838,0.0,0.3162880103854737
O14669,Q14653,0.0,0.3105728717927173
O15263,P51617,0.0,0.23500721073179234
P29965,Q9Y4K3,0.0,0.24935804136235018
P55211,O43353,0.0,0.46273751596056706
O75928,Q13485,0.0,0.38891128416787196
Q9UGI6,Q9H6R0,0.0,0.37371880033961197
O75461,P35222,0.0,0.537388577563293
Q8TBJ5,Q12981,0.0,0.3882284241779951
P55317,P13569,0.0,0.482772835975553
P40938,O14641,0.0,0.25901294990086365
P08758,Q13485,0.0,0.43607571801409584
Q15653,P04637,0.0,0.3817801096488894
P01229,Q12906,0.0,0.20188661642343544
Q15052,Q8N6T3,0.0,0.3830648237630519
Q9BZ72,Q969G3,0.0,0.31159826079821046
P23769,P35712,0.0,0.15247501623371945
O43521,Q07817,0.0,0.07339940436342278
Q4VNC1,P05026,0.0,0.07580627931149359
O14920,O14763,0.0,0.38216759893327573
P41271,Q9UNH5,0.0,0.0
Q13489,Q9Y4E8,0.0,0.5318761521883995
Q6UWZ7,Q7Z569,0.0,0.2297137788145634
P47974,Q9BZY9,0.0,0.15152191415324245
P52292,Q96P20,0.0,0.38262292107782636
P35354,O43318,0.0,0.3222138776492901
P16402,P04637,0.0,0.37280005359041735
O14798,Q92985,0.0,0.3046892677957112
P53778,Q13131,0.0,0.3071288986513902
P51148,Q9Y6B2,0.0,0.0
P49356,P08183,0.0,0.2955385284478378
P60709,P24468,0.0,0.3603842361965405
Q05655,P35813,0.0,0.3796068831840835
Q12929,Q06124,0.0,0.5324136765564678
P11021,Q12933,0.0,0.3833610916707232
P51148,Q99816,0.0,0.0
Q5GH70,P00519,0.0,0.17842967045105976
Q9H354,Q05086,0.0,0.07679563882084522
P53350,Q9BXW9,0.0,0.181544799397284
Q6U736,Q9NVI1,0.0,0.07580957115249877
Q15915,P35222,0.0,0.5331136698489526
Q13485,Q16637,0.0,0.21748322430439904
Q96EZ4,Q14247,0.0,0.4653115161829639
Q7Z7H5,P11021,0.0,0.2573983772961881
Q9Y608,O14640,0.0,0.382029282898175
P22083,Q15361,0.0,0.4534901937457393
O15520,Q13485,0.0,0.16904541628515982
Q7L9L4,Q99558,0.0,0.42195133037526295
O75290,P52597,0.0,0.15037359719081145
P27986,Q14457,0.0,0.16046129359777841
Q96JC1,Q7L523,0.0,0.45995609389454
O95376,Q15382,0.0,0.30666488642161477
P00533,O95859,0.0,0.30544058081064995
Q9Y4K3,Q6Q0C0,0.0,0.4594596937177522
P49768,P04637,0.0,0.3892877794553964
P15923,O43474,0.0,0.23940029050381734
Q92619,P62745,0.0,0.15133605396860028
Q9H4B4,Q8IW35,0.0,0.07614190909316994
Q5T2D2,Q8IUC6,0.0,0.2829027065137881
Q96P20,Q86WV6,0.0,0.4387054337469882
Q13263,P08670,0.0,0.14277305640823068
P37198,O00422,0.0,0.23327668184784042
P08238,O43156,0.0,0.232595099016909
Q9NVR5,Q9Y4R8,0.0,0.07872508668632935
Q9NY43,Q9H2A3,0.0,0.07775460862832931
P16104,P62807,0.0,0.0
O75626,P04637,0.0,0.36782958809196026
Q9Y6E7,Q16778,0.0,0.07839613329342841
P08247,Q99801,0.0,0.15358637813303047
P29965,P04637,0.0,0.4594836034091747
Q00597,P16104,0.0,0.3026322385343683
Q5TEU4,Q8N9I9,0.0,0.2367101488931147
Q9Y6C5,Q04721,0.0,0.4702484908621058
P06899,P13010,0.0,0.36635146649229006
P17844,Q13501,0.0,0.3029248983870828
Q09472,Q14653,0.0,0.0
P35221,Q86WV6,0.0,0.23967606700611177
Q92698,P31350,0.0,0.46026268516552143
Q9BT17,O43303,0.0,0.4576449079350465
Q8WXQ8,Q99741,0.0,0.2440433122324254
P10914,Q00987,0.0,0.28562956593641803
P56704,P04637,0.0,0.4496076828277279
O60563,P38936,0.0,0.461480054335557
Q96AY2,Q9BX63,0.0,0.30955174761716353
P35813,O14867,0.0,0.40068169916524815
O00295,Q9UMX1,0.0,0.22377209319498204
P14373,O95376,0.0,0.39036887898090983
P78504,Q99684,0.0,0.3606905958044149
P35228,Q15653,0.0,0.23234887912188956
P0DP58,Q6PGQ7,0.0,0.1633781588488767
P30281,P14635,0.0,0.24443952832173302
Q9UL12,Q96GD4,0.0,0.23484872524377284
P28906,Q5VSY0,0.0,0.1541174282103465
Q13541,Q14457,0.0,0.0
Q9Y5S9,P04637,0.0,0.45225476805967907
O95718,O14965,0.0,0.3827673706623526
P54707,P12931,0.0,0.4657022291812082
O95935,O95863,0.0,0.5310481549732265
O43734,O43318,0.0,0.39737166736344526
O75928,O15524,0.0,0.14984923845753037
P09471,P03372,0.0,0.4507943713601537
P05013,O15524,0.0,0.0
O14543,P10912,0.0,0.07827721066712902
Q9Y4K3,O14543,0.0,0.14971767708495204
P02545,Q9Y243,0.0,0.3016430019765825
O75914,P31749,0.0,0.4594932945192893
P08238,P31751,0.0,0.45857418687921153
Q8IZD0,Q9UQK1,0.0,0.1563731201053265
Q9Y450,B3EWF7,0.0,0.38182589868675726
Q93098,O14641,0.0,0.26215087081819194
Q96NR3,Q9NRC1,0.0,0.305118249628705
Q9ULP0,Q96CV9,0.0,0.4378715686459226
P10415,Q15173,0.0,0.1531719591642849
Q4G148,Q99708,0.0,0.46688567372786527
Q13425,P35228,0.0,0.3914318893587658
Q7Z7C7,P60321,0.0,0.161201786384371
P61088,Q04206,0.0,0.28554900914672315
P01112,P15941,0.0,0.43297695577369705
Q08722,P01730,0.0,0.5564764526331957
O60447,P01911,0.0,0.44556186168444184
P12272,P12931,0.0,0.2569568837508044
Q96TA1,P00533,0.0,0.45281552576781986
Q13421,P43357,0.0,0.0
P43365,P43360,0.0,0.38168622067605906
Q9BXR0,P55061,0.0,0.45871619726842244
P62820,P01135,0.0,0.0
P49757,O60331,0.0,0.29492989340748127
Q99496,O95863,0.0,0.44936020700658724
O95297,O43567,0.0,0.22646676368036506
O14617,O95295,0.0,0.0
O43293,Q15742,0.0,0.30570879121148115
A0A1B0GVG4,Q99741,0.0,0.14819180396373757
Q8IX90,P53350,0.0,0.5189528634565986
Q96QD5,O75140,0.0,0.23037293548283225
Q8IWV8,P01106,0.0,0.19881221220917752
P19875,P19838,0.0,0.2039561701007162
Q9C040,O00635,0.0,0.6157195615949584
Q96QP1,Q9Y4K3,0.0,0.23555566911481504
Q9Y3M9,Q9BVG3,0.0,0.0
Q06187,Q9H257,0.0,0.4608583185972538
O75448,P03372,0.0,0.30645944767902167
P34972,P37231,0.0,0.2396374489044978
Q6PEY2,O43237,0.0,0.30389620873009754
Q8N7M0,O14576,0.0,0.1515042578758427
Q9Y676,P67809,0.0,0.5364881133877586
Q96EH3,O00303,0.0,0.2441862544246932
Q92800,Q96BY2,0.0,0.23828297604924653
Q99801,P04637,0.0,0.4642892543265889
P20138,Q9H4A3,0.0,0.5957775128872458
O60294,Q96J92,0.0,0.39205278975649627
P99999,P00533,0.0,0.3049147570030528
Q16613,P54652,0.0,0.24755963212396412
Q9NYX4,P38398,0.0,0.2612338224845316
O43526,Q9UPW8,0.0,0.22878856102642942
Q09472,P25490,0.0,0.0
Q09472,P14921,0.0,0.0
Q9UL33,O95786,0.0,0.368963597130808
H3BTG2,Q7Z2W7,0.0,0.2279263572773732
Q15306,Q04206,0.0,0.19550191365439865
Q8IUE1,P42224,0.0,0.14726877431123053
Q9Y478,Q49AN0,0.0,0.0727185125887405
P30154,Q16526,0.0,0.37065293031736474
Q14790,P00533,0.0,0.29138008700913826
P63316,P42224,0.0,0.2838702527990902
Q9NYU2,Q8WU17,0.0,0.1539288072418204
Q96MT1,O15503,0.0,0.23974244746973392
Q92993,Q16665,0.0,0.5402574613567839
P13726,Q9P126,0.0,0.15226326176954813
Q96BI3,P49757,0.0,0.3901491442320931
P28482,Q9UKL4,0.0,0.07444310156660905
Q16877,P04637,0.0,0.46086500693005356
Q8NBS3,Q06609,0.0,0.22867321898225876
P46531,P14635,0.0,0.0
Q9HCK8,Q9NPC3,0.0,0.0
Q13263,Q14653,0.0,0.0
Q3ZCU0,P37275,0.0,0.6139194202822464
P0CG48,O15350,0.0,0.3068113719337609
P06899,P20700,0.0,0.0
Q12908,P08183,0.0,0.36210921195053386
Q9NRW7,Q9UJA2,0.0,0.23115215053036436
Q9NX47,O60337,0.0,0.1331265932677637
Q8NBP7,Q14534,0.0,0.30605125991757554
Q9HCE1,P04637,0.0,0.3070843501465372
P38398,Q01094,0.0,0.38455558539113543
Q9NSE2,P19235,0.0,0.07509304463065018
Q9HAB8,P67775,0.0,0.25748489650840284
P68400,Q49AN0,0.0,0.29324254937654337
Q9UHM6,Q16526,0.0,0.15701092107851689
P42574,Q16777,0.0,0.44807844058144236
O75531,P01100,0.0,0.0
Q14247,Q9NYY3,0.0,0.15631050265447138
P01106,Q9NZ52,0.0,0.14699896422492584
Q16778,P0C0S8,0.0,0.0
Q92797,Q9H4L7,0.0,0.1556035089009231
P34925,Q5T9L3,0.0,0.15300407613480418
P0DML2,P00533,0.0,0.3081535518030343
P51114,O60573,0.0,0.14820229436644833
Q13153,Q14190,0.0,0.1707169605081286
A1L453,Q9C026,0.0,0.15419602433564264
P51617,P50552,0.0,0.14080558370841836
Q12888,P0C0S8,0.0,0.6216538332854511
Q8NCD3,Q16777,0.0,0.5502965872644483
P30556,P04637,0.0,0.39031752610636866
Q9BYX4,Q13114,0.0,0.5298667575963488
P09661,O94992,0.0,0.23131262557825094
P80217,P50539,0.0,0.0
Q9C0C9,Q9Y3C5,0.0,0.22848571105507137
Q5VTR2,Q9HAU4,0.0,0.1512246438853369
P17535,Q04206,0.0,0.3086882106360235
P52566,Q9HCU9,0.0,0.15994383908819204
Q12933,Q13233,0.0,0.4622791957676912
Q86UW9,Q86Y01,0.0,0.1452038008528796
Q06520,P67809,0.0,0.6160228883864106
P07204,Q8NAP3,0.0,0.3814894204400781
P18564,P21333,0.0,0.28345990583640146
P05556,O75369,0.0,0.369801948510245
Q7Z589,O14757,0.0,0.3100611428660437
Q9HBX8,P08151,0.0,0.24117278855411117
Q9NYX4,P07196,0.0,0.15475843655944999
Q13323,O43521,0.0,0.0
P40227,P04637,0.0,0.31038792645381175
P01733,O00425,0.0,0.15459763332107684
P14625,P04843,0.0,0.3043716753728375
P62995,Q13323,0.0,0.0
Q9Y265,P04908,0.0,0.5314344164150461
O43432,P54253,0.0,0.3688004149692887
