E3,Substrate,label,LR
Q9Y297,Q15653,1.0,0.2907065080062277
Q9Y297,Q00653,1.0,0.6076011884541107
Q9Y297,Q9UKT4,1.0,0.8770504307757071
Q9Y297,P30291,1.0,0.6136328465136135
Q9Y297,Q53EL6,1.0,0.6495122174660477
Q9Y297,P55036,1.0,0.6043371124886577
Q9Y297,Q00987,1.0,0.43253247956667673
Q9Y297,Q8NF37,1.0,0.7405582882788353
Q9Y297,Q76N32,1.0,0.8180614869330971
Q9Y297,P10912,1.0,0.29193071244238616
Q9Y297,P35226,1.0,0.570090959679369
Q9Y297,P02751,1.0,0.9986855248069835
Q9Y297,Q15717,1.0,0.48021697047734774
Q9Y297,P12830,1.0,0.7180450306781895
Q9Y297,Q14494,1.0,0.785825855907796
Q9Y297,Q10589,1.0,0.395927759820453
Q9Y297,P42574,1.0,0.5893169258943226
Q9Y297,P15260,1.0,0.6410723923676666
Q9Y297,Q8N907,1.0,0.3259911951565786
Q9Y297,Q13009,1.0,0.45601163128635813
Q9Y297,Q92538,1.0,0.6311357249238209
Q9Y297,P02786,1.0,0.7374837229722424
Q9HCE7,Q15797,1.0,0.8410534473260046
Q9HCE7,O95947,1.0,0.7965546424441583
Q9HCE7,Q9UMX0,1.0,0.28790821042375075
Q9HCE7,Q9P270,1.0,0.3485392826965367
Q9HCE7,Q9H6K1,1.0,0.6629937786357304
Q9HCE7,Q8N8V4,1.0,0.5026367141642166
Q9HCE7,O76080,1.0,0.4058215172992076
Q9HCE7,Q8N0X7,1.0,0.5512208503690647
Q9HCE7,Q96C92,1.0,0.4253127320779398
Q9HCE7,Q9H8M7,1.0,0.5493911806143167
Q9HCE7,Q15642,1.0,0.5509290440987079
Q9HCE7,Q9BSL1,1.0,0.7325349031095391
Q9HCE7,Q7KZI7,1.0,0.5531024988953502
Q9HCE7,P07332,1.0,0.761019939360021
Q9HCE7,Q15750,1.0,0.4884589822615812
Q9HCE7,Q9BZV1,1.0,0.495976630587668
Q9HCE7,Q5BJF6,1.0,0.2886233504839028
Q9HCE7,Q9UKE5,1.0,0.4774119998346359
Q9HCE7,Q15726,1.0,0.5311052124843096
Q9HCE7,P60484,1.0,0.5551119846055246
P46934,P43405,1.0,0.39562629140756367
P46934,O95999,1.0,0.4492866477948826
P46934,P46531,1.0,0.5208466914788963
P46934,O75113,1.0,0.6976677749062783
P46934,P07550,1.0,0.35960066318333217
P46934,Q5MJ70,1.0,0.23383108115459825
P46934,P17302,1.0,0.2809213047172832
P46934,Q01959,1.0,0.8391018245174231
P46934,Q9UKG1,1.0,0.8728152322004361
P46934,Q6PJG6,1.0,0.5715995974911672
P46934,P31751,1.0,0.6266798478381177
P46934,O15399,1.0,0.2250883163735392
P46934,P01111,1.0,0.4456996021548228
P46934,Q9H4B6,1.0,0.627537292533842
P46934,P25116,1.0,0.5236178741314044
P46934,Q13501,1.0,0.3765269918772606
P46934,P98170,1.0,0.45706866076108577
P46934,O75473,1.0,0.45989751418961206
P46934,O15431,1.0,0.6600615499498208
Q9UNE7,Q99933,1.0,0.3839638524953361
Q9UNE7,P29474,1.0,0.1473932662511953
Q9UNE7,Q9UM73,1.0,0.6478614952194852
Q9UNE7,Q86WG3,1.0,0.5149287357444332
Q9UNE7,O00141,1.0,0.34689051867467
Q9UNE7,P53355,1.0,0.25447278938896334
Q9UNE7,P37840,1.0,0.4023765753936645
Q9UNE7,Q5S007,1.0,0.17097413830952876
Q9UNE7,Q01196,1.0,0.6035979700913437
Q9UNE7,Q16665,1.0,0.5362103306583514
Q9UNE7,Q9Y697,1.0,0.7403191572271595
Q9UNE7,P60321,1.0,0.28436616363793743
Q9UNE7,Q8WY41,1.0,0.3260684931018946
Q9UNE7,Q00613,1.0,0.6493301325446371
Q9UNE7,P54252,1.0,0.5709876508361394
Q9UNE7,O75460,1.0,0.6405208114380746
Q9UNE7,O15079,1.0,0.24025530917421947
Q9UNE7,Q7Z434,1.0,0.5206225282031847
Q00987,Q16665,1.0,0.5608966521250752
Q00987,P49407,1.0,0.4696330894129665
Q00987,P08069,1.0,0.5535005198169866
Q00987,Q16778,1.0,0.535717802608757
Q00987,P25098,1.0,0.6249149662977752
Q00987,P14316,1.0,0.4446100508915783
Q00987,Q08499,1.0,0.7739493369778843
Q00987,P18847,1.0,0.5215116637854338
Q00987,O15273,1.0,0.2756714561291368
Q00987,P41181,1.0,0.39671548336165086
Q00987,O95863,1.0,0.427229350520104
Q00987,Q15466,1.0,0.27557791445095914
Q00987,P24522,1.0,0.20831555139697466
Q00987,P46695,1.0,0.5197202737303449
Q00987,P35637,1.0,0.4812081876575736
Q00987,P49137,1.0,0.5129918675254248
Q96J02,P00533,1.0,0.7591825305886636
Q96J02,O95999,1.0,0.45232241436623605
Q96J02,Q16630,1.0,0.10774592285514618
Q96J02,Q96J02,1.0,0.3511455628956691
Q96J02,Q7Z434,1.0,0.5922085313420097
Q96J02,P20963,1.0,0.6702869589092812
Q96J02,O15519,1.0,0.4221839506853195
Q96J02,Q9Y371,1.0,0.32926047199462055
Q96J02,Q13546,1.0,0.6658489239081273
Q96J02,Q9BTU6,1.0,0.7496717653095437
Q96J02,Q12778,1.0,0.6915120480274548
Q96J02,O43294,1.0,0.6654135947521466
Q96J02,P15056,1.0,0.7025004422018912
Q13309,Q9H211,1.0,0.6736004944565022
Q13309,Q99607,1.0,0.46516599706989037
Q13309,Q08999,1.0,0.6821931116691275
Q13309,P50616,1.0,0.37100158438928965
Q13309,P04637,1.0,0.7343040272051621
Q13309,O00233,1.0,0.36033466757431376
Q13309,P31751,1.0,0.6138177617760769
Q13309,O60934,1.0,0.46179689388218875
Q13309,P20248,1.0,0.43051936829724863
Q13309,P38398,1.0,0.8489624218204578
Q13309,Q99801,1.0,0.5229604113324444
Q13309,Q8WWM9,1.0,0.44190179557181897
Q13309,P49715,1.0,0.3902530823951688
P22681,P12931,1.0,0.37416579616757
P22681,P43405,1.0,0.3422324870984
P22681,P09769,1.0,0.5905378482011538
P22681,P17948,1.0,0.9625046488225237
P22681,P48736,1.0,0.4328192330958349
P22681,Q14155,1.0,0.32044169726982913
P22681,P04085,1.0,0.48740254934884897
P22681,P22607,1.0,0.543084031950287
P22681,P29322,1.0,0.8991376054189603
P22681,P42229,1.0,0.30157805368008506
P22681,P06127,1.0,0.3705196889034927
P22681,P27986,1.0,0.4197918500514655
Q969H0,P49768,1.0,0.3739007517241661
Q969H0,Q13490,1.0,0.7343386803661941
Q969H0,O96020,1.0,0.4267971383249153
Q969H0,Q71F56,1.0,0.4093263388772114
Q969H0,Q9Y2Y9,1.0,0.49708362653825633
Q969H0,P11388,1.0,0.8014241826511875
Q969H0,P49716,1.0,0.3892819867130692
Q969H0,Q07820,1.0,0.34875976917681933
Q969H0,Q49AN0,1.0,0.7104845423566517
Q969H0,Q15233,1.0,0.5506377019968661
Q969H0,Q13950,1.0,0.6370317159410481
Q969H0,Q9H0K1,1.0,0.7676775186798493
O60260,Q9Y6H5,1.0,0.7901850467409527
O60260,P24864,1.0,0.7341904693378507
O60260,P21860,1.0,0.7012011025041761
O60260,P53667,1.0,0.203634213447732
O60260,P55036,1.0,0.6621206335622823
O60260,Q8IWA4,1.0,0.5754435730523481
O60260,P54252,1.0,0.6745568478294963
O60260,Q07812,1.0,0.5499415177063414
O60260,Q9UNN5,1.0,0.35366148622066895
O60260,P14635,1.0,0.4590800297499035
O60260,Q96QK1,1.0,0.558437004451085
O60260,Q07817,1.0,0.3035164828811535
Q96PU5,Q99250,1.0,0.9482886428292586
Q96PU5,P51170,1.0,0.3013714628549791
Q96PU5,P37173,1.0,0.48213769726017786
Q96PU5,Q96QD8,1.0,0.561933443182975
Q96PU5,Q07912,1.0,0.47155725489091754
Q96PU5,O14964,1.0,0.5997465736934402
Q96PU5,Q6PJG6,1.0,0.5381818430915912
Q96PU5,Q96D31,1.0,0.25706045123575644
Q96PU5,Q6UUV7,1.0,0.3029070270265559
Q96PU5,P33527,1.0,0.6663943108409607
Q96PU5,O15527,1.0,0.6218673081495627
Q9UM11,P53350,1.0,0.5155596966216242
Q9UM11,P04183,1.0,0.3221959470011996
Q9UM11,Q9NQW6,1.0,0.2624939900042837
Q9UM11,Q02363,1.0,0.6419392276384158
Q9UM11,Q9BXS6,1.0,0.3620853151643921
Q9UM11,P14635,1.0,0.4095104867925557
Q9UM11,P45984,1.0,0.6315602970430911
Q9UM11,Q15004,1.0,0.2775977212435897
Q9UM11,O00716,1.0,0.45990186652124737
Q9UM11,O60566,1.0,0.3350539684561606
Q9UM11,P23760,1.0,0.7352367106903417
O43791,P35226,1.0,0.5010848489324725
O43791,P10070,1.0,0.7447698867911284
O43791,Q16828,1.0,0.6020303895138691
O43791,Q49A26,1.0,0.8085823964511886
O43791,Q12834,1.0,0.18505247428105656
O43791,Q15059,1.0,0.5164205556913122
O43791,P24864,1.0,0.6198511305518296
O43791,Q12906,1.0,0.2836846555158529
Q8IUQ4,P43146,1.0,0.22382456423773817
Q8IUQ4,P35222,1.0,0.420875984147726
Q8IUQ4,O75525,1.0,0.5686859661471404
Q8IUQ4,P49757,1.0,0.4087113485793787
Q8IUQ4,Q9HB71,1.0,0.31720743479449853
Q8IUQ4,O00472,1.0,0.3279359276053168
Q8IUQ4,Q6IE81,1.0,0.49838379020974444
Q8IUQ4,Q9Y243,1.0,0.5340505865253041
O43255,Q12933,1.0,0.4620510467543969
O43255,Q9Y6H5,1.0,0.7566367923341515
O43255,O15379,1.0,0.2596391921572953
O43255,Q9P212,1.0,0.7416664065385454
O43255,O43597,1.0,0.3132044937676389
O43255,Q13625,1.0,0.5331654862693128
O43255,Q9BQF6,1.0,0.883192935079542
Q9HAU4,Q9Y3C5,1.0,0.608791214462973
Q9HAU4,Q9HCE7,1.0,0.21725479365259
Q9HAU4,P00533,1.0,0.7403552069370047
Q9HAU4,Q13950,1.0,0.6586072418834097
Q9HAU4,Q9Y297,1.0,0.423496311955454
Q9HAU4,Q15910,1.0,0.40779509846656226
Q9Y4K3,P34932,1.0,0.6573312770411835
Q9Y4K3,Q13352,1.0,0.3544131869769167
Q9Y4K3,Q13568,1.0,0.15785555208667365
Q9Y4K3,P31751,1.0,0.5101709503482535
Q9Y4K3,Q9BXM7,1.0,0.149391268568782
Q9Y4K3,P35222,1.0,0.3427467796883305
Q9UKB1,O15111,1.0,0.429523357545054
Q9UKB1,P17181,1.0,0.5289749087239461
Q9UKB1,O00444,1.0,0.6763422194136799
Q9UKB1,Q13127,1.0,0.4282882525967197
Q9UKB1,Q8IYD8,1.0,0.6172783385102093
Q9UKB1,O14503,1.0,0.6194397442519367
Q05086,P33993,1.0,0.2471696870694269
Q05086,Q12959,1.0,0.6106653635110485
Q05086,P26045,1.0,0.24164635280890748
Q05086,P46527,1.0,0.632251453296727
Q05086,P54727,1.0,0.4374315857439977
Q05086,Q8WTU0,1.0,0.6453153585064608
Q9H0M0,P37173,1.0,0.43102203925659394
Q9H0M0,Q13950,1.0,0.599567020264355
Q9H0M0,P42566,1.0,0.5280878250945363
Q9H0M0,O95835,1.0,0.5201165726959095
Q9H0M0,P00533,1.0,0.6887717015022093
P98170,Q9NR28,1.0,0.3028127172060507
P98170,O14618,1.0,0.495009705891709
P98170,P60484,1.0,0.5067089486419557
P98170,Q14790,1.0,0.4333898044113767
P98170,O43353,1.0,0.5310297686847915
Q13490,Q12933,1.0,0.42354792146428727
Q13490,Q9Y6D9,1.0,0.19679851166089002
Q13490,Q9Y572,1.0,0.5699307109112977
Q13490,P42574,1.0,0.5652461804187758
Q13490,Q14164,1.0,0.7953767988658078
P38398,P16104,1.0,0.3736492205296751
P38398,P24928,1.0,0.897080717912815
P38398,Q13133,1.0,0.18333137981363465
P38398,P30307,1.0,0.18613265083385366
P38398,P14859,1.0,0.6349728099703377
Q8NHY2,Q13330,1.0,0.7085503964359414
Q8NHY2,Q53ET0,1.0,0.5490709321006242
Q8NHY2,P35222,1.0,0.476606748229297
Q8NHY2,P48431,1.0,0.6947736123632959
Q86TM6,P04035,1.0,0.22232191688277494
Q86TM6,O00141,1.0,0.37259811533476117
Q86TM6,O75460,1.0,0.665805400596281
Q86TM6,P31645,1.0,0.728516671243559
Q86TM6,O00327,1.0,0.6107442858667029
O76064,Q96FW1,1.0,0.2942669785304877
O76064,O76064,1.0,0.19534704673212136
O76064,Q9HCU8,1.0,0.3967915379636264
O76064,P35222,1.0,0.40353730532096094
Q13489,O95999,1.0,0.4208235055120816
Q13489,Q13489,1.0,0.6254176796610459
Q13489,O43353,1.0,0.5462072752352468
Q13489,Q92844,1.0,0.8449024452937917
P40337,Q9Y2N7,1.0,0.4774642450975662
P40337,Q9Y2K6,1.0,0.2576704890034411
P40337,Q13309,1.0,0.44992936276935963
P40337,P37231,1.0,0.5343697716042257
Q5T0T0,P79483,1.0,0.4085748715425196
Q5T0T0,P08195,1.0,0.18910072658165994
Q5T0T0,P04233,1.0,0.7073254965911918
Q5T0T0,Q9NZQ7,1.0,0.31366675793782106
Q13049,Q9H9R9,1.0,0.5180006280292331
Q13049,Q86WV6,1.0,0.589868377058782
Q13049,Q12933,1.0,0.503605034414989
Q86YJ5,P01909,1.0,0.35378402757258265
Q86YJ5,Q13291,1.0,0.5969585589589774
Q86YJ5,P31994,1.0,0.6104720913498298
P19474,P46527,1.0,0.5988926880196069
P19474,Q9C035,1.0,0.3596535079868287
P19474,O95863,1.0,0.43955083009892393
P19474,P38936,1.0,0.7256835239655839
P35226,Q99878,1.0,0.5636530765762462
P35226,P20671,1.0,0.6070811082054025
P35226,Q6FI13,1.0,0.5866151231198488
Q12834,P51955,1.0,0.5727196956242814
Q12834,Q07820,1.0,0.37301888127679755
Q12834,Q9Y2T1,1.0,0.4162688796309938
O00308,Q9P2A4,1.0,0.5128170529502141
O00308,P84022,1.0,0.49632299536332075
O00308,O15350,1.0,0.6916930761623403
Q9NZJ0,Q9H211,1.0,0.6476172671904238
Q9NZJ0,O14757,1.0,0.43618037142844357
Q9NZJ0,Q16526,1.0,0.4899211556310284
Q9NVW2,P53667,1.0,0.17103031336271293
Q9NVW2,Q00987,1.0,0.44103900997725043
Q9NVW2,Q9NVW2,1.0,0.37994364793547425
Q969Q1,Q14324,1.0,0.435562803147978
Q969Q1,P05976,1.0,0.4150335581489289
Q969Q1,P25963,1.0,0.5485414305468734
Q8TBB1,Q96BR9,1.0,0.42921576611586293
Q8TBB1,P41595,1.0,0.5386858923237346
Q8TBB1,Q9UKL4,1.0,0.41747970165906495
Q96PM5,P46527,1.0,0.5957923986208952
Q96PM5,Q9Y253,1.0,0.7711151798013727
Q96PM5,Q15717,1.0,0.46605864298301974
Q86YT6,P53355,1.0,0.35019268654314417
Q86YT6,O15078,1.0,0.3091116244403125
Q8NEZ5,O75164,1.0,0.555010282164734
Q8NEZ5,Q00987,1.0,0.4017501823397152
Q8NEZ5,O14867,1.0,0.21614472522270461
Q14258,O95786,1.0,0.5108569687227567
Q14258,Q13330,1.0,0.7147388553350036
Q14258,Q9Y572,1.0,0.639920837756209
Q12933,Q15759,1.0,0.411991150370361
Q12933,O95147,1.0,0.20297468493139187
Q969P5,P15172,1.0,0.42226921615675606
Q969P5,O00303,1.0,0.28390238365909937
Q969P5,O43474,1.0,0.5663668248481774
Q9UKV5,P01009,1.0,0.6585576149196777
Q9UKV5,O95140,1.0,0.6885008268179069
P78317,P78317,1.0,0.23365094494468291
P78317,P08047,1.0,0.6705479601088427
P78317,Q99708,1.0,0.7607377475091259
Q9NX47,P33076,1.0,0.16349924989250217
Q9NX47,Q7Z434,1.0,0.5071717034024582
Q96EP1,Q96EP1,1.0,0.2498421043672027
Q96EP1,Q12824,1.0,0.7078807135493059
Q13191,P00533,1.0,0.7138823236138956
Q13191,P43405,1.0,0.34403841890782333
Q13191,P16234,1.0,0.7363672997118299
Q99496,Q16777,1.0,0.5786799515509822
Q99496,P23921,1.0,0.38241667174258925
Q9H4P4,O60260,1.0,0.357280956188644
Q9H4P4,Q14653,1.0,0.3808552802853787
Q9NTX7,O15169,1.0,0.6231874105845504
Q9NTX7,P18887,1.0,0.5006359921818646
Q9BYM8,P48200,1.0,0.9188789391052192
Q9BYM8,Q14653,1.0,0.538562464801919
Q9BYM8,P17252,1.0,0.8080753631759107
Q8TCQ1,Q30154,1.0,0.66233592517802
Q8TCQ1,P01730,1.0,0.2471547584697922
Q96F44,Q96RN5,1.0,0.6944121615061002
Q96F44,P03372,1.0,0.799332040225157
Q9Y4B6,Q7L590,1.0,0.9068834236245469
Q9Y4B6,P30153,1.0,0.10949347627537921
Q8IYW5,P16104,1.0,0.45973474723725455
Q8IYW5,P08134,1.0,0.5567873117424201
Q96EP0,Q14258,1.0,0.21021672332669183
Q92844,Q8IUC6,1.0,0.6146311238211497
Q92844,Q15759,1.0,0.5616581438795984
Q9UKC9,P49585,1.0,0.6509782497516117
Q9UKC9,Q96P20,1.0,0.7433305733721675
Q8WZ73,Q92851,1.0,0.39416070326547964
Q8WZ73,P13569,1.0,0.7615533684131177
P0C2W1,O95863,1.0,0.5129862038862973
Q9UHC7,Q7Z7B0,1.0,0.19725513352077795
Q9UHC7,P46783,1.0,0.4139904893907829
Q96FA3,Q13114,1.0,0.6668000000917876
Q14145,Q16236,1.0,0.4602828229486416
Q14145,Q13501,1.0,0.25322854207758555
Q99942,Q86WV6,1.0,0.3425871458369137
Q99942,Q14653,1.0,0.23327286289093985
Q96EQ8,Q7Z434,1.0,0.5373086010622218
Q53G59,P14635,1.0,0.45254447487514404
Q53G59,Q92945,1.0,0.5111660089027964
Q6ZNA4,Q15796,1.0,0.8216520626794018
Q96AX9,Q9NR61,1.0,0.46374062767781665
Q96AX9,Q9UHD2,1.0,0.6529889456180872
Q8IYU2,Q8NBJ4,1.0,0.39785499975368727
O60858,P31751,1.0,0.5712561341578001
O60858,O60858,1.0,0.44953463087630774
Q5XUX0,P52564,1.0,0.3581270781347711
P29372,P67775,1.0,0.33816177765779254
Q9UK22,P02765,1.0,0.6859509972686748
Q9UK22,P78324,1.0,0.3498305611075311
P10523,P25963,1.0,0.3022353326939675
Q9BV68,P61073,1.0,0.32734307970514964
Q9BV68,P60484,1.0,0.23986990691578347
O43663,Q96QV6,1.0,0.40219583086649674
Q9Y2M5,O15085,1.0,0.21937909008381065
O15524,P15498,1.0,0.23442290152221404
O15524,Q9Y4H2,1.0,0.37785736561992345
Q7Z6J0,Q9UBP5,1.0,0.5730148365065858
Q8NG27,Q15910,1.0,0.4005931819284938
Q8NG27,Q6PJQ5,1.0,0.5759221466967493
Q969V5,O15350,1.0,0.7210281540997991
Q9NRD1,O75882,1.0,0.8946996151740355
Q8TEB7,P52566,1.0,0.5906840437638675
Q8TEB7,P16070,1.0,0.43915187656353727
Q9Y252,Q04726,1.0,0.49563671686812094
O43164,P10644,1.0,0.48175531437593483
O43164,Q8IVT5,1.0,0.8964549123512714
Q7L5Y6,P04637,1.0,0.5746785793489219
Q969K3,P04637,1.0,0.7328613969666269
P49427,P46527,1.0,0.4917998332020156
Q5XPI4,P46527,1.0,0.6861430906001107
Q5XPI4,O14641,1.0,0.7391804497762516
Q96SW2,Q9H3D4,1.0,0.3564317392802689
Q5T447,Q14790,1.0,0.5080202205696117
P14373,P60484,1.0,0.26631260666087536
Q9H2C0,P46821,1.0,0.9771663606344778
Q9NWF9,Q9NWF9,1.0,0.6940192853312773
Q9NWF9,Q9NR97,1.0,0.19706288232364075
Q9UKA1,Q9BQ15,1.0,0.22346968143534704
Q8N3Y1,Q9BQQ3,1.0,0.8057900027923146
Q9Y4L5,P36888,1.0,0.7639362417209435
O15344,P62714,1.0,0.5118346430849522
Q96PU4,Q8WW12,1.0,0.19508341087852668
Q8WVD3,Q8WVD3,1.0,0.5438271026259076
O95155,P54252,1.0,0.5878617698629032
O95198,Q9H4A3,1.0,0.33188541743913297
Q9NXK8,P49918,1.0,0.33578926240165813
Q13114,Q99558,1.0,0.19063875527607077
Q9BUZ4,Q9HAU4,1.0,0.04649801643891987
Q92466,Q01831,1.0,0.1140477185196598
Q9Y3I1,Q15398,1.0,0.2523231529802943
Q9NS91,Q9NS91,1.0,0.09198409359172958
O14543,Q9Y286,1.0,0.3389325344034531
Q969U6,P49815,1.0,0.3669865156659247
P62877,P23443,1.0,0.09162919429135234
Q96T88,P68431,1.0,0.3215326854176563
Q8WV44,P05771,1.0,0.7529756131803015
Q8N1E6,Q16828,1.0,0.5560552111164406
Q9UKT5,P24385,1.0,0.6693950726204033
Q86XK2,P04637,1.0,0.7568771042523338
Q9NV58,P41180,1.0,0.29373758353871704
Q13233,P27361,1.0,0.2257846231389669
Q9P0N8,P42081,1.0,0.5731714322751198
Q9Y297,Q9Y266,0.0,0.5706217471729047
Q9Y297,Q00839,0.0,0.4466499277150566
Q9Y297,P61978,0.0,0.7928058781453519
Q9Y297,Q9Y2H1,0.0,0.7303315220961395
Q9Y297,O00755,0.0,0.11880312745466756
Q9Y297,Q9UBE8,0.0,0.37273293119973644
Q9Y297,O14757,0.0,0.4574427703096258
Q9Y297,Q9NRD0,0.0,0.45448699770632983
Q9Y297,O75084,0.0,0.29494455406847686
Q9Y297,O75197,0.0,0.9792240821788922
Q9Y297,Q96DU3,0.0,0.45595678773167503
Q9Y297,P67870,0.0,0.2823529620947683
Q9Y297,Q9UKT7,0.0,0.13166674764666986
Q9Y297,Q8IV63,0.0,0.5667199946182957
Q9Y297,P06748,0.0,0.5252511395213353
Q9Y297,P31751,0.0,0.6067073014280159
Q9Y297,P12644,0.0,0.7626783094651891
Q9Y297,Q15418,0.0,0.5509763086096728
Q9Y297,Q13617,0.0,0.38024056490652974
Q9Y297,P68400,0.0,0.698386044107157
Q9Y297,Q9HAU4,0.0,0.05093639022432894
Q9Y297,P62877,0.0,0.3453553262610421
Q9HCE7,O60508,0.0,0.2890077612573407
Q9HCE7,P48059,0.0,0.35340481969805815
Q9HCE7,Q4V328,0.0,0.6911737604364393
Q9HCE7,Q13145,0.0,0.3395557997581757
Q9HCE7,Q9NV06,0.0,0.3488744042357189
Q9HCE7,Q13287,0.0,0.534400896309268
Q9HCE7,Q86UW9,0.0,0.6611499712139389
Q9HCE7,P40337,0.0,0.26162884703167616
Q9HCE7,Q13617,0.0,0.404577016479322
Q9HCE7,Q14139,0.0,0.38760966214983483
Q9HCE7,P22681,0.0,0.7833127662283448
Q9HCE7,Q9Y4X5,0.0,0.09158001828121427
Q9HCE7,Q9NWF9,0.0,0.7435988376346477
Q9HCE7,P08648,0.0,0.7505741312935733
Q9HCE7,Q15366,0.0,0.5731193314023881
Q9HCE7,Q03135,0.0,0.4306612710229871
Q9HCE7,O95352,0.0,0.42552871194812847
Q9HCE7,Q9C0C7,0.0,0.8835064206199444
Q9HCE7,Q13616,0.0,0.241587023937037
Q9HCE7,Q9H461,0.0,0.7807258800580996
P46934,Q96B97,0.0,0.791294775340546
P46934,P30307,0.0,0.335105827988924
P46934,P53350,0.0,0.5248593179251695
P46934,Q3LFD5,0.0,0.3681464899116915
P46934,P62258,0.0,0.28364465342608824
P46934,O15393,0.0,0.6891174573145067
P46934,Q9Y2H9,0.0,0.5683840696056244
P46934,Q8TCC7,0.0,0.6976492928461888
P46934,Q14139,0.0,0.38344263392760664
P46934,Q99835,0.0,0.4807531672929327
P46934,P13473,0.0,0.5580163651127533
P46934,O95600,0.0,0.7237958812701205
P46934,P51787,0.0,0.5674570755671995
P46934,Q9UIC8,0.0,0.22592360914567092
P46934,Q9NZM5,0.0,0.6511356607629689
P46934,Q15369,0.0,0.4229919494137762
P46934,P05161,0.0,0.45047120252287903
P46934,Q9BSK4,0.0,0.17125523598746606
P46934,P39687,0.0,0.3834388417998346
Q9UNE7,Q86YT6,0.0,0.1710098158033324
Q9UNE7,Q13418,0.0,0.2871212963741382
Q9UNE7,O43623,0.0,0.3971960258379826
Q9UNE7,P05067,0.0,0.5147851448290899
Q9UNE7,P32121,0.0,0.34654342657820764
Q9UNE7,Q9UDY8,0.0,0.5137691649991115
Q9UNE7,Q92995,0.0,0.3711827974702653
Q9UNE7,Q4G148,0.0,0.24071562962188256
Q9UNE7,O43318,0.0,0.6160384699982536
Q9UNE7,P68543,0.0,0.277056677682964
Q9UNE7,Q13546,0.0,0.5984242198496882
Q9UNE7,Q8IV36,0.0,0.2275025461954121
Q9UNE7,P55087,0.0,0.3607721160406364
Q9UNE7,P01112,0.0,0.3982889725957998
Q9UNE7,Q9Y6K1,0.0,0.09440671663604734
Q9UNE7,Q8IW03,0.0,0.6455942151414412
Q9UNE7,P49916,0.0,0.6331264750946111
Q9UNE7,P11940,0.0,0.4404040909218782
Q00987,O60502,0.0,0.29858367684227305
Q00987,P18848,0.0,0.681297148727994
Q00987,P61289,0.0,0.303203407433008
Q00987,P07197,0.0,0.29612251959620234
Q00987,Q3YBR2,0.0,0.29322302515382365
Q00987,O94985,0.0,0.2805439457503818
Q00987,P46777,0.0,0.7292999277262885
Q00987,O60934,0.0,0.43116545143361307
Q00987,P46776,0.0,0.39129844877158526
Q00987,Q14676,0.0,0.4410146487693552
Q00987,P02533,0.0,0.6291987391848839
Q00987,O14503,0.0,0.6456352068792083
Q00987,P42226,0.0,0.6235586393447999
Q00987,Q7Z6V5,0.0,0.47936415664074034
Q00987,O15519,0.0,0.37644292319945816
Q00987,P28906,0.0,0.6686895277258879
Q96J02,Q9H0E2,0.0,0.42991466304917403
Q96J02,P49407,0.0,0.517303612319473
Q96J02,P48061,0.0,0.4887580423324887
Q96J02,O95630,0.0,0.3512306137269534
Q96J02,Q12929,0.0,0.7188720113140177
Q96J02,P61313,0.0,0.7124171849681866
Q96J02,P61289,0.0,0.34496849936481355
Q96J02,Q9UNE7,0.0,0.35334566133023226
Q96J02,Q9NZC7,0.0,0.3660455055342741
Q96J02,P17612,0.0,0.6015522193716693
Q96J02,O94888,0.0,0.5255865012084898
Q96J02,Q9NX47,0.0,0.30407861459170826
Q96J02,Q8N9N5,0.0,0.4586177599184366
Q13309,P62877,0.0,0.3521453290823234
Q13309,Q9NVF7,0.0,0.28807725498764736
Q13309,B1ANS9,0.0,0.3204909882668889
Q13309,Q13547,0.0,0.4729666761641431
Q13309,Q13042,0.0,0.29753013332047246
Q13309,Q92995,0.0,0.42471370013796506
Q13309,A0AVT1,0.0,0.4565480122616158
Q13309,Q6P050,0.0,0.5091057384282596
Q13309,Q92905,0.0,0.4305695329824258
Q13309,O95235,0.0,0.4023596593336156
Q13309,P22314,0.0,0.1530379838873175
Q13309,Q9NZM1,0.0,0.14242778296856717
Q13309,Q969H0,0.0,0.26927468571008717
P22681,Q92772,0.0,0.6083244960905413
P22681,Q9GZY6,0.0,0.44661747410734115
P22681,Q13094,0.0,0.4770805490167657
P22681,O75955,0.0,0.7544374491024449
P22681,Q07666,0.0,0.4157115579420962
P22681,P15391,0.0,0.6195280098533671
P22681,O76050,0.0,0.5646605357171602
P22681,Q13671,0.0,0.7698782369379509
P22681,Q06187,0.0,0.4487083142178941
P22681,P52735,0.0,0.30695394916568797
P22681,Q07889,0.0,0.49512683515560113
P22681,P12830,0.0,0.6877569054677887
Q969H0,Q15843,0.0,0.32910010029733655
Q969H0,Q6ZTI6,0.0,0.4102190768316568
Q969H0,P49336,0.0,0.7988892816247326
Q969H0,O95302,0.0,0.7337853554409313
Q969H0,O00148,0.0,0.5578595172064942
Q969H0,Q9UNH5,0.0,0.39210783545316175
Q969H0,O00311,0.0,0.5336013603877492
Q969H0,P31314,0.0,0.3402232559251811
Q969H0,Q9BRS2,0.0,0.2624400484994254
Q969H0,O14818,0.0,0.3612944398179511
Q969H0,Q99816,0.0,0.22195618402768638
Q969H0,Q9UBP5,0.0,0.6457381680083628
O60260,Q13224,0.0,0.5319928132981957
O60260,Q14790,0.0,0.5183836386221643
O60260,P78352,0.0,0.5145442074314477
O60260,P38646,0.0,0.5102500939704794
O60260,Q9BXK5,0.0,0.546895223412415
O60260,Q71U36,0.0,0.24047040162009098
O60260,Q9NV58,0.0,0.46608787057830325
O60260,Q969H0,0.0,0.3145326985171127
O60260,P78371,0.0,0.319727819135323
O60260,Q9HD20,0.0,0.7438260880673818
O60260,P34931,0.0,0.4049520926243167
O60260,Q8N961,0.0,0.2412803749007967
Q96PU5,Q9UHW5,0.0,0.35414271244066087
Q96PU5,O15258,0.0,0.3224855965407437
Q96PU5,Q9UKV5,0.0,0.4510391666625169
Q96PU5,Q92633,0.0,0.20461045097963268
Q96PU5,Q86UV5,0.0,0.050053547315088945
Q96PU5,A5D8V6,0.0,0.3560513125437242
Q96PU5,Q96J92,0.0,0.8332005132403285
Q96PU5,O75436,0.0,0.3504489682768964
Q96PU5,O00487,0.0,0.473762094494435
Q96PU5,Q8N2K1,0.0,0.3264879447121545
Q96PU5,P15382,0.0,0.513956442349659
Q9UM11,Q9UJX6,0.0,0.1763633108270975
Q9UM11,P38606,0.0,0.5726717638192497
Q9UM11,O96017,0.0,0.38517290768455864
Q9UM11,Q9UPT9,0.0,0.6379722850632229
Q9UM11,Q9UNH5,0.0,0.4272681906330185
Q9UM11,Q9BVC4,0.0,0.20734869281489127
Q9UM11,Q86TI4,0.0,0.3157764735484197
Q9UM11,O00311,0.0,0.5695617366298132
Q9UM11,P51959,0.0,0.6312116056037935
Q9UM11,Q8NHZ8,0.0,0.575590937706881
Q9UM11,Q16514,0.0,0.34087406170689294
O43791,P52945,0.0,0.27454448982789964
O43791,P08138,0.0,0.24921749696205003
O43791,Q8IYT4,0.0,0.5409487234576984
O43791,Q9NVR0,0.0,0.24413412223513362
O43791,Q9UMX1,0.0,0.21969802468549107
O43791,Q9Y4K3,0.0,0.518924600124686
O43791,Q9UPQ7,0.0,0.261598037430953
O43791,O43255,0.0,0.39386848006430986
Q8IUQ4,Q9H422,0.0,0.6557543613242338
Q8IUQ4,Q9UHX1,0.0,0.6632781562081643
Q8IUQ4,Q9Y297,0.0,0.4095750598458968
Q8IUQ4,P06748,0.0,0.5100453059239581
Q8IUQ4,P48556,0.0,0.5176373512083621
Q8IUQ4,Q9BQP7,0.0,0.31379485931586243
Q8IUQ4,Q99653,0.0,0.3282430839149652
Q8IUQ4,P49913,0.0,0.5409900179821124
O43255,Q9BYW2,0.0,0.8711011335718305
O43255,Q16236,0.0,0.5965032373945787
O43255,Q9Y6X2,0.0,0.7966975599530393
O43255,O95279,0.0,0.5233110423792896
O43255,Q92993,0.0,0.43938889646140217
O43255,Q9P0P0,0.0,0.5766831984624053
O43255,Q15369,0.0,0.41640867307047497
Q9HAU4,Q8IXM3,0.0,0.34646955844198946
Q9HAU4,Q8NCP5,0.0,0.25073582065360894
Q9HAU4,Q08170,0.0,0.23201995375232048
Q9HAU4,P26641,0.0,0.3072615602811544
Q9HAU4,P10600,0.0,0.24290222356287233
Q9HAU4,Q3LFD5,0.0,0.3478955958426309
Q9Y4K3,Q9NR28,0.0,0.2433629045613683
Q9Y4K3,P61081,0.0,0.2945924783180244
Q9Y4K3,P52564,0.0,0.2784725852697209
Q9Y4K3,P51149,0.0,0.3406637078821141
Q9Y4K3,P49411,0.0,0.34855553868924
Q9Y4K3,P55209,0.0,0.1188402139340591
Q9UKB1,Q96CW5,0.0,0.5173899851226937
Q9UKB1,Q9Y4X5,0.0,0.06891873842039295
Q9UKB1,Q16236,0.0,0.5316108920366553
Q9UKB1,Q9C0D5,0.0,0.11088858070479833
Q9UKB1,P53350,0.0,0.45219270247032
Q9UKB1,Q9UK97,0.0,0.44054377909819004
Q05086,O15126,0.0,0.2831036795865926
Q05086,P46019,0.0,0.2711069146521202
Q05086,Q9H6J7,0.0,0.6526307467198315
Q05086,O14599,0.0,0.49657215558666673
Q05086,Q6ULP2,0.0,0.5900490949825411
Q05086,P54252,0.0,0.6403312032431758
Q9H0M0,P51795,0.0,0.35067516533437076
Q9H0M0,P22314,0.0,0.11942179840007609
Q9H0M0,P22607,0.0,0.5152065898003555
Q9H0M0,Q96CP2,0.0,0.3781018669085288
Q9H0M0,P11474,0.0,0.5042680396522684
P98170,Q9HC29,0.0,0.1497439434538218
P98170,Q8WVN8,0.0,0.38011578129763457
P98170,Q13873,0.0,0.7019882599669519
P98170,P01112,0.0,0.42281820800296765
P98170,Q9UBR2,0.0,0.36774598275768644
Q13490,P54826,0.0,0.22046389598964797
Q13490,Q16763,0.0,0.3602953843681167
Q13490,Q07817,0.0,0.23532950823464915
Q13490,P03372,0.0,0.7337721420705021
Q13490,P21580,0.0,0.6195091604548059
P38398,O60674,0.0,0.8085296219748975
P38398,O60684,0.0,0.2430182706064286
P38398,P24385,0.0,0.35800282029805164
P38398,Q14683,0.0,0.24241495329452503
P38398,P52630,0.0,0.51939129789056
Q8NHY2,Q6ZVZ8,0.0,0.37224878856780097
Q8NHY2,P49593,0.0,0.36989074506357095
Q8NHY2,Q9Y4G6,0.0,0.49610611651827036
Q8NHY2,P25786,0.0,0.3007432404074063
Q86TM6,O00124,0.0,0.38862154867580867
Q86TM6,Q93009,0.0,0.35021420907720774
Q86TM6,P25685,0.0,0.4043577067650856
Q86TM6,P78317,0.0,0.23990846154816003
Q86TM6,P28072,0.0,0.06124221893054559
O76064,Q13416,0.0,0.30450267558394856
O76064,Q5BJH7,0.0,0.3252935473142635
O76064,P61956,0.0,0.4618695009909077
O76064,O75150,0.0,0.4232953603375619
Q13489,Q05195,0.0,0.7046548813998824
Q13489,P15170,0.0,0.39442885021328766
Q13489,Q04323,0.0,0.39739321384139753
Q13489,Q93008,0.0,0.0990216594956844
P40337,Q9P031,0.0,0.4467547195366126
P40337,Q9BRT2,0.0,0.3103701405012503
P40337,Q969H8,0.0,0.4379394287078879
P40337,P20340,0.0,0.4590832651278594
Q5T0T0,Q6AI39,0.0,0.6724801447454367
Q5T0T0,P21802,0.0,0.3173312661107547
Q5T0T0,A0A0B4J235,0.0,0.3329850891363318
Q5T0T0,O75899,0.0,0.33076496741181943
Q13049,P31947,0.0,0.4753116822618455
Q13049,Q9NPJ1,0.0,0.2547664753968664
Q13049,P68543,0.0,0.36787902981828813
Q86YJ5,Q9C029,0.0,0.3749949718151427
Q86YJ5,P51965,0.0,0.3706380884694125
Q86YJ5,Q86UV6,0.0,0.4339188476972034
P19474,Q9HCK5,0.0,0.07745581557117506
P19474,Q13616,0.0,0.21585162801059898
P19474,P07202,0.0,0.1871846278261086
P19474,Q14765,0.0,0.4258183283462519
P35226,Q8IXK0,0.0,0.5413114567336603
P35226,P35226,0.0,0.5377821541916551
P35226,P02533,0.0,0.6205931136994437
Q12834,Q5T280,0.0,0.36240657555868017
Q12834,Q00987,0.0,0.4342513105076641
Q12834,Q8NA23,0.0,0.5007462796301911
O00308,P50552,0.0,0.2914650241157516
O00308,Q15366,0.0,0.5202646288170626
O00308,Q15365,0.0,0.5376925567391202
Q9NZJ0,P43246,0.0,0.6207845668174339
Q9NZJ0,Q8NBT0,0.0,0.3279721900783164
Q9NZJ0,Q13309,0.0,0.524548167436818
Q9NVW2,Q15036,0.0,0.37672799040493987
Q9NVW2,Q96LR5,0.0,0.4806812658555092
Q9NVW2,Q96EC8,0.0,0.6128761348670009
Q969Q1,P17661,0.0,0.43170929554976245
Q969Q1,Q8IXM3,0.0,0.4153737974672347
Q969Q1,P26641,0.0,0.3728165021218721
Q8TBB1,Q15645,0.0,0.40706419828775126
Q8TBB1,P46531,0.0,0.5130006003579115
Q8TBB1,P04637,0.0,0.7388037290133932
Q96PM5,Q13162,0.0,0.3249203963421663
Q96PM5,P08709,0.0,0.28819193424819367
Q96PM5,Q9Y385,0.0,0.34839265039991574
Q86YT6,Q86UV5,0.0,0.06726031135248499
Q86YT6,Q06330,0.0,0.5434913307937332
Q8NEZ5,Q9H0C8,0.0,0.18766524488355305
Q8NEZ5,P15586,0.0,0.09424497805365567
Q8NEZ5,Q08378,0.0,0.8889992844947292
Q14258,P18074,0.0,0.4524869998240328
Q14258,Q96EP0,0.0,0.2978309829182481
Q14258,Q13283,0.0,0.3502616450271829
Q12933,P04350,0.0,0.08008804312827413
Q12933,O14836,0.0,0.2628475887690705
Q969P5,P01308,0.0,0.16165833146133665
Q969P5,P13349,0.0,0.4220353050777943
Q969P5,Q53RE8,0.0,0.27114123318519584
Q9UKV5,P11021,0.0,0.5135022098576866
Q9UKV5,Q00973,0.0,0.3710391743216884
P78317,P20226,0.0,0.5405280517062435
P78317,Q96LR5,0.0,0.4430804156929535
P78317,Q96EP0,0.0,0.23699679300086407
Q9NX47,O94941,0.0,0.420272958908782
Q9NX47,P27824,0.0,0.13921588947583435
Q96EP1,O60885,0.0,0.8837195092694724
Q96EP1,Q86YJ5,0.0,0.49243218838627506
Q13191,Q9ULH1,0.0,0.1276038944692681
Q13191,P46109,0.0,0.5051646543795074
Q13191,Q9Y5K6,0.0,0.6661139989145438
Q99496,P51965,0.0,0.36702784419983986
Q99496,Q969T4,0.0,0.46619222429339224
Q9H4P4,O60925,0.0,0.35204239446955987
Q9H4P4,O14641,0.0,0.6495607960594221
Q9NTX7,P62256,0.0,0.5151509852338182
Q9NTX7,Q7Z3E1,0.0,0.8310330925276931
Q9BYM8,Q8N9V2,0.0,0.8896817788968155
Q9BYM8,Q99504,0.0,0.8790283528501617
Q9BYM8,O15041,0.0,0.8610029663001982
Q8TCQ1,Q8NGX0,0.0,0.5722039650010591
Q8TCQ1,P06213,0.0,0.7687255295004829
Q96F44,Q16670,0.0,0.3799226360833672
Q96F44,Q13501,0.0,0.4208695385269909
Q9Y4B6,P15918,0.0,0.27367160917515465
Q9Y4B6,Q96BY2,0.0,0.3198439433334099
Q8IYW5,P60510,0.0,0.4854352113046346
Q8IYW5,Q6PCD5,0.0,0.16245537858747083
Q96EP0,Q9UK80,0.0,0.07620282150940542
Q92844,Q969V5,0.0,0.30997641509603574
Q92844,Q9Y6K9,0.0,0.33849226164833435
Q9UKC9,O75015,0.0,0.3461020474317079
Q9UKC9,Q9BZY9,0.0,0.14739923170854058
Q8WZ73,Q9NXW2,0.0,0.7345681161415917
Q8WZ73,P31942,0.0,0.47149298825847263
P0C2W1,P55060,0.0,0.6446179833744407
Q9UHC7,Q8N5U6,0.0,0.950425171835767
Q9UHC7,O43567,0.0,0.6394362088366193
Q96FA3,Q8TBE1,0.0,0.5418843244858199
Q14145,Q9NX00,0.0,0.2904570045381098
Q14145,P04040,0.0,0.27887906478466595
Q99942,Q9BUN8,0.0,0.19705453965713304
Q99942,P54252,0.0,0.42273804554373173
Q96EQ8,Q14142,0.0,0.42199453786201085
Q53G59,Q9H190,0.0,0.6086112265976964
Q53G59,P04843,0.0,0.4444785442406781
Q6ZNA4,Q6UWE0,0.0,0.6160977696180212
Q96AX9,Q5VVX9,0.0,0.4737434999443977
Q96AX9,Q9UHQ4,0.0,0.4350016682191092
Q8IYU2,Q68DA7,0.0,0.7140204320299892
O60858,Q13501,0.0,0.3240246143515123
O60858,Q07960,0.0,0.3079156119667012
Q5XUX0,Q6PJ61,0.0,0.28724014987795526
P29372,P20142,0.0,0.332142016872167
Q9UK22,O75106,0.0,0.5706168009211501
Q9UK22,P41002,0.0,0.15789458215600474
P10523,Q9HAP2,0.0,0.9236412758124043
Q9BV68,O60337,0.0,0.12118572253242986
Q9BV68,Q96PU5,0.0,0.15660929736669996
O43663,P62826,0.0,0.23631284744377015
Q9Y2M5,Q9Y4K3,0.0,0.5335224862451117
O15524,P09603,0.0,0.12987468438116093
O15524,P10912,0.0,0.06927502972016986
Q7Z6J0,Q9H0H5,0.0,0.5146000254035215
Q8NG27,Q14807,0.0,0.5944575646022301
Q8NG27,Q8TBB1,0.0,0.3465641074279738
Q969V5,P63165,0.0,0.43791477258556927
Q9NRD1,Q969H0,0.0,0.2614475205321118
Q8TEB7,P60033,0.0,0.2557514473263553
Q8TEB7,Q7L591,0.0,0.5221893908535961
Q9Y252,P05091,0.0,0.3826167855880616
O43164,Q96CS3,0.0,0.234814802474313
O43164,O94888,0.0,0.5238551053456987
Q7L5Y6,P07199,0.0,0.12714448416234844
Q969K3,Q8NFZ4,0.0,0.20997170949048566
P49427,Q9Y385,0.0,0.25982481366801413
Q5XPI4,P33240,0.0,0.9141848872894626
Q5XPI4,Q9UHD8,0.0,0.5220382912320639
Q96SW2,Q9NYL4,0.0,0.24354641692374118
Q5T447,Q14997,0.0,0.6069297507119666
P14373,O43593,0.0,0.42087846260026374
Q9H2C0,P31947,0.0,0.6017573244638184
Q9NWF9,O60602,0.0,0.25678124045797796
Q9NWF9,Q9Y616,0.0,0.23731903320235562
Q9UKA1,Q9H1K6,0.0,0.459712219401374
Q8N3Y1,O14737,0.0,0.24507665879785326
Q9Y4L5,Q9H201,0.0,0.35480798488639587
O15344,Q969T4,0.0,0.47262711001310986
Q96PU4,P04637,0.0,0.6419926722320641
Q8WVD3,Q96B02,0.0,0.3962603494024916
O95155,P18146,0.0,0.5894450763386488
O95198,Q9UBV8,0.0,0.1274242003279377
Q9NXK8,Q9H611,0.0,0.8388726681870409
Q13114,O15399,0.0,0.04964400533630052
Q9BUZ4,P80192,0.0,0.7406921033375751
Q92466,Q16777,0.0,0.6099207821880355
Q9Y3I1,Q7Z6E9,0.0,0.6271657499042556
Q9NS91,Q14527,0.0,0.4866860663934404
O14543,Q16659,0.0,0.07286954485000159
Q969U6,Q92567,0.0,0.370302040794387
P62877,O60662,0.0,0.31519080625320867
Q96T88,P61956,0.0,0.3987467479141435
Q8WV44,Q7Z569,0.0,0.4196174948554638
Q8N1E6,Q13616,0.0,0.1528082207241928
Q9UKT5,Q15843,0.0,0.49244919787160846
Q86XK2,Q16254,0.0,0.2551529097648198
Q9NV58,P08047,0.0,0.624245558205939
Q13233,P04049,0.0,0.2037824876560686
Q9P0N8,O00311,0.0,0.40982606078457817
P11142,Q15653,0.0,7.255713792560422e-07
Q96RE9,Q00653,0.0,3.819548087076716e-15
Q6P9A1,Q9UKT4,0.0,7.110400643215117e-12
Q8IWQ3,P30291,0.0,1.4372169371332113e-06
Q9NS56,Q53EL6,0.0,1.830431569633536e-05
P68543,P55036,0.0,0.1822388832552186
P46782,Q00987,0.0,0.0034036943288978526
Q9BR61,Q8NF37,0.0,0.1555307154627348
Q8N668,Q76N32,0.0,0.0007864480168914648
Q92847,P10912,0.0,9.345288177866352e-06
P51531,P35226,0.0,2.311120958414111e-06
Q02809,P02751,0.0,0.48506386307648913
O14757,Q15717,0.0,0.0017558538912310247
P61224,P12830,0.0,0.0016359613179691651
Q06830,Q14494,0.0,0.13324765977179295
Q9BYJ4,Q10589,0.0,0.359789678653646
Q9UPW6,P42574,0.0,0.0009185482435116949
P01732,P15260,0.0,0.0004837739529570316
Q13705,Q8N907,0.0,8.662152338762904e-05
Q14CB8,Q13009,0.0,0.016466230975820596
Q8WTS1,Q92538,0.0,0.0005696021604168308
O15397,P02786,0.0,1.58680723919233e-06
P48431,Q15797,0.0,0.00018846211190456198
P56704,O95947,0.0,0.00011397799983508878
Q09472,Q9UMX0,0.0,4.591996254502135e-08
Q7L9L4,Q9P270,0.0,0.026927232695248864
Q9BSB4,Q9H6K1,0.0,0.0032961062515174644
Q9NWH9,Q8N8V4,0.0,5.2220428837294185e-09
Q9Y4K3,O76080,0.0,0.2939727860075982
O43597,Q8N0X7,0.0,0.02386265489016032
Q8IWZ3,Q96C92,0.0,0.0010832773744475486
Q4G0A6,Q9H8M7,0.0,0.00010935623005566704
Q9UPY6,Q15642,0.0,0.004516263225260473
Q8NE79,Q9BSL1,0.0,0.13542694284209467
Q9NXV2,Q7KZI7,0.0,0.004247751439837549
P23458,P07332,0.0,0.01611484865714936
Q12933,Q15750,0.0,0.23905644305446902
O60291,Q9BZV1,0.0,1.805467690344611e-05
Q8WUZ0,Q5BJF6,0.0,0.00027551625522991984
Q96Q07,Q9UKE5,0.0,0.17806620582397004
O95229,Q15726,0.0,0.33404030641917054
P41240,P60484,0.0,1.3800668480924222e-05
Q9UID3,P43405,0.0,5.421710629807018e-10
Q9NR28,O95999,0.0,0.004926766282015926
P09629,P46531,0.0,0.056794637623357784
Q8NAX2,O75113,0.0,0.006367883664049927
Q96SR6,P07550,0.0,6.6844005274393465e-06
Q8N8Y5,Q5MJ70,0.0,2.3017165279454297e-05
Q9UBP4,P17302,0.0,0.0013952793502870142
Q9Y261,Q01959,0.0,0.30489440955915903
P35222,Q9UKG1,0.0,9.955693153974344e-09
P11234,Q6PJG6,0.0,0.04348020337339938
P30153,P31751,0.0,0.1912831071735791
P11137,O15399,0.0,1.7145341272880123e-15
Q92750,P01111,0.0,0.00020406327638631877
Q8NI35,Q9H4B6,0.0,1.4898589467410504e-11
Q9Y237,P25116,0.0,0.0014540317828733078
P25445,Q13501,0.0,0.0168156311724689
P05019,P98170,0.0,0.0006710186772330232
O94907,O75473,0.0,0.0005364346278843365
Q8N668,O15431,0.0,0.0003122467732517855
P36406,Q99933,0.0,0.7190723850054231
P11474,P29474,0.0,8.605154850226868e-07
O15524,Q9UM73,0.0,0.28732645290242714
Q92604,Q86WG3,0.0,0.06232595151363951
A6NE01,O00141,0.0,2.214953100969983e-12
Q9UIK4,P53355,0.0,0.006902746892687238
Q9UJY1,P37840,0.0,0.0015972855824038649
Q9NYZ1,Q5S007,0.0,0.0005578701862466762
Q07157,Q01196,0.0,9.805693464449481e-13
P19438,Q16665,0.0,0.00025480142390700697
Q6IPR1,Q9Y697,0.0,0.020818872329773107
O75626,P60321,0.0,5.9511184546659984e-05
Q9NRA8,Q8WY41,0.0,2.563760643775368e-06
Q969U7,Q00613,0.0,0.00616254872948943
P05067,P54252,0.0,0.048374778953631105
A0A0C4DH31,O75460,0.0,0.01728779424076034
Q9UI12,O15079,0.0,0.003869742157879051
Q8IZI9,Q7Z434,0.0,0.49751876859344435
P16104,Q16665,0.0,0.002264478560289314
Q8NH48,P49407,0.0,0.0015853037959791007
O15524,P08069,0.0,0.19735017531885804
O60907,Q16778,0.0,0.00045105789900171345
Q8NGF9,P25098,0.0,4.4951803933566365e-06
P40933,P14316,0.0,0.2086766527493576
Q9P1Y5,Q08499,0.0,3.69860799677481e-05
P99999,P18847,0.0,0.018149054362519786
O00151,O15273,0.0,7.655195513702747e-05
P51800,P41181,0.0,5.731255186394248e-07
P01116,O95863,0.0,0.23313980616633845
P13631,Q15466,0.0,2.0981187789861726e-05
O15240,P24522,0.0,0.0003210188392141457
P22736,P46695,0.0,0.03894648756178551
Q12888,P35637,0.0,0.0013483973953557658
P63104,P49137,0.0,0.19605691228387237
Q9Y316,P00533,0.0,0.0005909072238030129
Q9NWZ3,O95999,0.0,0.17785679694288625
Q04118,Q16630,0.0,1.1950561887379771e-05
Q08AI8,Q96J02,0.0,0.0007929557043805191
P13501,Q7Z434,0.0,0.015505702998790451
Q96E93,P20963,0.0,0.06128236166169166
Q09472,O15519,0.0,8.342758576004349e-08
Q9BUP3,Q9Y371,0.0,0.0002277597218972843
P42574,Q13546,0.0,0.06365092536336893
P78356,Q9BTU6,0.0,0.0004194043079969933
P28300,Q12778,0.0,0.4003321205028585
Q13485,O43294,0.0,0.00678526990019799
Q96QH2,P15056,0.0,7.222874173755378e-05
Q09472,Q9H211,0.0,2.519374702651439e-07
Q13351,Q99607,0.0,1.1645821503979486e-05
Q9UI36,Q08999,0.0,5.213345421568667e-08
Q96PN6,P50616,0.0,0.00011737327976420905
Q14134,P04637,0.0,0.881238292358493
Q08050,O00233,0.0,6.813361015023783e-07
P55201,P31751,0.0,0.21290417766322334
Q9UBT6,O60934,0.0,0.009243823209691797
Q15021,P20248,0.0,2.760147704254281e-07
Q96DB2,P38398,0.0,0.00039521105603819353
Q9UK73,Q99801,0.0,0.16884634886823105
O60291,Q8WWM9,0.0,1.5615355498947546e-05
P38936,P49715,0.0,0.00500831667751575
Q15465,P12931,0.0,0.002333588253709921
Q9HAB8,P43405,0.0,8.225818989348441e-05
P51681,P09769,0.0,6.638353303620022e-06
P20827,P17948,0.0,0.4851012662447181
O95428,P48736,0.0,1.6205991642537775e-07
Q13191,Q14155,0.0,0.32218896464899344
P40238,P04085,0.0,0.8581768310396127
Q13485,P22607,0.0,0.005173383756474694
P51813,P29322,0.0,0.0004679528974309737
Q49AJ0,P42229,0.0,8.421516502670213e-05
P33681,P06127,0.0,0.0015423058135328792
P08700,P27986,0.0,0.06082509246655862
P00395,P49768,0.0,1.0145319681530542e-07
Q9Y4K3,Q13490,0.0,0.6730810442867488
P78504,O96020,0.0,0.12754351608135658
Q8TB22,Q71F56,0.0,1.3698720303106149e-05
Q92793,Q9Y2Y9,0.0,0.3585861455792479
Q9NZR4,P11388,0.0,9.322937796243701e-05
P06858,P49716,0.0,0.04101342473993348
P08133,Q07820,0.0,0.00015099881741828866
P78549,Q49AN0,0.0,0.032504402386906155
Q4V328,Q15233,0.0,1.329389993603358e-05
Q15672,Q13950,0.0,0.0028820280519910955
Q13469,Q9H0K1,0.0,0.003325037951134863
Q92930,Q9Y6H5,0.0,0.03748375122538779
Q8WXE1,P24864,0.0,0.024762113937258013
O14936,P21860,0.0,0.004203639149633219
P01106,P53667,0.0,1.5767610594997872e-05
Q7L5N1,P55036,0.0,0.05707664549085342
P30405,Q8IWA4,0.0,8.237007928431551e-06
Q06587,P54252,0.0,0.019875528731882655
P16871,Q07812,0.0,0.5400391578969089
Q8IWV8,Q9UNN5,0.0,0.00017686023684110886
P33316,P14635,0.0,0.002352029783899942
P26367,Q96QK1,0.0,0.0025487040123431354
P04792,Q07817,0.0,0.0009593439626255997
Q13554,Q99250,0.0,0.9573666764018025
P13569,P51170,0.0,6.789668312273157e-12
P43026,P37173,0.0,3.6366420366380794e-05
P46059,Q96QD8,0.0,9.718107637614974e-07
Q9Y6X5,Q07912,0.0,0.010731304489595412
P30518,O14964,0.0,7.807942432556026e-06
Q8WY36,Q6PJG6,0.0,5.516371585167641e-05
P63244,Q96D31,0.0,0.016821803553361683
P48065,Q6UUV7,0.0,0.00012620360846518373
Q92820,P33527,0.0,0.016411007113185685
Q5VTD9,O15527,0.0,1.4374757544966134e-05
Q8TEW0,P53350,0.0,4.1833472496986135e-07
Q49AM3,P04183,0.0,0.018804891849064885
Q9UHB6,Q9NQW6,0.0,0.11705933018297635
P22004,Q02363,0.0,0.003007720806230617
Q9NYZ2,Q9BXS6,0.0,0.0036080571710490924
P23443,P14635,0.0,0.003136540477797824
Q12933,P45984,0.0,0.37333869581749723
P0DP71,Q15004,0.0,0.0020384444537459357
P51946,O00716,0.0,0.2016364853677319
Q9UHF5,O60566,0.0,0.03700093374368864
Q8N2R0,P23760,0.0,0.023839837431383657
Q06587,P35226,0.0,0.01637245481625115
O00175,P10070,0.0,0.8913422473368491
P51812,Q16828,0.0,0.0007290004528443216
P11310,Q49A26,0.0,3.6456889676257642e-06
Q92665,Q12834,0.0,8.968889173393698e-05
Q9UBU8,Q15059,0.0,0.022334834869316027
Q86WJ1,P24864,0.0,0.87094894351883
P67809,Q12906,0.0,0.4438593121844995
P05106,P43146,0.0,0.00010300703249912721
O75970,P35222,0.0,3.059753784072092e-14
Q8WYK1,O75525,0.0,4.495710930139204e-06
P49721,P49757,0.0,0.005283499212524271
Q13616,Q9HB71,0.0,3.187365560835498e-06
Q86XF7,O00472,0.0,0.49044750182228003
Q9UNX9,Q6IE81,0.0,0.011837888636156618
P51511,Q9Y243,0.0,2.2893618076501046e-07
Q92769,Q12933,0.0,0.0035674043181857253
Q8IYA6,Q9Y6H5,0.0,0.010253835502254697
Q09472,O15379,0.0,4.16474994822852e-08
A0A1W2PPL8,Q9P212,0.0,0.24237300435966738
P40337,O43597,0.0,0.22654547705445874
Q09472,Q13625,0.0,1.356316776743861e-07
P59282,Q9BQF6,0.0,0.038128059745758364
P62837,Q9Y3C5,0.0,0.015534923291320822
Q14596,Q9HCE7,0.0,0.0002879589368959035
P01732,P00533,0.0,0.0007749037807018672
P78367,Q13950,0.0,0.011854146078451023
Q9Y5W5,Q9Y297,0.0,0.0001284483393836499
O60566,Q15910,0.0,0.00070908004133166
Q6R327,P34932,0.0,2.809873741738872e-06
O95425,Q13352,0.0,6.302258936258153e-09
P42224,Q13568,0.0,0.0011049537737554437
Q15119,P31751,0.0,6.33270467573074e-05
Q16665,Q9BXM7,0.0,8.943395844817442e-06
Q6X4U4,P35222,0.0,0.04492194338696379
Q12933,O15111,0.0,0.2522668743978535
Q12933,P17181,0.0,0.33476026283591576
O96017,O00444,0.0,0.023782565050166786
Q6NSX1,Q13127,0.0,0.9646938504295405
Q5U3C3,Q8IYD8,0.0,0.020483571071758307
Q9UQE7,O14503,0.0,2.593687606924046e-06
Q16763,P33993,0.0,0.0002121406787271489
Q9BUH8,Q12959,0.0,0.00015234392320788602
Q9UBC2,P26045,0.0,2.894775846256018e-11
Q8WWK9,P46527,0.0,0.0024506520533614335
P16455,P54727,0.0,0.00040294446504378665
P54727,Q8WTU0,0.0,3.547609715721457e-05
P48431,P37173,0.0,3.864531010899702e-05
Q9NPC8,Q13950,0.0,0.002092408438937202
Q9BXS5,P42566,0.0,0.000155918081184051
Q8NHZ8,O95835,0.0,0.0034756683665536866
Q8N108,P00533,0.0,0.9675764492004356
P04053,Q9NR28,0.0,0.00016413447971768975
P04179,O14618,0.0,0.19231538019003963
Q01201,P60484,0.0,2.5237043809861818e-05
O96017,Q14790,0.0,0.007890343569018807
P02778,O43353,0.0,0.0021181366344018037
P21580,Q12933,0.0,1.7396869040698576e-05
Q96PQ0,Q9Y6D9,0.0,8.186197156138631e-05
Q12933,Q9Y572,0.0,0.34765554982398583
Q15257,P42574,0.0,0.019205704835844738
Q99942,Q14164,0.0,0.6604015621931021
Q53HL2,P16104,0.0,9.640506541791774e-05
Q9H063,P24928,0.0,0.7101519192628711
Q9Y618,Q13133,0.0,2.543543943505658e-07
Q8IV61,P30307,0.0,0.0003117880344898108
P41225,P14859,0.0,0.003627684856457
Q8NDX5,Q13330,0.0,3.0777987894652677e-06
P98177,Q53ET0,0.0,0.00018518371695403664
P55283,P35222,0.0,0.05223134106505041
P17302,P48431,0.0,0.0005468329371609125
P56937,P04035,0.0,0.0034536678039744618
Q00765,O00141,0.0,0.027258852850563925
Q92521,O75460,0.0,0.004339530953326919
P43004,P31645,0.0,7.913047160522741e-05
P46597,O00327,0.0,0.00013431078652979757
Q13485,Q96FW1,0.0,0.0017981200014753
P17643,O76064,0.0,4.0652816941503664e-08
Q15554,Q9HCU8,0.0,0.08997626508492906
P05549,P35222,0.0,0.005245670206343368
P10747,O95999,0.0,0.025430960689965677
O95817,Q13489,0.0,3.650803047392679e-06
Q9H0M0,O43353,0.0,0.48991145949507653
Q13077,Q92844,0.0,0.9746187127488531
Q16790,Q9Y2N7,0.0,0.014892396587391573
Q13873,Q9Y2K6,0.0,1.9619071894545018e-05
Q712K3,Q13309,0.0,0.4274535740242632
P01112,P37231,0.0,0.06964947631116132
Q8TAF8,P79483,0.0,0.0010455005330848274
P61006,P08195,0.0,0.0008218897139894312
P28065,P04233,0.0,0.517705393483602
Q495A1,Q9NZQ7,0.0,0.01039998117307281
Q8WWL2,Q9H9R9,0.0,0.1003854767573765
Q00978,Q86WV6,0.0,0.00036322778149557066
Q15025,Q12933,0.0,0.01252129717266782
Q86YV5,P01909,0.0,0.002087618994490837
P15151,Q13291,0.0,3.390040225438953e-05
P20138,P31994,0.0,7.632753515270754e-05
Q12933,P46527,0.0,0.3624317579521334
Q16531,Q9C035,0.0,3.283876981571581e-05
Q96GD3,O95863,0.0,0.0001596643253631508
Q9NR28,P38936,0.0,0.017927484128373004
Q8WVM7,Q99878,0.0,2.2170145710063375e-11
P29590,P20671,0.0,0.22853749174421248
Q9UQ10,Q6FI13,0.0,0.0013734072893795287
A6NNW6,P51955,0.0,0.002330487168351046
Q96PU4,Q07820,0.0,0.28314030032355963
O14627,Q9Y2T1,0.0,0.0006837321394541561
Q9Y450,Q9P2A4,0.0,0.0015831722765413624
Q2VWA4,P84022,0.0,0.0002796924756709052
P54368,O15350,0.0,0.1547661385397435
Q9UKI8,Q9H211,0.0,0.26411032824088215
P07992,O14757,0.0,0.00037936447671499813
Q9BZC7,Q16526,0.0,1.2651255357701178e-10
O75914,P53667,0.0,4.837888274107797e-05
Q92922,Q00987,0.0,0.003172715889099552
Q9C0B0,Q9NVW2,0.0,7.84493074810491e-10
P48788,Q14324,0.0,0.36244843321597625
P20807,P05976,0.0,0.07869334624293517
Q9UNA0,P25963,0.0,0.03527206091521694
Q8N554,Q96BR9,0.0,0.042555121496138125
Q13255,P41595,0.0,6.110107285123286e-10
P36382,Q9UKL4,0.0,0.00390810120449473
P30279,P46527,0.0,0.7013534734703688
O43543,Q9Y253,0.0,0.3064758026551586
Q9ULM6,Q15717,0.0,1.9555238395754813e-06
P42574,P53355,0.0,0.015331796664513377
Q8NDI1,O15078,0.0,3.2914744303470754e-08
Q9BQC3,O75164,0.0,8.882309462992701e-06
P62913,Q00987,0.0,0.0016359223058725518
P49590,O14867,0.0,5.425413724498487e-05
Q8NBP0,O95786,0.0,0.00013585537187528048
Q8IUE6,Q13330,0.0,0.0003038432697223494
P25445,Q9Y572,0.0,0.0431305413486265
Q9ULV5,Q15759,0.0,1.0597200102932627e-07
Q13085,O95147,0.0,4.4678157984603454e-18
Q14814,P15172,0.0,3.600439881212858e-05
Q2VIR3,O00303,0.0,4.627392528831088e-05
P04004,O43474,0.0,0.16493276955865793
O75396,P01009,0.0,0.06389439212043795
P51965,O95140,0.0,0.09556121465168468
P33993,P78317,0.0,0.0004489024911767841
P29084,P08047,0.0,0.0005539743365079
Q7RTP0,Q99708,0.0,0.060727906357748135
Q09472,P33076,0.0,3.149373391362538e-08
Q14790,Q7Z434,0.0,0.0007630747996485438
Q9BXR5,Q96EP1,0.0,6.839631118629297e-06
Q96QT4,Q12824,0.0,1.1456295750562565e-08
P14618,P00533,0.0,0.001478246772335445
Q6UXB2,P43405,0.0,0.035176901143226684
P15248,P16234,0.0,0.6930546514418698
P23025,Q16777,0.0,0.0016783446259917944
P00338,P23921,0.0,0.00045075170047204684
Q99436,O60260,0.0,0.026249534313315896
P62979,Q14653,0.0,0.00835917687162643
Q15583,O15169,0.0,0.13497795771595578
P38398,P18887,0.0,0.33341049115768184
P08574,P48200,0.0,2.351362275424985e-05
Q8N2W9,Q14653,0.0,0.005785091615620372
O14745,P17252,0.0,0.000403719003014687
O75791,Q30154,0.0,0.0012529430426069358
Q6EBC2,P01730,0.0,0.009283524557263466
O75764,Q96RN5,0.0,0.021900299887893725
Q15629,P03372,0.0,1.0335812190160821e-07
Q8N1A0,Q7L590,0.0,0.0004448165406140485
P40227,P30153,0.0,0.0035489716222766262
P28070,P16104,0.0,1.617641341180222e-05
Q14644,P08134,0.0,1.750210192256344e-05
P49366,Q14258,0.0,6.647440536557588e-05
Q13158,Q8IUC6,0.0,0.010395343878567399
Q02779,Q15759,0.0,5.211401828945082e-05
Q8WWI5,P49585,0.0,0.0003576562945291493
Q9H6R0,Q96P20,0.0,6.703028391025226e-05
O15519,Q92851,0.0,0.9035375932033208
Q8N9N7,P13569,0.0,0.003350230233065999
P60763,O95863,0.0,0.00282481798972681
Q9NQZ8,Q7Z7B0,0.0,5.2108647883864094e-08
Q9BVS4,P46783,0.0,1.7799790132787083e-05
Q14164,Q13114,0.0,8.972950489571372e-05
Q9NS37,Q16236,0.0,0.8901462713440377
P33176,Q13501,0.0,4.603861795127419e-06
Q13114,Q86WV6,0.0,0.18365778871329824
O43353,Q14653,0.0,0.01126998797505005
Q99836,Q7Z434,0.0,2.0542126744768954e-05
Q92993,P14635,0.0,0.00138220680837226
Q96ST3,Q92945,0.0,0.003284006213614563
A6ND36,Q15796,0.0,0.00018028245853535753
Q9NPR2,Q9NR61,0.0,0.014148557292800835
Q15366,Q9UHD2,0.0,0.0054498768260900984
Q5VZE5,Q8NBJ4,0.0,0.005109201481988828
P18031,P31751,0.0,0.0033897289103394248
Q96K19,O60858,0.0,0.009084891219540365
Q9H9S4,P52564,0.0,0.004937890702508596
O95772,P67775,0.0,0.019282449298175408
P07357,P02765,0.0,0.0002632011819598916
Q9P1W8,P78324,0.0,1.666157311655163e-05
P20702,P25963,0.0,3.080211362624566e-05
P31785,P61073,0.0,0.002931008737432115
Q16082,P60484,0.0,0.03800052799925741
Q9Y294,Q96QV6,0.0,0.005200375458385816
Q8N1N2,O15085,0.0,0.04246632827891749
Q05940,P15498,0.0,7.56066199191728e-07
P11362,Q9Y4H2,0.0,1.8043273291844905e-06
P35968,Q9UBP5,0.0,0.0002771975797395488
P39748,Q15910,0.0,0.002670144337210883
Q9UJU5,Q6PJQ5,0.0,0.0005458877308744536
P09211,O15350,0.0,0.5246984813168072
Q504Y3,O75882,0.0,0.30852029724713115
P22694,P52566,0.0,1.8947177688420005e-05
Q9NYJ7,P16070,0.0,3.764006616620537e-05
Q9UM47,Q04726,0.0,2.7511149243125758e-08
Q9BSF0,P10644,0.0,0.004272718912630833
P05015,Q8IVT5,0.0,0.37153192735808643
P10644,P04637,0.0,3.433779332449332e-05
Q86YL7,P04637,0.0,0.00423363038472412
Q96B36,P46527,0.0,8.249303838588721e-05
Q13616,P46527,0.0,1.0071240231659007e-05
Q9H2H0,O14641,0.0,0.3999956318619702
O14746,Q9H3D4,0.0,0.008159105092859789
P30101,Q14790,0.0,0.025191772029969334
P14679,P60484,0.0,0.0005049109956755298
Q9UL18,P46821,0.0,0.12200946412602985
O95786,Q9NWF9,0.0,0.0010416861881771054
Q86UT6,Q9NR97,0.0,6.773021377516942e-08
O00472,Q9BQ15,0.0,0.05564906500991501
Q14767,Q9BQQ3,0.0,1.1228486408158382e-07
P46108,P36888,0.0,0.09742204619251164
Q9Y4K3,P62714,0.0,0.39361842819112075
Q15404,Q8WW12,0.0,0.010774306814394915
Q8IYR0,Q8WVD3,0.0,5.505550512830156e-06
Q8NB59,P54252,0.0,0.0009436417684526298
Q9Y3S1,Q9H4A3,0.0,1.949933646204615e-15
P23759,P49918,0.0,1.4801835785788743e-07
O75159,Q99558,0.0,6.570810996932551e-06
Q9UMW8,Q9HAU4,0.0,7.309718585155079e-07
Q9Y4F4,Q01831,0.0,4.4760877663500876e-10
P22695,Q15398,0.0,0.0015860239110242196
Q14527,Q9NS91,0.0,1.9545001670784604e-05
P01375,Q9Y286,0.0,0.005541398893357951
P42345,P49815,0.0,1.679459452174538e-13
P99999,P23443,0.0,0.004227154503213785
O15347,P68431,0.0,0.013247934246612055
Q6UWT4,P05771,0.0,0.0035092025488473962
Q9Y2T1,Q16828,0.0,8.836716231460902e-09
Q14192,P24385,0.0,0.9992658800849068
O14746,P04637,0.0,0.014690917798595566
Q01814,P41180,0.0,1.0683564964895899e-06
P14649,P27361,0.0,0.0013449932940280056
P51686,P42081,0.0,0.0013838675814649914
