ELMIdentifier,E3_Entry,Site,sub_Entry,Start,End,Interface Residues (E3),Interface Residues (SUB),True Positive Residues (E3),True Positive Residues (SUB),EMD 2D,EMD E3,EMD SUB
DEG_APCC_DBOX_1,Q9UM11,182-222;227-266;269-306;311-350;353-395;397-438;441-480,P53350,336,344,"[155.0, 207.0, 236.0, 383.0]",[351],"[207.0, 236.0, 383.0]",[],0.06322952243166106,0.09453286756004002,0.018272425249169437
DEG_APCC_DBOX_1,Q9UM11,182-222;227-266;269-306;311-350;353-395;397-438;441-480,Q13309,2,10,"[207.0, 236.0]",[22],"[207.0, 236.0]",[],0.16736313811851783,0.21466780480864986,0.037825059101654845
DEG_APCC_DBOX_1,Q9UM11,182-222;227-266;269-306;311-350;353-395;397-438;441-480,Q02363,99,107,"[95.0, 150.0, 155.0, 205.0, 207.0, 236.0, 267.0, 320.0, 377.0, 383.0, 410.0]",[29],"[205.0, 207.0, 236.0, 320.0, 377.0, 383.0, 410.0]",[],0.21727520538767742,0.15941838357231175,0.556390977443609
DEG_APCC_DBOX_1,Q9UM11,182-222;227-266;269-306;311-350;353-395;397-438;441-480,P14635,41,49,"[95.0, 150.0, 155.0, 207.0, 236.0, 267.0, 377.0, 383.0, 410.0]","[41, 55, 85]","[207.0, 236.0, 377.0, 383.0, 410.0]",[41],0.17679483306280916,0.23356642947146408,0.023148148148148147
DEG_APCC_DBOX_1,Q12834,182-221;224-263;266-303;307-346;353-395;397-438;441-480,P14635,41,49,"[112.0, 122.0, 167.0, 194.0, 209.0, 233.0, 248.0, 272.0, 302.0, 328.0, 340.0, 370.0, 384.0, 398.0, 406.0, 409.0, 435.0, 437.0, 452.0]","[11, 20, 41, 48, 49, 50, 55, 72, 83, 85, 97, 141]","[194.0, 209.0, 233.0, 248.0, 272.0, 302.0, 328.0, 340.0, 370.0, 384.0, 398.0, 406.0, 409.0, 435.0, 437.0, 452.0]","[41, 48, 49]",0.06712315438452171,0.0673366709644901,0.07133588549778473
DEG_APCC_KENBOX_2,Q9UM11,182-222;227-266;269-306;311-350;353-395;397-438;441-480,Q99741,80,84,"[89.0, 90.0, 91.0, 95.0, 96.0, 103.0, 104.0, 107.0, 110.0, 150.0, 151.0, 154.0, 155.0, 156.0, 159.0, 162.0, 163.0, 166.0, 167.0, 170.0, 171.0, 181.0, 182.0, 188.0, 190.0, 191.0, 195.0, 197.0, 199.0, 201.0, 204.0, 205.0, 207.0, 208.0, 215.0, 231.0, 233.0, 234.0, 236.0, 238.0, 239.0, 242.0, 243.0, 248.0, 254.0, 255.0, 259.0, 261.0, 267.0, 269.0, 276.0, 280.0, 282.0, 286.0, 292.0, 293.0, 300.0, 304.0, 305.0, 306.0, 308.0, 317.0, 320.0, 321.0, 323.0, 331.0, 334.0, 336.0, 341.0, 353.0, 355.0, 356.0, 361.0, 364.0, 366.0, 367.0, 370.0, 372.0, 375.0, 377.0, 381.0, 382.0, 383.0, 386.0, 387.0, 388.0, 395.0, 401.0, 402.0, 408.0, 409.0, 410.0, 411.0, 419.0, 420.0, 421.0, 423.0, 428.0, 430.0, 431.0, 437.0, 438.0, 443.0, 450.0, 452.0, 463.0, 464.0, 472.0, 474.0, 475.0]","[14, 18, 69]","[182.0, 188.0, 190.0, 191.0, 195.0, 197.0, 199.0, 201.0, 204.0, 205.0, 207.0, 208.0, 215.0, 231.0, 233.0, 234.0, 236.0, 238.0, 239.0, 242.0, 243.0, 248.0, 254.0, 255.0, 259.0, 261.0, 269.0, 276.0, 280.0, 282.0, 286.0, 292.0, 293.0, 300.0, 304.0, 305.0, 306.0, 317.0, 320.0, 321.0, 323.0, 331.0, 334.0, 336.0, 341.0, 353.0, 355.0, 356.0, 361.0, 364.0, 366.0, 367.0, 370.0, 372.0, 375.0, 377.0, 381.0, 382.0, 383.0, 386.0, 387.0, 388.0, 395.0, 401.0, 402.0, 408.0, 409.0, 410.0, 411.0, 419.0, 420.0, 421.0, 423.0, 428.0, 430.0, 431.0, 437.0, 438.0, 443.0, 450.0, 452.0, 463.0, 464.0, 472.0, 474.0, 475.0]",[],0.08675899765493354,0.11978353801149697,0.07172705534319118
DEG_APCC_KENBOX_2,Q9UM11,182-222;227-266;269-306;311-350;353-395;397-438;441-480,Q12834,96,100,"[95.0, 150.0, 155.0, 205.0, 207.0, 236.0, 267.0, 377.0, 383.0, 410.0]","[66, 97]","[205.0, 207.0, 236.0, 377.0, 383.0, 410.0]",[97],0.1093782251965603,0.17425874059687418,0.03244406367880274
DEG_APCC_KENBOX_2,Q9UM11,182-222;227-266;269-306;311-350;353-395;397-438;441-480,Q96GD4,3,7,"[95.0, 103.0, 150.0, 155.0, 159.0, 162.0, 182.0, 205.0, 207.0, 236.0, 248.0, 267.0, 269.0, 320.0, 367.0, 377.0, 383.0, 387.0, 408.0, 410.0, 420.0]",[17],"[182.0, 205.0, 207.0, 236.0, 248.0, 269.0, 320.0, 367.0, 377.0, 383.0, 387.0, 408.0, 410.0, 420.0]",[],0.1276462563009243,0.15299220202056196,0.03498542274052478
DEG_APCC_KENBOX_2,Q9UM11,182-222;227-266;269-306;311-350;353-395;397-438;441-480,O95997,8,12,"[95.0, 103.0, 150.0, 155.0, 159.0, 162.0, 195.0, 205.0, 207.0, 236.0, 267.0, 320.0, 367.0, 377.0, 383.0, 410.0, 420.0]","[29, 198]","[195.0, 205.0, 207.0, 236.0, 320.0, 367.0, 377.0, 383.0, 410.0, 420.0]",[],0.3913927943560114,0.17130600549381342,0.9353233830845771
DEG_APCC_KENBOX_2,Q12834,182-221;224-263;266-303;307-346;353-395;397-438;441-480,O95997,8,12,"[112.0, 122.0, 167.0, 194.0, 209.0, 233.0, 248.0, 272.0, 284.0, 302.0, 303.0, 316.0, 328.0, 340.0, 370.0, 375.0, 381.0, 384.0, 385.0, 398.0, 406.0, 409.0, 435.0, 437.0, 452.0]","[29, 80, 99, 126, 198]","[194.0, 209.0, 233.0, 248.0, 272.0, 284.0, 302.0, 303.0, 316.0, 328.0, 340.0, 370.0, 375.0, 381.0, 384.0, 385.0, 398.0, 406.0, 409.0, 435.0, 437.0, 452.0]",[],0.23350471105790038,0.05852732775931544,0.4606368030796008
DEG_APCC_KENBOX_2,Q9UM11,182-222;227-266;269-306;311-350;353-395;397-438;441-480,O43683,534,538,"[95.0, 103.0, 104.0, 110.0, 150.0, 151.0, 155.0, 156.0, 159.0, 162.0, 166.0, 170.0, 182.0, 191.0, 195.0, 199.0, 201.0, 204.0, 205.0, 207.0, 233.0, 236.0, 243.0, 248.0, 267.0, 269.0, 280.0, 286.0, 292.0, 300.0, 304.0, 306.0, 308.0, 320.0, 323.0, 331.0, 334.0, 341.0, 353.0, 366.0, 367.0, 370.0, 372.0, 375.0, 377.0, 382.0, 383.0, 386.0, 387.0, 388.0, 408.0, 410.0, 419.0, 420.0, 431.0]","[154, 187, 192, 216, 219, 345, 440, 444, 516, 607, 620, 622, 633, 657, 687, 697]","[182.0, 191.0, 195.0, 199.0, 201.0, 204.0, 205.0, 207.0, 233.0, 236.0, 243.0, 248.0, 269.0, 280.0, 286.0, 292.0, 300.0, 304.0, 306.0, 320.0, 323.0, 331.0, 334.0, 341.0, 353.0, 366.0, 367.0, 370.0, 372.0, 375.0, 377.0, 382.0, 383.0, 386.0, 387.0, 388.0, 408.0, 410.0, 419.0, 420.0, 431.0]",[],0.16025398409353295,0.15393774784818065,0.13221925272575386
DEG_APCC_KENBOX_2,Q9UM11,182-222;227-266;269-306;311-350;353-395;397-438;441-480,O43683,624,628,"[95.0, 103.0, 104.0, 110.0, 150.0, 151.0, 155.0, 156.0, 159.0, 162.0, 166.0, 170.0, 182.0, 191.0, 195.0, 199.0, 201.0, 204.0, 205.0, 207.0, 233.0, 236.0, 243.0, 248.0, 267.0, 269.0, 280.0, 286.0, 292.0, 300.0, 304.0, 306.0, 308.0, 320.0, 323.0, 331.0, 334.0, 341.0, 353.0, 366.0, 367.0, 370.0, 372.0, 375.0, 377.0, 382.0, 383.0, 386.0, 387.0, 388.0, 408.0, 410.0, 419.0, 420.0, 431.0]","[154, 187, 192, 216, 219, 345, 440, 444, 516, 607, 620, 622, 633, 657, 687, 697]","[182.0, 191.0, 195.0, 199.0, 201.0, 204.0, 205.0, 207.0, 233.0, 236.0, 243.0, 248.0, 269.0, 280.0, 286.0, 292.0, 300.0, 304.0, 306.0, 320.0, 323.0, 331.0, 334.0, 341.0, 353.0, 366.0, 367.0, 370.0, 372.0, 375.0, 377.0, 382.0, 383.0, 386.0, 387.0, 388.0, 408.0, 410.0, 419.0, 420.0, 431.0]",[],0.15824472346114737,0.15393774908296332,0.12911204865499604
DEG_APCC_KENBOX_2,Q9UM11,182-222;227-266;269-306;311-350;353-395;397-438;441-480,Q8WWK9,80,84,"[95.0, 103.0, 104.0, 150.0, 151.0, 155.0, 159.0, 162.0, 182.0, 195.0, 201.0, 205.0, 207.0, 236.0, 248.0, 267.0, 269.0, 300.0, 306.0, 320.0, 323.0, 341.0, 364.0, 366.0, 367.0, 370.0, 377.0, 383.0, 387.0, 408.0, 410.0, 420.0]","[76, 99, 119, 174, 215, 233, 338, 388, 539]","[182.0, 195.0, 201.0, 205.0, 207.0, 236.0, 248.0, 269.0, 300.0, 306.0, 320.0, 323.0, 341.0, 364.0, 366.0, 367.0, 370.0, 377.0, 383.0, 387.0, 408.0, 410.0, 420.0]",[],0.10839625800732731,0.18581718584989046,0.054184391944016676
DEG_APCC_KENBOX_2,Q9UM11,182-222;227-266;269-306;311-350;353-395;397-438;441-480,O60566,25,29,"[95.0, 150.0, 155.0, 162.0, 205.0, 207.0, 236.0, 267.0, 320.0, 367.0, 377.0, 383.0, 410.0]","[242, 329, 628]","[205.0, 207.0, 236.0, 320.0, 367.0, 377.0, 383.0, 410.0]",[],0.2599696434823739,0.16007525353817703,0.24718670417742006
DEG_APCC_KENBOX_2,Q9UM11,182-222;227-266;269-306;311-350;353-395;397-438;441-480,O60566,303,307,"[95.0, 150.0, 155.0, 162.0, 205.0, 207.0, 236.0, 267.0, 320.0, 367.0, 377.0, 383.0, 410.0]","[242, 329, 628]","[205.0, 207.0, 236.0, 320.0, 367.0, 377.0, 383.0, 410.0]",[],0.07008209858160969,0.16007525353817703,0.03998273939490886
DEG_APCC_KENBOX_2,Q12834,182-221;224-263;266-303;307-346;353-395;397-438;441-480,O60566,25,29,"[112.0, 167.0, 194.0, 209.0, 233.0, 248.0, 272.0, 302.0, 340.0, 370.0, 398.0, 406.0, 409.0, 435.0, 437.0, 452.0]","[36, 216, 220, 240, 242, 258, 274, 283, 329, 380, 458, 482, 501, 540, 561, 586, 628, 1050]","[194.0, 209.0, 233.0, 248.0, 272.0, 302.0, 340.0, 370.0, 398.0, 406.0, 409.0, 435.0, 437.0, 452.0]",[],0.3036588167706953,0.06204592884316834,0.3398713654455852
DEG_APCC_KENBOX_2,Q12834,182-221;224-263;266-303;307-346;353-395;397-438;441-480,O60566,303,307,"[112.0, 167.0, 194.0, 209.0, 233.0, 248.0, 272.0, 302.0, 340.0, 370.0, 398.0, 406.0, 409.0, 435.0, 437.0, 452.0]","[36, 216, 220, 240, 242, 258, 274, 283, 329, 380, 458, 482, 501, 540, 561, 586, 628, 1050]","[194.0, 209.0, 233.0, 248.0, 272.0, 302.0, 340.0, 370.0, 398.0, 406.0, 409.0, 435.0, 437.0, 452.0]",[],0.1081745095358888,0.06204592855148791,0.1172205963483643
DEG_COP1_1,Q8NHY2,419-458;468-508;511-551;553-593;597-635;638-677;691-729,P05412,227,235,"[184.0, 185.0, 239.0, 368.0, 452.0, 458.0, 482.0, 544.0, 549.0, 566.0, 590.0, 608.0, 645.0, 671.0, 696.0, 707.0]","[3, 8, 12, 13, 30, 35, 37, 39, 51, 53, 66, 69, 72, 74, 77, 80, 87, 90, 95, 96, 97, 103, 109, 110, 111, 113, 119, 121, 123, 127, 132, 135, 136, 144, 165, 174, 175, 177, 180, 196, 198, 201, 202, 207, 215, 216, 217, 234, 239, 243, 320, 324, 325, 329]","[452.0, 458.0, 482.0, 544.0, 549.0, 566.0, 590.0, 608.0, 645.0, 671.0, 696.0, 707.0]",[234],0.2362431239435106,0.10985231304690346,0.35491052601308226
DEG_COP1_1,Q8NHY2,419-458;468-508;511-551;553-593;597-635;638-677;691-729,P43268,74,81,"[184.0, 185.0, 239.0, 368.0, 458.0, 549.0, 566.0, 590.0, 608.0, 671.0, 696.0, 707.0]","[218, 468]","[458.0, 549.0, 566.0, 590.0, 608.0, 671.0, 696.0, 707.0]",[],0.3710857914068034,0.1646987107709031,0.5501217675017035
DEG_COP1_1,Q8NHY2,419-458;468-508;511-551;553-593;597-635;638-677;691-729,P50549,67,74,"[184.0, 185.0, 239.0, 368.0, 458.0, 549.0, 566.0, 590.0, 608.0, 671.0, 696.0, 707.0]","[3, 5, 6, 26, 30, 60, 86, 98, 104, 111, 126, 146, 150, 164, 173, 181, 198, 199, 202, 205, 230, 232, 237, 269, 275, 279, 302, 308, 440, 441, 476]","[458.0, 549.0, 566.0, 590.0, 608.0, 671.0, 696.0, 707.0]",[],0.26002512796288463,0.16459861656159355,0.2977418965202178
DEG_COP1_1,Q8NHY2,419-458;468-508;511-551;553-593;597-635;638-677;691-729,P41161,66,73,"[184.0, 185.0, 239.0, 368.0, 452.0, 458.0, 482.0, 549.0, 566.0, 590.0, 608.0, 645.0, 671.0, 696.0, 707.0]","[3, 9, 20, 23, 25, 60, 69, 77, 100, 117, 122, 139, 146, 168, 173, 175, 179, 183, 185, 186, 218, 239, 242, 257, 262, 293, 295, 299, 310, 314, 350, 361, 471, 487]","[452.0, 458.0, 482.0, 549.0, 566.0, 590.0, 608.0, 645.0, 671.0, 696.0, 707.0]",[69],0.23499775821973445,0.12495477652865013,0.29590394764080974
DEG_CRL4_CDT2_1,Q9NZJ0,47-89;96-135;138-178;214-253;267-308;313-354;358-398,P38936,145,157,"[21.0, 23.0, 27.0, 28.0, 35.0, 39.0, 41.0, 42.0, 49.0, 51.0, 55.0, 58.0, 59.0, 60.0, 61.0, 63.0, 64.0, 78.0, 79.0, 82.0, 85.0, 92.0, 94.0, 96.0, 105.0, 110.0, 113.0, 116.0, 118.0, 121.0, 130.0, 131.0, 135.0, 136.0, 138.0, 139.0, 143.0, 147.0, 149.0, 151.0, 155.0, 159.0, 166.0, 170.0, 173.0, 179.0, 180.0, 190.0, 198.0, 200.0, 207.0, 209.0, 213.0, 214.0, 218.0, 220.0, 223.0, 238.0, 241.0, 253.0, 255.0, 257.0, 259.0, 261.0, 262.0, 269.0, 273.0, 275.0, 278.0, 281.0, 288.0, 300.0, 305.0, 309.0, 311.0, 312.0, 313.0, 317.0, 331.0, 336.0, 338.0, 339.0, 342.0, 346.0, 348.0, 352.0, 353.0, 357.0, 364.0, 365.0, 367.0, 368.0, 369.0, 370.0, 371.0, 381.0, 382.0, 384.0, 385.0, 386.0, 387.0, 388.0, 390.0, 396.0, 401.0, 404.0, 407.0, 412.0, 417.0, 418.0, 420.0]","[12, 14, 21, 25, 121, 142, 153, 164]","[49.0, 51.0, 55.0, 58.0, 59.0, 60.0, 61.0, 63.0, 64.0, 78.0, 79.0, 82.0, 85.0, 96.0, 105.0, 110.0, 113.0, 116.0, 118.0, 121.0, 130.0, 131.0, 135.0, 138.0, 139.0, 143.0, 147.0, 149.0, 151.0, 155.0, 159.0, 166.0, 170.0, 173.0, 214.0, 218.0, 220.0, 223.0, 238.0, 241.0, 253.0, 269.0, 273.0, 275.0, 278.0, 281.0, 288.0, 300.0, 305.0, 313.0, 317.0, 331.0, 336.0, 338.0, 339.0, 342.0, 346.0, 348.0, 352.0, 353.0, 364.0, 365.0, 367.0, 368.0, 369.0, 370.0, 371.0, 381.0, 382.0, 384.0, 385.0, 386.0, 387.0, 388.0, 390.0, 396.0]",[153],0.11891493553282495,0.03570471250662606,0.49864825894855763
DEG_CRL4_CDT2_1,Q9NZJ0,47-89;96-135;138-178;214-253;267-308;313-354;358-398,Q9H211,4,15,"[21.0, 23.0, 27.0, 28.0, 33.0, 34.0, 35.0, 39.0, 41.0, 42.0, 44.0, 49.0, 51.0, 54.0, 55.0, 58.0, 59.0, 60.0, 61.0, 63.0, 64.0, 74.0, 78.0, 79.0, 82.0, 85.0, 92.0, 94.0, 96.0, 105.0, 107.0, 110.0, 113.0, 116.0, 118.0, 121.0, 130.0, 131.0, 135.0, 136.0, 138.0, 139.0, 143.0, 147.0, 149.0, 151.0, 155.0, 159.0, 166.0, 168.0, 170.0, 173.0, 179.0, 180.0, 190.0, 198.0, 200.0, 207.0, 209.0, 213.0, 214.0, 218.0, 220.0, 223.0, 238.0, 241.0, 253.0, 255.0, 257.0, 259.0, 261.0, 262.0, 269.0, 271.0, 273.0, 275.0, 278.0, 281.0, 288.0, 300.0, 305.0, 309.0, 311.0, 312.0, 313.0, 317.0, 321.0, 331.0, 336.0, 338.0, 339.0, 342.0, 346.0, 348.0, 352.0, 353.0, 357.0, 364.0, 365.0, 367.0, 368.0, 369.0, 370.0, 371.0, 381.0, 382.0, 384.0, 385.0, 386.0, 387.0, 388.0, 390.0, 396.0, 401.0, 404.0, 407.0, 412.0, 417.0, 418.0, 420.0]","[4, 62, 112, 117, 119, 161, 365]","[49.0, 51.0, 54.0, 55.0, 58.0, 59.0, 60.0, 61.0, 63.0, 64.0, 74.0, 78.0, 79.0, 82.0, 85.0, 96.0, 105.0, 107.0, 110.0, 113.0, 116.0, 118.0, 121.0, 130.0, 131.0, 135.0, 138.0, 139.0, 143.0, 147.0, 149.0, 151.0, 155.0, 159.0, 166.0, 168.0, 170.0, 173.0, 214.0, 218.0, 220.0, 223.0, 238.0, 241.0, 253.0, 269.0, 271.0, 273.0, 275.0, 278.0, 281.0, 288.0, 300.0, 305.0, 313.0, 317.0, 321.0, 331.0, 336.0, 338.0, 339.0, 342.0, 346.0, 348.0, 352.0, 353.0, 364.0, 365.0, 367.0, 368.0, 369.0, 370.0, 371.0, 381.0, 382.0, 384.0, 385.0, 386.0, 387.0, 388.0, 390.0, 396.0]",[4],0.1762965410873308,0.027215983353895034,0.22920181274382265
DEG_CRL4_CDT2_1,Q9NZJ0,47-89;96-135;138-178;214-253;267-308;313-354;358-398,Q9NQR1,220,231,"[39.0, 42.0, 51.0, 60.0, 63.0, 79.0, 94.0, 135.0, 139.0, 190.0, 218.0, 238.0, 253.0, 259.0, 273.0, 331.0, 339.0, 367.0, 417.0]","[53, 79, 114, 192, 195, 204, 207, 224]","[51.0, 60.0, 63.0, 79.0, 135.0, 139.0, 218.0, 238.0, 253.0, 273.0, 331.0, 339.0, 367.0]",[224],0.1387631403356689,0.11616346659282949,0.15530075311000527
DEG_Kelch_Keap1_1,Q14145,327-372;373-423;424-470;471-517;518-564;565-611,Q16236,77,82,"[124.0, 145.0, 276.0, 290.0, 468.0, 483.0, 499.0]","[4, 12, 78, 81, 83, 90, 91, 95, 96, 98, 109, 112, 119, 122, 124, 138, 150, 154, 169, 174, 178, 189, 196, 205, 206, 207, 208, 219, 221, 229, 231, 236, 240, 243, 245, 248, 251, 252, 257, 258, 260, 270, 273, 275, 277, 283, 284, 288, 289, 301, 302, 308, 309, 311, 316, 328, 331, 336, 348, 349, 353, 354, 362, 366, 370, 371, 374, 387, 407, 409, 413, 414, 417, 434, 446, 447, 450, 589, 592, 594]","[468.0, 483.0, 499.0]","[78, 81]",0.29394765479966817,0.21450268185073715,0.32632037974877015
DEG_Kelch_Keap1_1,Q14145,327-372;373-423;424-470;471-517;518-564;565-611,Q96HS1,77,82,"[124.0, 290.0, 468.0, 483.0, 499.0]","[5, 12, 25, 44]","[468.0, 483.0, 499.0]",[],0.2213508195590599,0.205310308292245,0.19063052855845955
DEG_Kelch_Keap1_1,Q14145,327-372;373-423;424-470;471-517;518-564;565-611,O14920,34,39,"[124.0, 145.0, 290.0, 468.0, 483.0, 499.0]","[682, 692, 695, 739]","[468.0, 483.0, 499.0]",[],0.7055705571484673,0.20515691070709505,0.8902303870002143
DEG_Kelch_Keap1_1,Q14145,327-372;373-423;424-470;471-517;518-564;565-611,Q86YC2,89,94,"[124.0, 290.0, 468.0, 483.0]","[96, 541, 553]","[468.0, 483.0]",[],0.15777970174453568,0.13536184732873432,0.19361314255649098
DEG_Kelch_Keap1_1,Q14145,327-372;373-423;424-470;471-517;518-564;565-611,Q13501,347,352,"[124.0, 290.0, 468.0, 483.0, 499.0]","[192, 266, 275]","[468.0, 483.0, 499.0]",[],0.22857510499516978,0.20530205749313393,0.2640727687514762
DEG_Kelch_KLHL3_1,O95198,308-353;354-400;402-447;449-496;497-543;545-591,Q9H4A3,628,637,"[82.0, 108.0, 165.0, 245.0, 284.0, 299.0, 388.0, 396.0, 412.0, 493.0, 591.0]","[5, 151, 753, 991, 1263, 1784, 2037]","[388.0, 396.0, 412.0, 493.0, 591.0]",[],0.2650321358916496,0.256438500113895,0.28513608243043226
DEG_Kelch_KLHL3_1,Q9UH77,302-347;348-394;396-441;442-490;491-537;539-585,Q9H4A3,628,637,"[79.0, 104.0, 110.0, 123.0, 145.0, 167.0, 177.0, 179.0, 189.0, 218.0, 227.0, 229.0, 234.0, 240.0, 254.0, 273.0, 292.0, 315.0, 355.0, 371.0, 399.0, 402.0, 406.0, 410.0, 420.0, 424.0, 454.0, 456.0, 460.0, 471.0, 473.0, 478.0, 480.0, 488.0, 514.0, 521.0, 532.0, 535.0, 540.0, 585.0]","[5, 151, 753, 991, 1263, 1784, 1858, 2037, 2365]","[315.0, 355.0, 371.0, 399.0, 402.0, 406.0, 410.0, 420.0, 424.0, 454.0, 456.0, 460.0, 471.0, 473.0, 478.0, 480.0, 488.0, 514.0, 521.0, 532.0, 535.0, 540.0, 585.0]",[],0.27090576114058806,0.16922927047340222,0.28565092453885726
DEG_Kelch_KLHL3_1,O95198,308-353;354-400;402-447;449-496;497-543;545-591,Q9BYP7,537,546,"[86.0, 159.0, 169.0, 194.0, 200.0, 207.0, 301.0, 325.0, 326.0, 380.0, 458.0, 471.0, 572.0]",[1677],"[325.0, 326.0, 380.0, 458.0, 471.0, 572.0]",[],0.60909906644238,0.25654554306796207,0.6311839911061701
DEG_Kelch_KLHL3_1,O95198,308-353;354-400;402-447;449-496;497-543;545-591,Q96J92,557,566,"[86.0, 129.0, 159.0, 169.0, 194.0, 200.0, 207.0, 301.0, 325.0, 326.0, 380.0, 458.0, 471.0, 572.0]","[47, 868, 956, 1048]","[325.0, 326.0, 380.0, 458.0, 471.0, 572.0]",[],0.3234808155709786,0.2788602808224082,0.3406585507682748
DEG_Kelch_KLHL3_1,Q9UH77,302-347;348-394;396-441;442-490;491-537;539-585,Q96J92,557,566,"[110.0, 123.0, 145.0, 167.0, 177.0, 189.0, 218.0, 227.0, 254.0, 315.0, 355.0, 399.0, 402.0, 420.0, 456.0, 460.0, 473.0, 478.0, 480.0, 488.0, 514.0, 532.0, 535.0, 540.0, 585.0]","[47, 61, 540, 868, 956, 1036, 1048]","[315.0, 355.0, 399.0, 402.0, 420.0, 456.0, 460.0, 473.0, 478.0, 480.0, 488.0, 514.0, 532.0, 535.0, 540.0, 585.0]",[],0.3091563057824324,0.14793641202956864,0.30832038837107295
DEG_MDM2_SWIB_1,Q00987,26-109,P04637,19,26,[481.0],"[12, 20, 48, 55, 72, 85]",[],[20],0.6618512801140257,0.8438775510204082,0.08592585887576498
DEG_MDM2_SWIB_1,Q00987,26-109,P49757,616,623,[481.0],"[183, 570, 621]",[],[621],0.5116320638829697,0.8438775510204082,0.07615384615384616
DEG_MDM2_SWIB_1,Q00987,26-109,O15350,15,22,"[90.0, 481.0]","[4, 20, 50, 62, 95, 322, 325, 349, 408, 411, 427, 454, 483, 558, 560, 564, 566, 573, 581, 592]",[90.0],[20],0.6998433382193019,0.8438775510204082,0.5341873012471287
DEG_ODPH_VHL_1,P40337,71-152,Q16665,400,413,"[56.0, 64.0, 71.0, 75.0, 105.0, 107.0, 112.0, 124.0, 137.0, 140.0, 154.0, 158.0, 177.0, 178.0, 181.0, 188.0, 204.0]","[6, 398, 438, 478, 483, 552, 668]","[71.0, 75.0, 105.0, 107.0, 112.0, 124.0, 137.0, 140.0]",[],0.09264591019741306,0.13683604179880227,0.14640462424841127
DEG_ODPH_VHL_1,P40337,71-152,Q16665,562,574,"[56.0, 64.0, 71.0, 75.0, 105.0, 107.0, 112.0, 124.0, 137.0, 140.0, 154.0, 158.0, 177.0, 178.0, 181.0, 188.0, 204.0]","[6, 398, 438, 478, 483, 552, 668]","[71.0, 75.0, 105.0, 107.0, 112.0, 124.0, 137.0, 140.0]",[],0.1304876106072568,0.13683604570591787,0.1256110043570156
DEG_ODPH_VHL_1,P40337,71-152,Q9Y2N7,490,502,"[56.0, 64.0, 71.0, 75.0, 100.0, 105.0, 107.0, 111.0, 112.0, 124.0, 137.0, 140.0, 154.0, 158.0, 177.0, 178.0, 181.0, 188.0, 204.0]","[10, 378, 432, 457, 461, 465, 486, 504, 513, 531, 533, 540, 557, 596, 598, 602, 621, 637, 641, 652, 668]","[71.0, 75.0, 100.0, 105.0, 107.0, 111.0, 112.0, 124.0, 137.0, 140.0]",[],0.09355337837352518,0.14144064575359575,0.10172956246999074
DEG_ODPH_VHL_1,P40337,71-152,Q99814,403,416,"[56.0, 60.0, 61.0, 64.0, 65.0, 71.0, 72.0, 75.0, 76.0, 82.0, 88.0, 90.0, 96.0, 100.0, 105.0, 107.0, 111.0, 112.0, 121.0, 124.0, 131.0, 137.0, 138.0, 140.0, 154.0, 158.0, 160.0, 162.0, 177.0, 178.0, 181.0, 188.0, 190.0, 202.0, 203.0, 204.0, 205.0, 207.0, 210.0]","[382, 385, 389, 408, 491, 517, 547, 555, 562, 618, 638, 657, 689, 703, 707, 732, 744, 773, 825, 843, 865]","[71.0, 72.0, 75.0, 76.0, 82.0, 88.0, 90.0, 96.0, 100.0, 105.0, 107.0, 111.0, 112.0, 121.0, 124.0, 131.0, 137.0, 138.0, 140.0]",[408],0.32315725200365736,0.13395214739746802,0.25188814393415526
DEG_ODPH_VHL_1,P40337,71-152,Q99814,529,542,"[56.0, 60.0, 61.0, 64.0, 65.0, 71.0, 72.0, 75.0, 76.0, 82.0, 88.0, 90.0, 96.0, 100.0, 105.0, 107.0, 111.0, 112.0, 121.0, 124.0, 131.0, 137.0, 138.0, 140.0, 154.0, 158.0, 160.0, 162.0, 177.0, 178.0, 181.0, 188.0, 190.0, 202.0, 203.0, 204.0, 205.0, 207.0, 210.0]","[382, 385, 389, 408, 491, 517, 547, 555, 562, 618, 638, 657, 689, 703, 707, 732, 744, 773, 825, 843, 865]","[71.0, 72.0, 75.0, 76.0, 82.0, 88.0, 90.0, 96.0, 100.0, 105.0, 107.0, 111.0, 112.0, 121.0, 124.0, 131.0, 137.0, 138.0, 140.0]",[],0.213034258111383,0.13395215071618877,0.18106790293672542
DEG_ODPH_VHL_1,P40337,71-152,Q99814,574,585,"[56.0, 60.0, 61.0, 64.0, 65.0, 71.0, 72.0, 75.0, 76.0, 82.0, 88.0, 90.0, 96.0, 100.0, 105.0, 107.0, 111.0, 112.0, 121.0, 124.0, 131.0, 137.0, 138.0, 140.0, 154.0, 158.0, 160.0, 162.0, 177.0, 178.0, 181.0, 188.0, 190.0, 202.0, 203.0, 204.0, 205.0, 207.0, 210.0]","[382, 385, 389, 408, 491, 517, 547, 555, 562, 618, 638, 657, 689, 703, 707, 732, 744, 773, 825, 843, 865]","[71.0, 72.0, 75.0, 76.0, 82.0, 88.0, 90.0, 96.0, 100.0, 105.0, 107.0, 111.0, 112.0, 121.0, 124.0, 131.0, 137.0, 138.0, 140.0]",[],0.17998654300595185,0.13395214943342382,0.1691806668495402
DEG_SCF_FBW7_1,Q969H0,378-418;420-456;459-498;500-536;539-578;580-618;622-659,P24864,379,384,"[35.0, 40.0, 43.0, 46.0, 47.0, 48.0, 50.0, 51.0, 237.0, 238.0, 248.0, 252.0, 253.0, 259.0, 270.0, 277.0, 327.0, 330.0, 334.0, 341.0, 343.0, 346.0, 349.0, 352.0, 353.0, 354.0, 362.0, 364.0, 365.0, 366.0, 371.0, 375.0, 376.0, 383.0, 390.0, 393.0, 399.0, 402.0, 408.0, 409.0, 413.0, 414.0, 415.0, 416.0, 418.0, 426.0, 432.0, 441.0, 449.0, 455.0, 456.0, 461.0, 464.0, 469.0, 472.0, 476.0, 484.0, 486.0, 488.0, 489.0, 495.0, 496.0, 497.0, 498.0, 499.0, 502.0, 504.0, 509.0, 512.0, 513.0, 523.0, 524.0, 528.0, 535.0, 542.0, 544.0, 547.0, 553.0, 558.0, 563.0, 564.0, 567.0, 568.0, 569.0, 575.0, 576.0, 578.0, 583.0, 586.0, 592.0, 597.0, 604.0, 608.0, 609.0, 613.0, 614.0, 615.0, 617.0, 622.0, 624.0, 625.0, 626.0, 627.0, 628.0, 631.0, 633.0, 638.0, 641.0, 644.0, 645.0, 652.0, 658.0, 661.0, 663.0, 666.0, 667.0, 669.0, 673.0, 675.0, 677.0, 678.0, 686.0, 698.0, 699.0, 702.0, 705.0]","[3, 31, 46, 63, 71, 74, 402]","[383.0, 390.0, 393.0, 399.0, 402.0, 408.0, 409.0, 413.0, 414.0, 415.0, 416.0, 418.0, 426.0, 432.0, 441.0, 449.0, 455.0, 456.0, 461.0, 464.0, 469.0, 472.0, 476.0, 484.0, 486.0, 488.0, 489.0, 495.0, 496.0, 497.0, 498.0, 502.0, 504.0, 509.0, 512.0, 513.0, 523.0, 524.0, 528.0, 535.0, 542.0, 544.0, 547.0, 553.0, 558.0, 563.0, 564.0, 567.0, 568.0, 569.0, 575.0, 576.0, 578.0, 583.0, 586.0, 592.0, 597.0, 604.0, 608.0, 609.0, 613.0, 614.0, 615.0, 617.0, 622.0, 624.0, 625.0, 626.0, 627.0, 628.0, 631.0, 633.0, 638.0, 641.0, 644.0, 645.0, 652.0, 658.0]",[],0.28203536666202095,0.10291001743498457,0.7041374564647304
DEG_SCF_FBW7_1,Q969H0,378-418;420-456;459-498;500-536;539-578;580-618;622-659,P24864,393,399,"[35.0, 40.0, 43.0, 46.0, 47.0, 48.0, 50.0, 51.0, 237.0, 238.0, 248.0, 252.0, 253.0, 259.0, 270.0, 277.0, 327.0, 330.0, 334.0, 341.0, 343.0, 346.0, 349.0, 352.0, 353.0, 354.0, 362.0, 364.0, 365.0, 366.0, 371.0, 375.0, 376.0, 383.0, 390.0, 393.0, 399.0, 402.0, 408.0, 409.0, 413.0, 414.0, 415.0, 416.0, 418.0, 426.0, 432.0, 441.0, 449.0, 455.0, 456.0, 461.0, 464.0, 469.0, 472.0, 476.0, 484.0, 486.0, 488.0, 489.0, 495.0, 496.0, 497.0, 498.0, 499.0, 502.0, 504.0, 509.0, 512.0, 513.0, 523.0, 524.0, 528.0, 535.0, 542.0, 544.0, 547.0, 553.0, 558.0, 563.0, 564.0, 567.0, 568.0, 569.0, 575.0, 576.0, 578.0, 583.0, 586.0, 592.0, 597.0, 604.0, 608.0, 609.0, 613.0, 614.0, 615.0, 617.0, 622.0, 624.0, 625.0, 626.0, 627.0, 628.0, 631.0, 633.0, 638.0, 641.0, 644.0, 645.0, 652.0, 658.0, 661.0, 663.0, 666.0, 667.0, 669.0, 673.0, 675.0, 677.0, 678.0, 686.0, 698.0, 699.0, 702.0, 705.0]","[3, 31, 46, 63, 71, 74, 402]","[383.0, 390.0, 393.0, 399.0, 402.0, 408.0, 409.0, 413.0, 414.0, 415.0, 416.0, 418.0, 426.0, 432.0, 441.0, 449.0, 455.0, 456.0, 461.0, 464.0, 469.0, 472.0, 476.0, 484.0, 486.0, 488.0, 489.0, 495.0, 496.0, 497.0, 498.0, 502.0, 504.0, 509.0, 512.0, 513.0, 523.0, 524.0, 528.0, 535.0, 542.0, 544.0, 547.0, 553.0, 558.0, 563.0, 564.0, 567.0, 568.0, 569.0, 575.0, 576.0, 578.0, 583.0, 586.0, 592.0, 597.0, 604.0, 608.0, 609.0, 613.0, 614.0, 615.0, 617.0, 622.0, 624.0, 625.0, 626.0, 627.0, 628.0, 631.0, 633.0, 638.0, 641.0, 644.0, 645.0, 652.0, 658.0]",[],0.2826141390902498,0.10291001714325743,0.7290790574831199
DEG_SCF_FBW7_1,Q969H0,378-418;420-456;459-498;500-536;539-578;580-618;622-659,P05412,236,243,"[35.0, 43.0, 248.0, 252.0, 253.0, 259.0, 270.0, 341.0, 349.0, 352.0, 364.0, 390.0, 408.0, 413.0, 415.0, 416.0, 441.0, 469.0, 484.0, 488.0, 489.0, 497.0, 498.0, 502.0, 524.0, 528.0, 535.0, 544.0, 563.0, 564.0, 567.0, 569.0, 575.0, 597.0, 608.0, 614.0, 615.0, 622.0, 624.0, 627.0, 633.0, 638.0, 645.0, 658.0, 667.0, 669.0, 675.0, 698.0, 699.0, 702.0]","[3, 8, 35, 39, 51, 77, 87, 96, 97, 103, 109, 127, 180, 198, 202, 207, 216, 243]","[390.0, 408.0, 413.0, 415.0, 416.0, 441.0, 469.0, 484.0, 488.0, 489.0, 497.0, 498.0, 502.0, 524.0, 528.0, 535.0, 544.0, 563.0, 564.0, 567.0, 569.0, 575.0, 597.0, 608.0, 614.0, 615.0, 622.0, 624.0, 627.0, 633.0, 638.0, 645.0, 658.0]",[243],0.21085954943995908,0.09457278150003265,0.36745286507850616
DEG_SCF_FBW7_1,Q969H0,378-418;420-456;459-498;500-536;539-578;580-618;622-659,P01106,55,62,"[35.0, 40.0, 43.0, 47.0, 48.0, 50.0, 51.0, 237.0, 238.0, 248.0, 252.0, 253.0, 259.0, 270.0, 277.0, 327.0, 330.0, 334.0, 341.0, 343.0, 349.0, 352.0, 353.0, 354.0, 362.0, 364.0, 365.0, 366.0, 371.0, 375.0, 376.0, 383.0, 390.0, 393.0, 399.0, 402.0, 408.0, 409.0, 413.0, 415.0, 416.0, 418.0, 426.0, 432.0, 441.0, 449.0, 455.0, 456.0, 461.0, 469.0, 472.0, 476.0, 484.0, 486.0, 488.0, 489.0, 495.0, 496.0, 497.0, 498.0, 499.0, 502.0, 509.0, 512.0, 513.0, 523.0, 524.0, 528.0, 535.0, 542.0, 544.0, 547.0, 553.0, 563.0, 564.0, 567.0, 568.0, 569.0, 575.0, 576.0, 578.0, 583.0, 597.0, 604.0, 608.0, 609.0, 613.0, 614.0, 615.0, 617.0, 622.0, 624.0, 625.0, 626.0, 627.0, 628.0, 631.0, 633.0, 638.0, 641.0, 645.0, 658.0, 661.0, 663.0, 666.0, 667.0, 669.0, 673.0, 675.0, 677.0, 686.0, 698.0, 699.0, 702.0]","[72, 103, 125, 143, 162, 193]","[383.0, 390.0, 393.0, 399.0, 402.0, 408.0, 409.0, 413.0, 415.0, 416.0, 418.0, 426.0, 432.0, 441.0, 449.0, 455.0, 456.0, 461.0, 469.0, 472.0, 476.0, 484.0, 486.0, 488.0, 489.0, 495.0, 496.0, 497.0, 498.0, 502.0, 509.0, 512.0, 513.0, 523.0, 524.0, 528.0, 535.0, 542.0, 544.0, 547.0, 553.0, 563.0, 564.0, 567.0, 568.0, 569.0, 575.0, 576.0, 578.0, 583.0, 597.0, 604.0, 608.0, 609.0, 613.0, 614.0, 615.0, 617.0, 622.0, 624.0, 625.0, 626.0, 627.0, 628.0, 631.0, 633.0, 638.0, 641.0, 645.0, 658.0]",[],0.14380628477989096,0.10008035651453814,0.18315004315822636
DEG_SCF_FBW7_1,Q969H0,378-418;420-456;459-498;500-536;539-578;580-618;622-659,P36956,425,430,"[35.0, 248.0, 253.0, 270.0, 349.0, 408.0, 413.0, 469.0, 528.0, 535.0, 544.0, 567.0, 569.0, 575.0, 597.0, 608.0, 615.0, 627.0, 669.0, 675.0, 698.0, 699.0]","[2, 80, 89, 181, 200, 264, 466, 472, 475, 533]","[408.0, 413.0, 469.0, 528.0, 535.0, 544.0, 567.0, 569.0, 575.0, 597.0, 608.0, 615.0, 627.0]",[],0.18675403484656186,0.0918213803939175,0.1748060581662788
DEG_SCF_FBW7_2,Q969H0,378-418;420-456;459-498;500-536;539-578;580-618;622-659,P46531,2508,2515,"[35.0, 248.0, 253.0, 270.0, 349.0, 413.0, 469.0, 528.0, 535.0, 567.0, 569.0, 575.0, 597.0, 608.0, 627.0, 669.0, 675.0, 698.0, 699.0]","[55, 605, 1761]","[413.0, 469.0, 528.0, 535.0, 567.0, 569.0, 575.0, 597.0, 608.0, 627.0]",[],0.731332304978988,0.09065320380399144,0.668318196536044
DEG_SCF_FBXO31_1,Q5XUX0,296-308;314-352;453-511,P24385,289,295,"[136.0, 141.0, 145.0, 193.0, 253.0, 369.0, 371.0]","[6, 13, 14, 16, 269, 272, 285]",[],[],0.42300938394424575,0.3330905728384981,0.5679313998586935
DEG_SCF_FBXO31_1,Q5XUX0,296-308;314-352;453-511,P30279,283,289,"[136.0, 141.0, 145.0, 193.0, 253.0, 369.0, 371.0]","[3, 6, 7, 10, 13, 270, 273, 285]",[],[285],0.4533155148815528,0.3326307654973341,0.6518702384259669
DEG_SCF_SKP2-CKS1_1,Q13309,150-396,P46527,183,190,[235.0],"[96, 100, 122, 123, 152, 154, 159, 162]",[235.0],[],0.1861423198532633,0.15979938936265922,0.2671055425787359
DEG_SCF_SKP2-CKS1_1,Q13309,150-396,P49918,306,313,[167.0],"[159, 257]",[167.0],[],0.36708587611618443,0.2535197787157473,0.4777777777777778
DEG_SCF_TRCP1_1,Q9Y297,301-338;341-378;381-418;424-461;464-503;505-541;553-590,P35222,32,37,"[5.0, 129.0, 132.0, 141.0, 157.0, 181.0, 182.0, 239.0, 254.0, 257.0, 259.0, 264.0, 268.0, 280.0, 322.0, 326.0, 331.0, 337.0, 344.0, 369.0, 381.0, 383.0, 398.0, 406.0, 414.0, 417.0, 451.0, 470.0, 471.0, 481.0, 487.0, 492.0, 496.0, 507.0, 515.0, 526.0, 531.0, 543.0, 544.0, 551.0, 558.0, 583.0]","[2, 7, 8, 22, 33, 709, 716, 733, 744, 757]","[322.0, 326.0, 331.0, 337.0, 344.0, 369.0, 381.0, 383.0, 398.0, 406.0, 414.0, 417.0, 451.0, 470.0, 471.0, 481.0, 487.0, 492.0, 496.0, 507.0, 515.0, 526.0, 531.0, 558.0, 583.0]",[33],0.48470954286410695,0.1371483702693051,0.4024793269351507
DEG_SCF_TRCP1_1,Q9Y297,301-338;341-378;381-418;424-461;464-503;505-541;553-590,P25963,31,36,"[5.0, 132.0, 141.0, 181.0, 254.0, 257.0, 259.0, 264.0, 322.0, 326.0, 337.0, 344.0, 369.0, 381.0, 383.0, 406.0, 414.0, 417.0, 451.0, 470.0, 492.0, 496.0, 515.0, 526.0, 543.0, 551.0, 583.0]","[2, 18, 37, 51, 287, 315]","[322.0, 326.0, 337.0, 344.0, 369.0, 381.0, 383.0, 406.0, 414.0, 417.0, 451.0, 470.0, 492.0, 496.0, 515.0, 526.0, 583.0]",[],0.1437897885632151,0.09437433561334313,0.3733790775495895
DEG_SCF_TRCP1_1,Q9Y297,301-338;341-378;381-418;424-461;464-503;505-541;553-590,Q15653,18,23,"[5.0, 132.0, 141.0, 181.0, 254.0, 257.0, 259.0, 264.0, 322.0, 326.0, 337.0, 344.0, 369.0, 381.0, 383.0, 406.0, 414.0, 417.0, 451.0, 470.0, 492.0, 496.0, 515.0, 526.0, 543.0, 551.0, 583.0]","[13, 19, 160, 177, 341, 347]","[322.0, 326.0, 337.0, 344.0, 369.0, 381.0, 383.0, 406.0, 414.0, 417.0, 451.0, 470.0, 492.0, 496.0, 515.0, 526.0, 583.0]",[19],0.1976748698797333,0.08841141505815839,0.4431212688975491
DEG_SCF_TRCP1_1,Q9Y297,301-338;341-378;381-418;424-461;464-503;505-541;553-590,P19838,926,932,"[5.0, 129.0, 132.0, 137.0, 140.0, 141.0, 142.0, 146.0, 154.0, 157.0, 160.0, 162.0, 181.0, 182.0, 184.0, 230.0, 239.0, 254.0, 257.0, 259.0, 264.0, 268.0, 280.0, 292.0, 293.0, 322.0, 326.0, 331.0, 336.0, 337.0, 339.0, 340.0, 342.0, 343.0, 344.0, 345.0, 354.0, 357.0, 360.0, 362.0, 363.0, 369.0, 381.0, 383.0, 392.0, 398.0, 399.0, 400.0, 403.0, 406.0, 411.0, 414.0, 417.0, 420.0, 423.0, 451.0, 453.0, 456.0, 458.0, 460.0, 464.0, 470.0, 471.0, 475.0, 481.0, 483.0, 487.0, 492.0, 496.0, 500.0, 503.0, 505.0, 507.0, 515.0, 526.0, 531.0, 538.0, 541.0, 543.0, 544.0, 551.0, 555.0, 558.0, 566.0, 570.0, 575.0, 583.0, 585.0, 591.0]","[390, 398, 458, 486, 759, 948]","[322.0, 326.0, 331.0, 336.0, 337.0, 342.0, 343.0, 344.0, 345.0, 354.0, 357.0, 360.0, 362.0, 363.0, 369.0, 381.0, 383.0, 392.0, 398.0, 399.0, 400.0, 403.0, 406.0, 411.0, 414.0, 417.0, 451.0, 453.0, 456.0, 458.0, 460.0, 464.0, 470.0, 471.0, 475.0, 481.0, 483.0, 487.0, 492.0, 496.0, 500.0, 503.0, 505.0, 507.0, 515.0, 526.0, 531.0, 538.0, 541.0, 555.0, 558.0, 566.0, 570.0, 575.0, 583.0, 585.0]",[],0.37724334914767343,0.13129952932958858,0.37353395328348044
DEG_SCF_TRCP1_1,Q9Y297,301-338;341-378;381-418;424-461;464-503;505-541;553-590,P18848,218,224,"[5.0, 132.0, 141.0, 181.0, 182.0, 254.0, 257.0, 259.0, 264.0, 280.0, 322.0, 326.0, 331.0, 337.0, 344.0, 369.0, 381.0, 383.0, 406.0, 414.0, 417.0, 451.0, 470.0, 471.0, 487.0, 492.0, 496.0, 515.0, 526.0, 543.0, 544.0, 551.0, 583.0]","[15, 23, 32, 35, 60, 75, 77, 80, 86, 87, 90, 107, 115, 119, 122, 136, 155, 160, 181, 183, 188, 195, 214, 230, 236, 251]","[322.0, 326.0, 331.0, 337.0, 344.0, 369.0, 381.0, 383.0, 406.0, 414.0, 417.0, 451.0, 470.0, 471.0, 487.0, 492.0, 496.0, 515.0, 526.0, 583.0]",[],0.1859567049555876,0.13013070832803134,0.2558709463076119
DEG_SCF_TRCP1_1,Q9Y297,301-338;341-378;381-418;424-461;464-503;505-541;553-590,O00221,156,161,"[5.0, 129.0, 132.0, 135.0, 137.0, 141.0, 142.0, 146.0, 157.0, 181.0, 182.0, 184.0, 239.0, 254.0, 257.0, 259.0, 264.0, 268.0, 280.0, 292.0, 322.0, 326.0, 331.0, 336.0, 337.0, 339.0, 340.0, 344.0, 345.0, 354.0, 357.0, 360.0, 363.0, 369.0, 381.0, 383.0, 392.0, 398.0, 400.0, 403.0, 406.0, 414.0, 417.0, 420.0, 451.0, 453.0, 458.0, 460.0, 464.0, 470.0, 471.0, 475.0, 481.0, 487.0, 492.0, 496.0, 500.0, 505.0, 507.0, 515.0, 526.0, 531.0, 538.0, 543.0, 544.0, 551.0, 558.0, 570.0, 575.0, 583.0, 585.0, 591.0]","[20, 42, 63, 67, 76, 83, 115, 120, 129, 138, 170]","[322.0, 326.0, 331.0, 336.0, 337.0, 344.0, 345.0, 354.0, 357.0, 360.0, 363.0, 369.0, 381.0, 383.0, 392.0, 398.0, 400.0, 403.0, 406.0, 414.0, 417.0, 451.0, 453.0, 458.0, 460.0, 464.0, 470.0, 471.0, 475.0, 481.0, 487.0, 492.0, 496.0, 500.0, 505.0, 507.0, 515.0, 526.0, 531.0, 538.0, 558.0, 570.0, 575.0, 583.0, 585.0]",[],0.1627658946007832,0.11353132558385434,0.14717358779634762
DEG_SCF_TRCP1_1,Q9Y297,301-338;341-378;381-418;424-461;464-503;505-541;553-590,Q9UKT4,144,149,"[5.0, 132.0, 141.0, 181.0, 254.0, 257.0, 259.0, 264.0, 322.0, 326.0, 337.0, 344.0, 369.0, 381.0, 383.0, 406.0, 414.0, 417.0, 451.0, 470.0, 492.0, 496.0, 515.0, 526.0, 543.0, 551.0, 583.0]","[5, 145, 439]","[322.0, 326.0, 337.0, 344.0, 369.0, 381.0, 383.0, 406.0, 414.0, 417.0, 451.0, 470.0, 492.0, 496.0, 515.0, 526.0, 583.0]",[145],0.21569452275522977,0.09556293598975661,0.32210230836241055
DEG_SCF_TRCP1_1,Q9Y297,301-338;341-378;381-418;424-461;464-503;505-541;553-590,Q12959,597,602,"[5.0, 129.0, 132.0, 141.0, 157.0, 181.0, 182.0, 254.0, 257.0, 259.0, 264.0, 280.0, 322.0, 326.0, 331.0, 337.0, 344.0, 369.0, 381.0, 383.0, 398.0, 406.0, 414.0, 417.0, 451.0, 470.0, 471.0, 481.0, 487.0, 492.0, 496.0, 507.0, 515.0, 526.0, 543.0, 544.0, 551.0, 558.0, 583.0]","[73, 79, 98, 105, 110, 119, 122, 128, 176, 200, 203, 415, 664, 667, 670, 674, 682]","[322.0, 326.0, 331.0, 337.0, 344.0, 369.0, 381.0, 383.0, 398.0, 406.0, 414.0, 417.0, 451.0, 470.0, 471.0, 481.0, 487.0, 492.0, 496.0, 507.0, 515.0, 526.0, 558.0, 583.0]",[],0.35020095212186647,0.14529037027428385,0.37469841450468744
DEG_SCF_TRCP1_1,Q9Y297,301-338;341-378;381-418;424-461;464-503;505-541;553-590,P16471,348,353,"[5.0, 129.0, 132.0, 141.0, 157.0, 181.0, 182.0, 254.0, 257.0, 259.0, 264.0, 280.0, 322.0, 326.0, 331.0, 337.0, 344.0, 369.0, 381.0, 383.0, 406.0, 414.0, 417.0, 451.0, 470.0, 471.0, 487.0, 492.0, 496.0, 507.0, 515.0, 526.0, 543.0, 544.0, 551.0, 558.0, 583.0]","[4, 9, 266, 279, 295, 325, 335, 360, 383, 408, 415, 417, 426, 435, 436, 442, 449, 452, 462, 524, 554, 557, 574, 581, 589, 601, 602, 610, 616]","[322.0, 326.0, 331.0, 337.0, 344.0, 369.0, 381.0, 383.0, 406.0, 414.0, 417.0, 451.0, 470.0, 471.0, 487.0, 492.0, 496.0, 507.0, 515.0, 526.0, 558.0, 583.0]",[],0.1623221412250868,0.13017292248012025,0.22489087409477887
DEG_SCF_TRCP1_1,Q9Y297,301-338;341-378;381-418;424-461;464-503;505-541;553-590,P17181,534,539,"[5.0, 141.0, 181.0, 259.0, 264.0, 322.0, 337.0, 344.0, 381.0, 383.0, 406.0, 414.0, 417.0, 451.0, 470.0, 492.0, 496.0, 526.0, 543.0, 551.0, 583.0]","[6, 462, 464, 480, 485, 486, 501, 515, 520, 523, 525, 535, 537, 538, 546, 547, 549, 552, 555]","[322.0, 337.0, 344.0, 381.0, 383.0, 406.0, 414.0, 417.0, 451.0, 470.0, 492.0, 496.0, 526.0, 583.0]","[535, 537, 538]",0.10365712141349277,0.07420499230680375,0.12609885627857956
DEG_SCF_TRCP1_1,Q9Y297,301-338;341-378;381-418;424-461;464-503;505-541;553-590,Q53EL6,70,76,"[337.0, 381.0, 406.0, 496.0, 526.0, 543.0, 583.0]",[146],"[337.0, 381.0, 406.0, 496.0, 526.0, 583.0]",[],0.10246588806900933,0.03921498917062903,0.15598290598290598
DEG_SCF_TRCP1_1,Q9Y297,301-338;341-378;381-418;424-461;464-503;505-541;553-590,Q6PGQ7,496,501,"[5.0, 141.0, 259.0, 322.0, 337.0, 344.0, 369.0, 381.0, 383.0, 406.0, 414.0, 417.0, 451.0, 470.0, 492.0, 496.0, 526.0, 543.0, 551.0, 583.0]","[72, 163, 172, 198, 300, 316, 326, 456, 489]","[322.0, 337.0, 344.0, 369.0, 381.0, 383.0, 406.0, 414.0, 417.0, 451.0, 470.0, 492.0, 496.0, 526.0, 583.0]",[],0.2825848960075505,0.08361616186144281,0.44783894170249233
DEG_SCF_TRCP1_1,Q9Y297,301-338;341-378;381-418;424-461;464-503;505-541;553-590,O95863,95,100,"[5.0, 132.0, 141.0, 181.0, 254.0, 257.0, 259.0, 264.0, 280.0, 322.0, 326.0, 331.0, 337.0, 344.0, 369.0, 381.0, 383.0, 406.0, 414.0, 417.0, 451.0, 470.0, 471.0, 487.0, 492.0, 496.0, 515.0, 526.0, 543.0, 544.0, 551.0, 583.0]",[143],"[322.0, 326.0, 331.0, 337.0, 344.0, 369.0, 381.0, 383.0, 406.0, 414.0, 417.0, 451.0, 470.0, 471.0, 487.0, 492.0, 496.0, 515.0, 526.0, 583.0]",[],0.16725661477999854,0.12977317521044843,0.17300380228136883
DEG_SCF_TRCP1_1,Q9Y297,301-338;341-378;381-418;424-461;464-503;505-541;553-590,P98174,282,287,"[5.0, 141.0, 259.0, 337.0, 381.0, 406.0, 414.0, 417.0, 496.0, 526.0, 543.0, 551.0, 583.0]","[112, 342, 347]","[337.0, 381.0, 406.0, 414.0, 417.0, 496.0, 526.0, 583.0]",[],0.11076202753085405,0.10860124568419635,0.11787107388178507
DEG_SCF_TRCP1_1,Q9Y297,301-338;341-378;381-418;424-461;464-503;505-541;553-590,Q5JSP0,75,80,"[5.0, 141.0, 259.0, 322.0, 337.0, 381.0, 383.0, 406.0, 414.0, 417.0, 451.0, 470.0, 492.0, 496.0, 526.0, 543.0, 551.0, 583.0]","[26, 100, 116, 120, 132, 134, 135, 497]","[322.0, 337.0, 381.0, 383.0, 406.0, 414.0, 417.0, 451.0, 470.0, 492.0, 496.0, 526.0, 583.0]",[],0.10833906223604037,0.09189820496711042,0.1367047714347339
DEG_SCF_TRCP1_1,Q9Y297,301-338;341-378;381-418;424-461;464-503;505-541;553-590,Q9HAW4,29,34,"[5.0, 132.0, 141.0, 157.0, 181.0, 182.0, 239.0, 254.0, 257.0, 259.0, 264.0, 268.0, 280.0, 322.0, 326.0, 331.0, 337.0, 344.0, 354.0, 360.0, 369.0, 381.0, 383.0, 406.0, 414.0, 417.0, 420.0, 451.0, 470.0, 471.0, 481.0, 487.0, 492.0, 496.0, 500.0, 507.0, 515.0, 526.0, 543.0, 544.0, 551.0, 558.0, 575.0, 583.0]","[10, 690, 865]","[322.0, 326.0, 331.0, 337.0, 344.0, 354.0, 360.0, 369.0, 381.0, 383.0, 406.0, 414.0, 417.0, 451.0, 470.0, 471.0, 481.0, 487.0, 492.0, 496.0, 500.0, 507.0, 515.0, 526.0, 558.0, 575.0, 583.0]",[],0.5231156896347012,0.12161116991505651,0.37815005877118313
DEG_SIAH_1,Q8IUQ4,90-282,P43146,1331,1339,"[26.0, 37.0, 40.0, 82.0, 96.0, 101.0, 108.0, 125.0, 131.0, 141.0, 157.0, 158.0, 179.0, 201.0, 203.0, 206.0, 231.0, 254.0, 261.0, 264.0, 267.0]","[1113, 1307, 1336]","[96.0, 101.0, 108.0, 125.0, 131.0, 141.0, 157.0, 158.0, 179.0, 201.0, 203.0, 206.0, 231.0, 254.0, 261.0, 264.0, 267.0]",[1336],0.151065291843967,0.04715170846894019,0.15352697095435686
DEG_SIAH_1,Q8IUQ4,90-282,Q16633,46,54,"[40.0, 82.0, 101.0, 108.0, 125.0, 131.0, 179.0, 201.0, 203.0, 206.0, 254.0, 264.0]","[38, 83, 180]","[101.0, 108.0, 125.0, 131.0, 179.0, 201.0, 203.0, 206.0, 254.0, 264.0]",[],0.3248151551651466,0.09234299485800107,0.32432391253111464
DEG_SIAH_1,Q8IUQ4,90-282,Q13118,200,208,"[26.0, 33.0, 37.0, 40.0, 82.0, 85.0, 86.0, 96.0, 97.0, 98.0, 101.0, 102.0, 108.0, 113.0, 122.0, 125.0, 131.0, 141.0, 144.0, 148.0, 153.0, 157.0, 158.0, 160.0, 161.0, 174.0, 179.0, 182.0, 195.0, 201.0, 203.0, 206.0, 228.0, 231.0, 232.0, 236.0, 238.0, 240.0, 254.0, 255.0, 257.0, 261.0, 264.0, 267.0, 278.0]","[10, 12, 58, 81, 109, 123, 156, 167, 174, 175, 176, 178, 237, 323, 349, 368, 463, 473]","[96.0, 97.0, 98.0, 101.0, 102.0, 108.0, 113.0, 122.0, 125.0, 131.0, 141.0, 144.0, 148.0, 153.0, 157.0, 158.0, 160.0, 161.0, 174.0, 179.0, 182.0, 195.0, 201.0, 203.0, 206.0, 228.0, 231.0, 232.0, 236.0, 238.0, 240.0, 254.0, 255.0, 257.0, 261.0, 264.0, 267.0, 278.0]",[],0.2578275077618137,0.06949258906226309,0.2777427775585356
DEG_SIAH_1,Q8IUQ4,90-282,Q9HB71,59,67,"[26.0, 33.0, 40.0, 82.0, 96.0, 101.0, 108.0, 125.0, 131.0, 133.0, 141.0, 148.0, 157.0, 158.0, 160.0, 179.0, 200.0, 201.0, 203.0, 206.0, 228.0, 231.0, 232.0, 254.0, 257.0, 261.0, 264.0, 267.0, 278.0]","[55, 57, 58, 219]","[96.0, 101.0, 108.0, 125.0, 131.0, 133.0, 141.0, 148.0, 157.0, 158.0, 160.0, 179.0, 200.0, 201.0, 203.0, 206.0, 228.0, 231.0, 232.0, 254.0, 257.0, 261.0, 264.0, 267.0, 278.0]",[],0.04550590553265275,0.04836983808088986,0.03524229074889868
DEG_SPOP_SBC_1,O43791,31-161,O75367,171,175,"[129.0, 167.0, 219.0, 260.0, 338.0]","[148, 155, 163, 172]",[129.0],[172],0.24068719797885632,0.33913362965002486,0.014836042878441412
DEG_SPOP_SBC_1,O43791,31-161,Q9UER7,608,612,"[129.0, 167.0, 219.0, 260.0, 338.0]","[47, 475, 577, 591, 684, 710]",[129.0],[],0.4052623327505897,0.33939047949504675,0.2970691202242545
DEG_SPOP_SBC_1,O43791,31-161,Q9UER7,680,684,"[129.0, 167.0, 219.0, 260.0, 338.0]","[47, 475, 577, 591, 684, 710]",[129.0],[684],0.42291570810737744,0.33939047949504675,0.29712095835807406
Manual,P46934,610-643;767-800;840-873;892-925,Q9Y4G8,1403,1406,"[636.0, 645.0, 770.0, 772.0, 776.0, 783.0, 847.0, 859.0, 866.0, 902.0, 903.0, 904.0, 924.0, 945.0, 951.0, 963.0, 966.0, 971.0, 979.0]","[497, 598, 1025, 1124, 1261, 1339, 1355]","[636.0, 770.0, 772.0, 776.0, 783.0, 847.0, 859.0, 866.0, 902.0, 903.0, 904.0, 924.0]",[],0.11485591356829643,0.08560234257700446,0.25085698664553985
Manual,P46934,610-643;767-800;840-873;892-925,Q9Y4G8,1425,1428,"[636.0, 645.0, 770.0, 772.0, 776.0, 783.0, 847.0, 859.0, 866.0, 902.0, 903.0, 904.0, 924.0, 945.0, 951.0, 963.0, 966.0, 971.0, 979.0]","[497, 598, 1025, 1124, 1261, 1339, 1355]","[636.0, 770.0, 772.0, 776.0, 783.0, 847.0, 859.0, 866.0, 902.0, 903.0, 904.0, 924.0]",[],0.12364038591943603,0.08560234219983058,0.265543234976648
Manual,P46934,610-643;767-800;840-873;892-925,O14964,234,237,"[556.0, 619.0, 623.0, 626.0, 628.0, 629.0, 630.0, 634.0, 636.0, 645.0, 768.0, 770.0, 771.0, 772.0, 776.0, 778.0, 780.0, 783.0, 787.0, 789.0, 793.0, 795.0, 798.0, 839.0, 840.0, 847.0, 848.0, 849.0, 851.0, 855.0, 859.0, 866.0, 868.0, 897.0, 901.0, 902.0, 903.0, 904.0, 911.0, 912.0, 913.0, 916.0, 918.0, 920.0, 923.0, 924.0, 925.0, 926.0, 938.0, 941.0, 945.0, 946.0, 947.0, 951.0, 962.0, 963.0, 966.0, 967.0, 971.0, 973.0, 975.0, 976.0, 979.0]","[307, 355, 383, 394, 573, 686, 720]","[619.0, 623.0, 626.0, 628.0, 629.0, 630.0, 634.0, 636.0, 768.0, 770.0, 771.0, 772.0, 776.0, 778.0, 780.0, 783.0, 787.0, 789.0, 793.0, 795.0, 798.0, 840.0, 847.0, 848.0, 849.0, 851.0, 855.0, 859.0, 866.0, 868.0, 897.0, 901.0, 902.0, 903.0, 904.0, 911.0, 912.0, 913.0, 916.0, 918.0, 920.0, 923.0, 924.0, 925.0]",[],0.161478382745783,0.0381234025531701,0.3257350325620674
Manual,Q96PU5,193-226;385-418;497-530;548-581,O14964,234,237,"[53.0, 134.0, 152.0, 221.0, 394.0, 422.0, 522.0, 529.0, 564.0, 621.0]","[307, 355, 383, 394, 573, 686, 720]","[221.0, 394.0, 522.0, 529.0, 564.0]",[],0.20256952350288404,0.05374852668266838,0.32572190388653083
Manual,Q96J02,326-359;358-391;438-471;478-511,O14964,234,237,"[16.0, 33.0, 48.0, 54.0, 61.0, 71.0, 77.0, 79.0, 82.0, 116.0, 127.0, 132.0, 148.0, 149.0, 326.0, 330.0, 333.0, 336.0, 352.0, 353.0, 362.0, 373.0, 384.0, 390.0, 402.0, 403.0, 405.0, 407.0, 409.0, 420.0, 445.0, 455.0, 459.0, 461.0, 464.0, 480.0, 484.0, 504.0, 514.0, 520.0, 525.0, 527.0, 543.0, 547.0, 548.0, 552.0, 567.0]","[307, 355, 383, 394, 573, 686, 720]","[326.0, 330.0, 333.0, 336.0, 352.0, 353.0, 362.0, 373.0, 384.0, 390.0, 445.0, 455.0, 459.0, 461.0, 464.0, 480.0, 484.0, 504.0]",[],0.24573350689827733,0.11380773871536401,0.32575281590114363
Manual,P46934,610-643;767-800;840-873;892-925,Q14524,1974,1977,"[619.0, 623.0, 776.0, 798.0, 847.0, 859.0, 901.0, 902.0, 903.0, 904.0, 946.0, 963.0, 966.0, 971.0]","[471, 543, 1174, 1886]","[619.0, 623.0, 776.0, 798.0, 847.0, 859.0, 901.0, 902.0, 903.0, 904.0]",[],0.4149029220328265,0.026252618968377356,0.47499446384684685
Manual,Q96PU5,193-226;385-418;497-530;548-581,Q14524,1974,1977,"[53.0, 134.0, 152.0, 221.0, 394.0, 422.0, 522.0, 529.0, 564.0, 621.0]","[459, 471, 507, 543, 650, 694, 1174, 1886, 1993]","[221.0, 394.0, 522.0, 529.0, 564.0]",[],0.44794760995273003,0.07277336954669898,0.518529787066695
Manual,P46934,610-643;767-800;840-873;892-925,Q9BT67,39,42,"[556.0, 619.0, 623.0, 628.0, 629.0, 630.0, 636.0, 645.0, 768.0, 770.0, 771.0, 772.0, 776.0, 778.0, 780.0, 783.0, 784.0, 787.0, 789.0, 793.0, 795.0, 798.0, 802.0, 839.0, 840.0, 847.0, 848.0, 849.0, 855.0, 859.0, 866.0, 868.0, 897.0, 901.0, 902.0, 903.0, 904.0, 912.0, 913.0, 916.0, 918.0, 923.0, 924.0, 925.0, 926.0, 941.0, 945.0, 946.0, 951.0, 962.0, 963.0, 966.0, 967.0, 971.0, 975.0, 976.0, 979.0]","[1, 6, 10, 12, 13, 14, 19, 21, 22, 26, 27, 30, 36, 40, 41, 43, 55, 58, 66, 70, 77, 78, 80, 81, 82, 83, 91, 94, 99, 100, 102, 104, 111, 207, 213, 216]","[619.0, 623.0, 628.0, 629.0, 630.0, 636.0, 768.0, 770.0, 771.0, 772.0, 776.0, 778.0, 780.0, 783.0, 784.0, 787.0, 789.0, 793.0, 795.0, 798.0, 840.0, 847.0, 848.0, 849.0, 855.0, 859.0, 866.0, 868.0, 897.0, 901.0, 902.0, 903.0, 904.0, 912.0, 913.0, 916.0, 918.0, 923.0, 924.0, 925.0]","[40, 41]",0.0574758299196335,0.03907679868638605,0.1986193037514722
Manual,P46934,610-643;767-800;840-873;892-925,Q9BT67,64,67,"[556.0, 619.0, 623.0, 628.0, 629.0, 630.0, 636.0, 645.0, 768.0, 770.0, 771.0, 772.0, 776.0, 778.0, 780.0, 783.0, 784.0, 787.0, 789.0, 793.0, 795.0, 798.0, 802.0, 839.0, 840.0, 847.0, 848.0, 849.0, 855.0, 859.0, 866.0, 868.0, 897.0, 901.0, 902.0, 903.0, 904.0, 912.0, 913.0, 916.0, 918.0, 923.0, 924.0, 925.0, 926.0, 941.0, 945.0, 946.0, 951.0, 962.0, 963.0, 966.0, 967.0, 971.0, 975.0, 976.0, 979.0]","[1, 6, 10, 12, 13, 14, 19, 21, 22, 26, 27, 30, 36, 40, 41, 43, 55, 58, 66, 70, 77, 78, 80, 81, 82, 83, 91, 94, 99, 100, 102, 104, 111, 207, 213, 216]","[619.0, 623.0, 628.0, 629.0, 630.0, 636.0, 768.0, 770.0, 771.0, 772.0, 776.0, 778.0, 780.0, 783.0, 784.0, 787.0, 789.0, 793.0, 795.0, 798.0, 840.0, 847.0, 848.0, 849.0, 855.0, 859.0, 866.0, 868.0, 897.0, 901.0, 902.0, 903.0, 904.0, 912.0, 913.0, 916.0, 918.0, 923.0, 924.0, 925.0]",[66],0.05630223459632953,0.03907679868638605,0.19237555505849985
Manual,P46934,610-643;767-800;840-873;892-925,Q9NV92,148,151,"[556.0, 619.0, 623.0, 628.0, 629.0, 636.0, 645.0, 768.0, 770.0, 771.0, 772.0, 776.0, 778.0, 780.0, 783.0, 784.0, 787.0, 789.0, 793.0, 795.0, 798.0, 802.0, 839.0, 840.0, 847.0, 848.0, 849.0, 855.0, 859.0, 866.0, 868.0, 897.0, 901.0, 902.0, 903.0, 904.0, 912.0, 913.0, 916.0, 918.0, 923.0, 924.0, 925.0, 926.0, 941.0, 945.0, 946.0, 951.0, 962.0, 963.0, 966.0, 967.0, 971.0, 973.0, 975.0, 979.0]","[4, 16, 18, 22, 23, 24, 26, 28, 29, 43, 46, 50, 55, 57, 74, 76, 86, 90, 91, 94, 100, 102, 104, 108, 110, 111, 115, 123, 124, 126, 128, 129, 134, 138, 139, 143, 147, 148, 150, 152, 158, 162, 173, 175, 176, 183, 185, 187, 188, 197, 201, 203, 213, 214, 216, 224, 325, 330, 335, 336]","[619.0, 623.0, 628.0, 629.0, 636.0, 768.0, 770.0, 771.0, 772.0, 776.0, 778.0, 780.0, 783.0, 784.0, 787.0, 789.0, 793.0, 795.0, 798.0, 840.0, 847.0, 848.0, 849.0, 855.0, 859.0, 866.0, 868.0, 897.0, 901.0, 902.0, 903.0, 904.0, 912.0, 913.0, 916.0, 918.0, 923.0, 924.0, 925.0]","[148, 150]",0.07377073795977732,0.03589951987032208,0.1888772402173298
Manual,P46934,610-643;767-800;840-873;892-925,Q9NV92,174,177,"[556.0, 619.0, 623.0, 628.0, 629.0, 636.0, 645.0, 768.0, 770.0, 771.0, 772.0, 776.0, 778.0, 780.0, 783.0, 784.0, 787.0, 789.0, 793.0, 795.0, 798.0, 802.0, 839.0, 840.0, 847.0, 848.0, 849.0, 855.0, 859.0, 866.0, 868.0, 897.0, 901.0, 902.0, 903.0, 904.0, 912.0, 913.0, 916.0, 918.0, 923.0, 924.0, 925.0, 926.0, 941.0, 945.0, 946.0, 951.0, 962.0, 963.0, 966.0, 967.0, 971.0, 973.0, 975.0, 979.0]","[4, 16, 18, 22, 23, 24, 26, 28, 29, 43, 46, 50, 55, 57, 74, 76, 86, 90, 91, 94, 100, 102, 104, 108, 110, 111, 115, 123, 124, 126, 128, 129, 134, 138, 139, 143, 147, 148, 150, 152, 158, 162, 173, 175, 176, 183, 185, 187, 188, 197, 201, 203, 213, 214, 216, 224, 325, 330, 335, 336]","[619.0, 623.0, 628.0, 629.0, 636.0, 768.0, 770.0, 771.0, 772.0, 776.0, 778.0, 780.0, 783.0, 784.0, 787.0, 789.0, 793.0, 795.0, 798.0, 840.0, 847.0, 848.0, 849.0, 855.0, 859.0, 866.0, 868.0, 897.0, 901.0, 902.0, 903.0, 904.0, 912.0, 913.0, 916.0, 918.0, 923.0, 924.0, 925.0]","[175, 176]",0.07938772788755147,0.03589951987032208,0.21894524923389364
Manual,Q96PU5,193-226;385-418;497-530;548-581,Q9NV92,148,151,"[53.0, 134.0, 151.0, 152.0, 221.0, 394.0, 422.0, 506.0, 522.0, 529.0, 564.0, 621.0]","[4, 22, 23, 26, 28, 38, 46, 57, 74, 76, 86, 90, 91, 94, 108, 111, 115, 124, 126, 129, 134, 139, 143, 148, 150, 154, 158, 162, 173, 185, 187, 188, 197, 203, 216, 224, 325, 336]","[221.0, 394.0, 506.0, 522.0, 529.0, 564.0]","[148, 150]",0.07542016632101038,0.07333293600004066,0.16134998636105652
Manual,Q96PU5,193-226;385-418;497-530;548-581,Q9NV92,174,177,"[53.0, 134.0, 151.0, 152.0, 221.0, 394.0, 422.0, 506.0, 522.0, 529.0, 564.0, 621.0]","[4, 22, 23, 26, 28, 38, 46, 57, 74, 76, 86, 90, 91, 94, 108, 111, 115, 124, 126, 129, 134, 139, 143, 148, 150, 154, 158, 162, 173, 185, 187, 188, 197, 203, 216, 224, 325, 336]","[221.0, 394.0, 506.0, 522.0, 529.0, 564.0]",[],0.08350958730843062,0.07333293600004066,0.1914391757552638
Manual,P46934,610-643;767-800;840-873;892-925,Q16655,101,104,"[619.0, 623.0, 636.0, 645.0, 768.0, 770.0, 771.0, 772.0, 776.0, 783.0, 787.0, 793.0, 798.0, 802.0, 839.0, 840.0, 847.0, 849.0, 855.0, 859.0, 866.0, 897.0, 901.0, 902.0, 903.0, 904.0, 912.0, 913.0, 916.0, 923.0, 924.0, 926.0, 941.0, 945.0, 946.0, 951.0, 962.0, 963.0, 966.0, 967.0, 971.0, 975.0, 979.0]","[1, 6, 20, 24, 27, 28, 55, 60, 64, 69, 70, 73, 75, 78, 80, 83, 100, 102, 104, 106, 107, 112, 113, 114, 116, 117, 118]","[619.0, 623.0, 636.0, 768.0, 770.0, 771.0, 772.0, 776.0, 783.0, 787.0, 793.0, 798.0, 840.0, 847.0, 849.0, 855.0, 859.0, 866.0, 897.0, 901.0, 902.0, 903.0, 904.0, 912.0, 913.0, 916.0, 923.0, 924.0]","[102, 104]",0.0492528638638355,0.042009717641273515,0.2894237195384849
Manual,P46934,610-643;767-800;840-873;892-925,Q16655,113,116,"[619.0, 623.0, 636.0, 645.0, 768.0, 770.0, 771.0, 772.0, 776.0, 783.0, 787.0, 793.0, 798.0, 802.0, 839.0, 840.0, 847.0, 849.0, 855.0, 859.0, 866.0, 897.0, 901.0, 902.0, 903.0, 904.0, 912.0, 913.0, 916.0, 923.0, 924.0, 926.0, 941.0, 945.0, 946.0, 951.0, 962.0, 963.0, 966.0, 967.0, 971.0, 975.0, 979.0]","[1, 6, 20, 24, 27, 28, 55, 60, 64, 69, 70, 73, 75, 78, 80, 83, 100, 102, 104, 106, 107, 112, 113, 114, 116, 117, 118]","[619.0, 623.0, 636.0, 768.0, 770.0, 771.0, 772.0, 776.0, 783.0, 787.0, 793.0, 798.0, 840.0, 847.0, 849.0, 855.0, 859.0, 866.0, 897.0, 901.0, 902.0, 903.0, 904.0, 912.0, 913.0, 916.0, 923.0, 924.0]","[113, 114, 116]",0.054107959144334895,0.0420097171946909,0.3542051759126001
Manual,Q96J02,326-359;358-391;438-471;478-511,Q16655,101,104,"[16.0, 33.0, 48.0, 54.0, 61.0, 71.0, 77.0, 79.0, 82.0, 116.0, 127.0, 132.0, 148.0, 149.0, 326.0, 330.0, 333.0, 336.0, 352.0, 353.0, 362.0, 373.0, 384.0, 390.0, 402.0, 403.0, 405.0, 407.0, 409.0, 420.0, 445.0, 455.0, 459.0, 461.0, 464.0, 480.0, 484.0, 491.0, 498.0, 504.0, 514.0, 520.0, 525.0, 527.0, 543.0, 547.0, 548.0, 552.0, 567.0]","[1, 6, 24, 27, 55, 60, 64, 71, 75, 78, 80, 100, 102, 106, 107, 113, 114, 117]","[326.0, 330.0, 333.0, 336.0, 352.0, 353.0, 362.0, 373.0, 384.0, 390.0, 445.0, 455.0, 459.0, 461.0, 464.0, 480.0, 484.0, 491.0, 498.0, 504.0]",[102],0.14732283894976997,0.11984930296602446,0.30324682246032414
Manual,Q96J02,326-359;358-391;438-471;478-511,Q16655,113,116,"[16.0, 33.0, 48.0, 54.0, 61.0, 71.0, 77.0, 79.0, 82.0, 116.0, 127.0, 132.0, 148.0, 149.0, 326.0, 330.0, 333.0, 336.0, 352.0, 353.0, 362.0, 373.0, 384.0, 390.0, 402.0, 403.0, 405.0, 407.0, 409.0, 420.0, 445.0, 455.0, 459.0, 461.0, 464.0, 480.0, 484.0, 491.0, 498.0, 504.0, 514.0, 520.0, 525.0, 527.0, 543.0, 547.0, 548.0, 552.0, 567.0]","[1, 6, 24, 27, 55, 60, 64, 71, 75, 78, 80, 100, 102, 106, 107, 113, 114, 117]","[326.0, 330.0, 333.0, 336.0, 352.0, 353.0, 362.0, 373.0, 384.0, 390.0, 445.0, 455.0, 459.0, 461.0, 464.0, 480.0, 484.0, 491.0, 498.0, 504.0]","[113, 114]",0.1540560514102876,0.11984930141313185,0.36613846902513625
Manual,P46934,610-643;767-800;840-873;892-925,P51170,624,627,"[619.0, 623.0, 636.0, 772.0, 776.0, 783.0, 798.0, 847.0, 859.0, 866.0, 901.0, 902.0, 903.0, 904.0, 924.0, 926.0, 946.0, 962.0, 963.0, 966.0, 971.0, 979.0]","[10, 134, 136, 138, 140, 149, 151, 178, 185, 186, 191, 192, 572, 586, 592, 595, 599, 601, 602, 604, 607, 609, 611, 614, 616, 626, 629, 631, 633, 638, 639, 640, 641]","[619.0, 623.0, 636.0, 772.0, 776.0, 783.0, 798.0, 847.0, 859.0, 866.0, 901.0, 902.0, 903.0, 904.0, 924.0]",[626],0.09218809631078267,0.05290690900089552,0.27243652492621034
Manual,Q96PU5,193-226;385-418;497-530;548-581,P51170,624,627,"[53.0, 134.0, 152.0, 221.0, 394.0, 422.0, 506.0, 522.0, 529.0, 561.0, 564.0, 621.0]","[3, 10, 15, 17, 134, 136, 137, 138, 139, 140, 141, 149, 150, 151, 178, 184, 185, 186, 191, 192, 572, 575, 578, 586, 592, 593, 595, 598, 599, 601, 602, 604, 607, 609, 610, 611, 612, 614, 616, 619, 621, 626, 629, 630, 631, 633, 638, 639, 640]","[221.0, 394.0, 506.0, 522.0, 529.0, 561.0, 564.0]",[626],0.1845052952927484,0.07368449680067492,0.327875130030018
Manual,P46934,610-643;767-800;840-873;892-925,Q9BSA4,506,509,"[619.0, 623.0, 901.0, 902.0, 946.0]","[80, 426, 436, 441, 442, 452, 454, 467, 474, 485, 497, 498, 510, 520, 534]","[619.0, 623.0, 901.0, 902.0]",[],0.0691773416631295,0.04137635773854659,0.1373427587117806
Manual,Q96PU5,193-226;385-418;497-530;548-581,Q9BSA4,506,509,"[53.0, 152.0, 221.0, 394.0, 422.0, 522.0, 529.0, 564.0, 621.0]","[80, 426, 428, 429, 436, 437, 441, 442, 452, 454, 460, 467, 474, 485, 496, 498, 506, 510, 520, 534]","[221.0, 394.0, 522.0, 529.0, 564.0]",[506],0.09252579622393825,0.052158011415236794,0.12136326951029114
Manual,P46934,610-643;767-800;840-873;892-925,Q07912,632,635,"[619.0, 623.0, 901.0, 946.0]",[762],"[619.0, 623.0, 901.0]",[],0.13680461244861056,0.13159677903546252,0.12391513982642237
Manual,Q96PU5,193-226;385-418;497-530;548-581,Q07912,632,635,"[53.0, 221.0, 394.0, 422.0, 522.0, 564.0, 621.0]","[461, 499, 513, 514, 529, 545, 552, 608, 624, 651, 762, 832, 849, 865, 947]","[221.0, 394.0, 522.0, 564.0]",[],0.12759860190607575,0.05906080543440649,0.14745746411812052
Manual,P46934,610-643;767-800;840-873;892-925,Q15303,1032,1035,"[619.0, 623.0, 636.0, 772.0, 776.0, 783.0, 798.0, 847.0, 859.0, 866.0, 901.0, 902.0, 903.0, 904.0, 924.0, 946.0, 962.0, 963.0, 966.0, 971.0, 979.0]","[3, 1027, 1047, 1053, 1063, 1087, 1101, 1134, 1137, 1180, 1255, 1263, 1271, 1272, 1283, 1284]","[619.0, 623.0, 636.0, 772.0, 776.0, 783.0, 798.0, 847.0, 859.0, 866.0, 901.0, 902.0, 903.0, 904.0, 924.0]",[],0.07238420930280756,0.05056612369276165,0.15782815726386648
Manual,P46934,610-643;767-800;840-873;892-925,Q15303,1053,1056,"[619.0, 623.0, 636.0, 772.0, 776.0, 783.0, 798.0, 847.0, 859.0, 866.0, 901.0, 902.0, 903.0, 904.0, 924.0, 946.0, 962.0, 963.0, 966.0, 971.0, 979.0]","[3, 1027, 1047, 1053, 1063, 1087, 1101, 1134, 1137, 1180, 1255, 1263, 1271, 1272, 1283, 1284]","[619.0, 623.0, 636.0, 772.0, 776.0, 783.0, 798.0, 847.0, 859.0, 866.0, 901.0, 902.0, 903.0, 904.0, 924.0]",[1053],0.06633895811285802,0.05056612436629845,0.1471608830834741
Manual,P46934,610-643;767-800;840-873;892-925,Q15303,1298,1301,"[619.0, 623.0, 636.0, 772.0, 776.0, 783.0, 798.0, 847.0, 859.0, 866.0, 901.0, 902.0, 903.0, 904.0, 924.0, 946.0, 962.0, 963.0, 966.0, 971.0, 979.0]","[3, 1027, 1047, 1053, 1063, 1087, 1101, 1134, 1137, 1180, 1255, 1263, 1271, 1272, 1283, 1284]","[619.0, 623.0, 636.0, 772.0, 776.0, 783.0, 798.0, 847.0, 859.0, 866.0, 901.0, 902.0, 903.0, 904.0, 924.0]",[],0.12940607171197657,0.05056612366931343,0.18010051330522592
Manual,Q9H0M0,349-382;381-414;456-489;496-529,Q15303,1032,1035,"[15.0, 34.0, 77.0, 78.0, 89.0, 91.0, 92.0, 113.0, 130.0, 142.0, 149.0, 347.0, 369.0, 375.0, 383.0, 390.0, 396.0, 400.0, 406.0, 407.0, 415.0, 422.0, 424.0, 428.0, 436.0, 465.0, 482.0, 488.0, 503.0, 507.0, 508.0, 522.0, 531.0, 547.0, 574.0]","[3, 1027, 1053, 1063, 1087, 1110, 1134, 1137, 1255, 1260, 1263]","[369.0, 375.0, 383.0, 390.0, 396.0, 400.0, 406.0, 407.0, 465.0, 482.0, 488.0, 503.0, 507.0, 508.0, 522.0]",[],0.11056233861681328,0.12570307391485466,0.0698802198144001
Manual,Q9H0M0,349-382;381-414;456-489;496-529,Q15303,1053,1056,"[15.0, 34.0, 77.0, 78.0, 89.0, 91.0, 92.0, 113.0, 130.0, 142.0, 149.0, 347.0, 369.0, 375.0, 383.0, 390.0, 396.0, 400.0, 406.0, 407.0, 415.0, 422.0, 424.0, 428.0, 436.0, 465.0, 482.0, 488.0, 503.0, 507.0, 508.0, 522.0, 531.0, 547.0, 574.0]","[3, 1027, 1053, 1063, 1087, 1110, 1134, 1137, 1255, 1260, 1263]","[369.0, 375.0, 383.0, 390.0, 396.0, 400.0, 406.0, 407.0, 465.0, 482.0, 488.0, 503.0, 507.0, 508.0, 522.0]",[1053],0.10534821064600654,0.12570307429787725,0.060436809208476536
Manual,Q9H0M0,349-382;381-414;456-489;496-529,Q15303,1298,1301,"[15.0, 34.0, 77.0, 78.0, 89.0, 91.0, 92.0, 113.0, 130.0, 142.0, 149.0, 347.0, 369.0, 375.0, 383.0, 390.0, 396.0, 400.0, 406.0, 407.0, 415.0, 422.0, 424.0, 428.0, 436.0, 465.0, 482.0, 488.0, 503.0, 507.0, 508.0, 522.0, 531.0, 547.0, 574.0]","[3, 1027, 1053, 1063, 1087, 1110, 1134, 1137, 1255, 1260, 1263]","[369.0, 375.0, 383.0, 390.0, 396.0, 400.0, 406.0, 407.0, 465.0, 482.0, 488.0, 503.0, 507.0, 508.0, 522.0]",[],0.15322657050609,0.12570307429787725,0.13516215142792073
Manual,Q96J02,326-359;358-391;438-471;478-511,Q15303,1032,1035,"[16.0, 33.0, 48.0, 54.0, 61.0, 71.0, 77.0, 79.0, 82.0, 116.0, 127.0, 132.0, 149.0, 326.0, 330.0, 333.0, 336.0, 352.0, 353.0, 362.0, 373.0, 384.0, 390.0, 402.0, 403.0, 405.0, 407.0, 420.0, 445.0, 455.0, 459.0, 461.0, 480.0, 484.0, 504.0, 514.0, 527.0, 543.0, 548.0, 567.0]","[3, 645, 652, 694, 1002, 1003, 1027, 1035, 1047, 1053, 1059, 1063, 1080, 1087, 1103, 1110, 1137, 1151, 1180, 1188, 1191, 1239, 1254, 1255, 1260, 1263, 1268, 1271, 1272, 1278, 1284]","[326.0, 330.0, 333.0, 336.0, 352.0, 353.0, 362.0, 373.0, 384.0, 390.0, 445.0, 455.0, 459.0, 461.0, 480.0, 484.0, 504.0]",[1035],0.15048009786427088,0.10123350809668778,0.135822440774476
Manual,Q96J02,326-359;358-391;438-471;478-511,Q15303,1053,1056,"[16.0, 33.0, 48.0, 54.0, 61.0, 71.0, 77.0, 79.0, 82.0, 116.0, 127.0, 132.0, 149.0, 326.0, 330.0, 333.0, 336.0, 352.0, 353.0, 362.0, 373.0, 384.0, 390.0, 402.0, 403.0, 405.0, 407.0, 420.0, 445.0, 455.0, 459.0, 461.0, 480.0, 484.0, 504.0, 514.0, 527.0, 543.0, 548.0, 567.0]","[3, 645, 652, 694, 1002, 1003, 1027, 1035, 1047, 1053, 1059, 1063, 1080, 1087, 1103, 1110, 1137, 1151, 1180, 1188, 1191, 1239, 1254, 1255, 1260, 1263, 1268, 1271, 1272, 1278, 1284]","[326.0, 330.0, 333.0, 336.0, 352.0, 353.0, 362.0, 373.0, 384.0, 390.0, 445.0, 455.0, 459.0, 461.0, 480.0, 484.0, 504.0]",[1053],0.14554212221207197,0.10123350809668778,0.1290782896666627
Manual,Q96J02,326-359;358-391;438-471;478-511,Q15303,1298,1301,"[16.0, 33.0, 48.0, 54.0, 61.0, 71.0, 77.0, 79.0, 82.0, 116.0, 127.0, 132.0, 149.0, 326.0, 330.0, 333.0, 336.0, 352.0, 353.0, 362.0, 373.0, 384.0, 390.0, 402.0, 403.0, 405.0, 407.0, 420.0, 445.0, 455.0, 459.0, 461.0, 480.0, 484.0, 504.0, 514.0, 527.0, 543.0, 548.0, 567.0]","[3, 645, 652, 694, 1002, 1003, 1027, 1035, 1047, 1053, 1059, 1063, 1080, 1087, 1103, 1110, 1137, 1151, 1180, 1188, 1191, 1239, 1254, 1255, 1260, 1263, 1268, 1271, 1272, 1278, 1284]","[326.0, 330.0, 333.0, 336.0, 352.0, 353.0, 362.0, 373.0, 384.0, 390.0, 445.0, 455.0, 459.0, 461.0, 480.0, 484.0, 504.0]",[],0.18661070741322464,0.10123350809668778,0.17911796778445177
Manual,P46934,610-643;767-800;840-873;892-925,P17302,283,286,"[556.0, 619.0, 628.0, 629.0, 636.0, 771.0, 772.0, 776.0, 783.0, 789.0, 795.0, 839.0, 840.0, 847.0, 848.0, 855.0, 859.0, 866.0, 897.0, 903.0, 904.0, 912.0, 918.0, 924.0, 925.0, 945.0, 951.0, 962.0, 963.0, 966.0, 971.0, 975.0, 979.0]","[4, 141, 328, 347]","[619.0, 628.0, 629.0, 636.0, 771.0, 772.0, 776.0, 783.0, 789.0, 795.0, 840.0, 847.0, 848.0, 855.0, 859.0, 866.0, 897.0, 903.0, 904.0, 912.0, 918.0, 924.0, 925.0]",[],0.1371099310171344,0.04283018790709343,0.33829108638470134
Manual,P46934,610-643;767-800;840-873;892-925,Q13571,256,259,"[619.0, 623.0, 636.0, 645.0, 768.0, 770.0, 772.0, 776.0, 783.0, 787.0, 798.0, 847.0, 849.0, 859.0, 866.0, 901.0, 902.0, 903.0, 904.0, 916.0, 924.0, 926.0, 946.0, 962.0, 963.0, 966.0, 967.0, 971.0, 979.0]","[6, 49, 51, 52, 54, 123, 127, 129, 131, 153, 156, 163, 168, 177, 178, 180, 234, 237, 238, 241, 244, 245, 247, 260]","[619.0, 623.0, 636.0, 768.0, 770.0, 772.0, 776.0, 783.0, 787.0, 798.0, 847.0, 849.0, 859.0, 866.0, 901.0, 902.0, 903.0, 904.0, 916.0, 924.0]",[],0.09865147145483526,0.03784423174969314,0.3746729352986748
Manual,Q96J02,326-359;358-391;438-471;478-511,Q13571,256,259,"[16.0, 33.0, 48.0, 54.0, 61.0, 71.0, 77.0, 79.0, 82.0, 116.0, 127.0, 149.0, 326.0, 330.0, 333.0, 336.0, 353.0, 362.0, 373.0, 384.0, 390.0, 402.0, 403.0, 405.0, 407.0, 420.0, 445.0, 455.0, 459.0, 461.0, 480.0, 484.0, 504.0, 514.0, 543.0, 548.0, 567.0]","[51, 54, 123, 131, 156, 163, 168, 177, 178, 180, 234, 241, 244, 245]","[326.0, 330.0, 333.0, 336.0, 353.0, 362.0, 373.0, 384.0, 390.0, 445.0, 455.0, 459.0, 461.0, 480.0, 484.0, 504.0]",[],0.19365696149305933,0.10135784119176255,0.3564657616825001
Manual,P46934,610-643;767-800;840-873;892-925,P51168,617,620,"[619.0, 623.0, 636.0, 645.0, 768.0, 770.0, 771.0, 772.0, 776.0, 783.0, 787.0, 798.0, 839.0, 840.0, 847.0, 849.0, 855.0, 859.0, 866.0, 897.0, 901.0, 902.0, 903.0, 904.0, 916.0, 924.0, 926.0, 945.0, 946.0, 951.0, 962.0, 963.0, 966.0, 967.0, 971.0, 975.0, 979.0]","[6, 8, 10, 177, 182, 570, 571, 572, 580, 582, 586, 587, 591, 592, 593, 595, 597, 604, 605, 610, 615, 616, 621, 622, 624, 625, 626, 628, 630, 632, 633, 635, 636, 637, 638, 639, 640]","[619.0, 623.0, 636.0, 768.0, 770.0, 771.0, 772.0, 776.0, 783.0, 787.0, 798.0, 840.0, 847.0, 849.0, 855.0, 859.0, 866.0, 897.0, 901.0, 902.0, 903.0, 904.0, 916.0, 924.0]",[],0.09393081308369747,0.042447636959585124,0.15605366172028237
Manual,Q96PU5,193-226;385-418;497-530;548-581,P51168,617,620,"[53.0, 117.0, 134.0, 151.0, 152.0, 221.0, 394.0, 414.0, 422.0, 506.0, 522.0, 529.0, 561.0, 564.0, 579.0, 583.0, 621.0]","[1, 6, 8, 9, 177, 182, 566, 567, 570, 571, 572, 580, 582, 586, 587, 591, 592, 595, 597, 602, 604, 605, 611, 615, 616, 618, 621, 622, 624, 625, 626, 627, 628, 630, 632, 633, 634, 635, 636, 638, 639]","[221.0, 394.0, 414.0, 506.0, 522.0, 529.0, 561.0, 564.0, 579.0]",[618],0.11345002113375983,0.04751751757523084,0.16244844144338969
Manual,P46934,610-643;767-800;840-873;892-925,Q9Y3C5,37,40,"[636.0, 772.0, 776.0, 783.0, 847.0, 859.0, 902.0, 904.0, 924.0, 945.0, 951.0, 963.0, 966.0, 971.0, 975.0, 979.0]","[6, 7, 13, 14, 16, 17, 19, 21, 39, 40, 151]","[636.0, 772.0, 776.0, 783.0, 847.0, 859.0, 902.0, 904.0, 924.0]","[39, 40]",0.07680414971670768,0.06386907731173609,0.1969258062427941
Manual,Q9HAU4,157-190;251-284;297-330,Q9Y3C5,37,40,"[6.0, 69.0, 133.0, 189.0, 257.0, 297.0, 323.0]","[6, 13, 16, 21, 39]","[189.0, 257.0, 297.0, 323.0]",[39],0.09342119715457656,0.09466131200132542,0.1583600167858377
Manual,Q9H0M0,349-382;381-414;456-489;496-529,Q9Y3C5,37,40,"[15.0, 34.0, 77.0, 78.0, 89.0, 92.0, 113.0, 142.0, 149.0, 347.0, 369.0, 375.0, 396.0, 400.0, 407.0, 415.0, 424.0, 428.0, 436.0, 482.0, 488.0, 507.0, 508.0, 522.0, 531.0]","[6, 13, 14, 16, 19, 21, 39]","[369.0, 375.0, 396.0, 400.0, 407.0, 482.0, 488.0, 507.0, 508.0, 522.0]",[39],0.15234296811839784,0.15007362723211032,0.13291298685773728
Manual,P46934,610-643;767-800;840-873;892-925,Q8WUM4,834,837,[902.0],"[721, 723, 743, 758, 789, 828]",[902.0],[],0.11028757024803662,0.08521155047755066,0.12975778546712802
Manual,P46934,610-643;767-800;840-873;892-925,Q4VCS5,239,242,"[636.0, 645.0, 770.0, 771.0, 772.0, 776.0, 783.0, 787.0, 793.0, 795.0, 839.0, 840.0, 847.0, 855.0, 859.0, 866.0, 897.0, 902.0, 903.0, 904.0, 916.0, 923.0, 924.0, 941.0, 945.0, 951.0, 962.0, 963.0, 966.0, 967.0, 971.0, 975.0, 979.0]","[97, 263, 654, 716, 779]","[636.0, 770.0, 771.0, 772.0, 776.0, 783.0, 787.0, 793.0, 795.0, 840.0, 847.0, 855.0, 859.0, 866.0, 897.0, 902.0, 903.0, 904.0, 916.0, 923.0, 924.0]",[],0.102441618631746,0.04830687395664761,0.292402216373047
Manual,P46934,610-643;767-800;840-873;892-925,Q4VCS5,284,287,"[636.0, 645.0, 770.0, 771.0, 772.0, 776.0, 783.0, 787.0, 793.0, 795.0, 839.0, 840.0, 847.0, 855.0, 859.0, 866.0, 897.0, 902.0, 903.0, 904.0, 916.0, 923.0, 924.0, 941.0, 945.0, 951.0, 962.0, 963.0, 966.0, 967.0, 971.0, 975.0, 979.0]","[97, 263, 654, 716, 779]","[636.0, 770.0, 771.0, 772.0, 776.0, 783.0, 787.0, 793.0, 795.0, 840.0, 847.0, 855.0, 859.0, 866.0, 897.0, 902.0, 903.0, 904.0, 916.0, 923.0, 924.0]",[],0.09619667084156633,0.048306874300294435,0.27567012425194226
Manual,Q96PU5,193-226;385-418;497-530;548-581,Q4VCS5,239,242,"[53.0, 221.0, 394.0, 422.0, 522.0, 529.0, 564.0, 621.0]","[97, 263, 716]","[221.0, 394.0, 522.0, 529.0, 564.0]",[],0.15704878575830358,0.04566946783178773,0.19701370371235594
Manual,Q96PU5,193-226;385-418;497-530;548-581,Q4VCS5,284,287,"[53.0, 221.0, 394.0, 422.0, 522.0, 529.0, 564.0, 621.0]","[97, 263, 716]","[221.0, 394.0, 522.0, 529.0, 564.0]",[],0.1511324508281421,0.04566946783178773,0.19671283206891266
Manual,Q96J02,326-359;358-391;438-471;478-511,Q4VCS5,239,242,"[16.0, 33.0, 48.0, 54.0, 61.0, 71.0, 77.0, 79.0, 82.0, 116.0, 127.0, 132.0, 148.0, 149.0, 326.0, 330.0, 333.0, 336.0, 352.0, 353.0, 362.0, 373.0, 384.0, 390.0, 402.0, 403.0, 405.0, 407.0, 420.0, 445.0, 455.0, 459.0, 461.0, 480.0, 484.0, 504.0, 514.0, 527.0, 543.0, 548.0, 552.0, 567.0]","[97, 263, 716]","[326.0, 330.0, 333.0, 336.0, 352.0, 353.0, 362.0, 373.0, 384.0, 390.0, 445.0, 455.0, 459.0, 461.0, 480.0, 484.0, 504.0]",[],0.15642415616273395,0.09973824063299278,0.22873806374931263
Manual,Q96J02,326-359;358-391;438-471;478-511,Q4VCS5,284,287,"[16.0, 33.0, 48.0, 54.0, 61.0, 71.0, 77.0, 79.0, 82.0, 116.0, 127.0, 132.0, 148.0, 149.0, 326.0, 330.0, 333.0, 336.0, 352.0, 353.0, 362.0, 373.0, 384.0, 390.0, 402.0, 403.0, 405.0, 407.0, 420.0, 445.0, 455.0, 459.0, 461.0, 480.0, 484.0, 504.0, 514.0, 527.0, 543.0, 548.0, 552.0, 567.0]","[97, 263, 716]","[326.0, 330.0, 333.0, 336.0, 352.0, 353.0, 362.0, 373.0, 384.0, 390.0, 445.0, 455.0, 459.0, 461.0, 480.0, 484.0, 504.0]",[],0.14699158028967885,0.09973824063299278,0.20715878441962943
Manual,P46934,610-643;767-800;840-873;892-925,P37231,113,116,[902.0],"[76, 77, 83, 84, 94, 110]",[902.0],[],0.08090818280656575,0.08521155047755066,0.034929660341096305
Manual,Q9HCE7,234-267;306-339,P37231,113,116,"[23.0, 41.0, 66.0, 99.0, 237.0, 338.0, 378.0]",[4],"[237.0, 338.0]",[],0.23259335989323754,0.2285545579891987,0.21924603174603174
Manual,P46934,610-643;767-800;840-873;892-925,O15399,1004,1007,[902.0],"[22, 614, 835, 922, 973]",[902.0],[],0.27910810547669995,0.08521155047755066,0.3818009050151382
Manual,P46934,610-643;767-800;840-873;892-925,O95835,373,376,[902.0],"[368, 374, 432, 527, 628]",[902.0],[374],0.10403069170885551,0.08521155047755066,0.11967208490817775
Manual,P46934,610-643;767-800;840-873;892-925,O95835,556,559,[902.0],"[368, 374, 432, 527, 628]",[902.0],[],0.08775580182669637,0.08521155047755066,0.08614378157224589
Manual,Q9H0M0,349-382;381-414;456-489;496-529,O95835,373,376,"[15.0, 34.0, 77.0, 78.0, 89.0, 92.0, 113.0, 142.0, 149.0, 347.0, 369.0, 375.0, 396.0, 400.0, 407.0, 415.0, 424.0, 428.0, 436.0, 482.0, 488.0, 507.0, 508.0, 522.0, 531.0]","[59, 257, 391, 548]","[369.0, 375.0, 396.0, 400.0, 407.0, 482.0, 488.0, 507.0, 508.0, 522.0]",[],0.12361593521235373,0.12889064463871674,0.1302833661133468
Manual,Q9H0M0,349-382;381-414;456-489;496-529,O95835,556,559,"[15.0, 34.0, 77.0, 78.0, 89.0, 92.0, 113.0, 142.0, 149.0, 347.0, 369.0, 375.0, 396.0, 400.0, 407.0, 415.0, 424.0, 428.0, 436.0, 482.0, 488.0, 507.0, 508.0, 522.0, 531.0]","[59, 257, 391, 548]","[369.0, 375.0, 396.0, 400.0, 407.0, 482.0, 488.0, 507.0, 508.0, 522.0]",[],0.21648947196221882,0.12889064378646797,0.28327922323723614
Manual,Q96J02,326-359;358-391;438-471;478-511,O95835,373,376,"[54.0, 71.0, 77.0, 116.0, 149.0, 336.0, 353.0, 384.0, 390.0, 402.0, 403.0, 405.0, 407.0, 420.0, 459.0, 461.0, 484.0, 514.0]","[59, 257, 391, 548]","[336.0, 353.0, 384.0, 390.0, 459.0, 461.0, 484.0]",[],0.13795183745654976,0.12074439383619444,0.1367044230458984
Manual,Q96J02,326-359;358-391;438-471;478-511,O95835,556,559,"[54.0, 71.0, 77.0, 116.0, 149.0, 336.0, 353.0, 384.0, 390.0, 402.0, 403.0, 405.0, 407.0, 420.0, 459.0, 461.0, 484.0, 514.0]","[59, 257, 391, 548]","[336.0, 353.0, 384.0, 390.0, 459.0, 461.0, 484.0]",[],0.21642500728404093,0.12074439383619444,0.21676237119034195
Manual,P46934,610-643;767-800;840-873;892-925,Q01628,17,20,"[619.0, 623.0, 798.0, 847.0, 859.0, 901.0, 902.0, 946.0]","[4, 5, 13, 22, 32, 90]","[619.0, 623.0, 798.0, 847.0, 859.0, 901.0, 902.0]",[],0.04190835505323247,0.041399137263137764,0.14539179824611936
Manual,P46934,610-643;767-800;840-873;892-925,P23759,444,447,[902.0],"[178, 338, 421]",[902.0],[],0.12488599555177346,0.08521155047755066,0.2625376015180781
Manual,P46934,610-643;767-800;840-873;892-925,Q969T9,167,170,"[619.0, 623.0, 768.0, 776.0, 798.0, 847.0, 849.0, 859.0, 901.0, 902.0, 903.0, 904.0, 926.0, 946.0, 963.0, 966.0, 971.0]","[144, 150, 155, 165, 166, 173, 177, 180, 183, 193, 198, 199, 203, 205, 206, 211, 212, 214, 217, 220, 223, 224, 226, 229, 234, 235, 244, 248, 254, 255, 258]","[619.0, 623.0, 768.0, 776.0, 798.0, 847.0, 849.0, 859.0, 901.0, 902.0, 903.0, 904.0]",[],0.04943105354309859,0.04384209170469871,0.16065536802693042
Manual,P46934,610-643;767-800;840-873;892-925,Q969T9,197,200,"[619.0, 623.0, 768.0, 776.0, 798.0, 847.0, 849.0, 859.0, 901.0, 902.0, 903.0, 904.0, 926.0, 946.0, 963.0, 966.0, 971.0]","[144, 150, 155, 165, 166, 173, 177, 180, 183, 193, 198, 199, 203, 205, 206, 211, 212, 214, 217, 220, 223, 224, 226, 229, 234, 235, 244, 248, 254, 255, 258]","[619.0, 623.0, 768.0, 776.0, 798.0, 847.0, 849.0, 859.0, 901.0, 902.0, 903.0, 904.0]","[198, 199]",0.038180080392075516,0.04384209170469871,0.10063353495141403
Manual,P46934,610-643;767-800;840-873;892-925,Q969T9,249,252,"[619.0, 623.0, 768.0, 776.0, 798.0, 847.0, 849.0, 859.0, 901.0, 902.0, 903.0, 904.0, 926.0, 946.0, 963.0, 966.0, 971.0]","[144, 150, 155, 165, 166, 173, 177, 180, 183, 193, 198, 199, 203, 205, 206, 211, 212, 214, 217, 220, 223, 224, 226, 229, 234, 235, 244, 248, 254, 255, 258]","[619.0, 623.0, 768.0, 776.0, 798.0, 847.0, 849.0, 859.0, 901.0, 902.0, 903.0, 904.0]",[],0.04341325149741947,0.04384209170469871,0.17123492158150097
Manual,P46934,610-643;767-800;840-873;892-925,O14641,565,568,"[619.0, 623.0, 776.0, 847.0, 859.0, 901.0, 902.0, 903.0, 904.0, 946.0, 963.0, 966.0, 971.0]","[231, 400, 562]","[619.0, 623.0, 776.0, 847.0, 859.0, 901.0, 902.0, 903.0, 904.0]",[],0.08864225080363788,0.04785743207403206,0.2276468926951999
Manual,Q96PU5,193-226;385-418;497-530;548-581,O14641,565,568,"[53.0, 394.0, 422.0, 522.0, 564.0, 621.0]","[231, 400, 562]","[394.0, 522.0, 564.0]",[],0.13807510834945902,0.06329735776777778,0.2285965844286741
Manual,Q9H0M0,349-382;381-414;456-489;496-529,O14641,565,568,"[15.0, 34.0, 77.0, 78.0, 89.0, 92.0, 113.0, 142.0, 149.0, 347.0, 369.0, 375.0, 396.0, 400.0, 407.0, 415.0, 422.0, 424.0, 428.0, 436.0, 482.0, 488.0, 503.0, 507.0, 508.0, 522.0, 531.0]","[144, 231, 400, 529, 562]","[369.0, 375.0, 396.0, 400.0, 407.0, 482.0, 488.0, 503.0, 507.0, 508.0, 522.0]",[],0.21648721097313525,0.1362511004032449,0.2630465636277843
Manual,Q96J02,326-359;358-391;438-471;478-511,O14641,565,568,"[48.0, 54.0, 71.0, 77.0, 116.0, 149.0, 326.0, 336.0, 353.0, 384.0, 390.0, 402.0, 403.0, 405.0, 407.0, 420.0, 455.0, 459.0, 461.0, 480.0, 484.0, 514.0]","[144, 175, 215, 227, 231, 400, 529, 554, 562]","[326.0, 336.0, 353.0, 384.0, 390.0, 455.0, 459.0, 461.0, 480.0, 484.0]",[],0.22692579535859322,0.10689778154666385,0.29235689912815876
Manual,P46934,610-643;767-800;840-873;892-925,Q15012,207,210,"[619.0, 623.0, 901.0, 902.0, 946.0]","[3, 12, 14, 21, 55, 57, 61, 70, 76, 77, 138, 139, 153, 201, 202, 203, 205, 208, 209, 211, 214, 215, 217, 218, 226, 228, 231]","[619.0, 623.0, 901.0, 902.0]","[208, 209]",0.0651969857075126,0.041355871155101684,0.29042656746322554
Manual,P46934,610-643;767-800;840-873;892-925,Q15012,227,230,"[619.0, 623.0, 901.0, 902.0, 946.0]","[3, 12, 14, 21, 55, 57, 61, 70, 76, 77, 138, 139, 153, 201, 202, 203, 205, 208, 209, 211, 214, 215, 217, 218, 226, 228, 231]","[619.0, 623.0, 901.0, 902.0]",[228],0.07092341969771769,0.041355871155101684,0.3473343774076714
Manual,Q96PU5,193-226;385-418;497-530;548-581,Q9NY46,1967,1970,"[53.0, 221.0, 394.0, 422.0, 522.0, 564.0, 621.0]","[48, 468, 541, 550, 552, 556, 559, 615, 687, 703, 725, 1029, 1061, 1117, 1118, 1148, 1164, 1884]","[221.0, 394.0, 522.0, 564.0]",[],0.48060267186362343,0.05909808170074044,0.5527552019692047
Manual,Q96PU5,193-226;385-418;497-530;548-581,Q9Y5Y9,1918,1921,"[53.0, 394.0, 422.0, 522.0, 564.0, 621.0]","[288, 951, 1018, 1829, 1916]","[394.0, 522.0, 564.0]",[],0.2657704523534321,0.0636082085816002,0.2533878399721073
Manual,Q96PU5,193-226;385-418;497-530;548-581,Q99250,1972,1975,"[53.0, 221.0, 394.0, 422.0, 522.0, 564.0, 621.0]","[36, 50, 307, 482, 513, 526, 552, 554, 561, 610, 615, 617, 649, 674, 689, 720, 726, 729, 997, 1036, 1043, 1071, 1955, 1976]","[221.0, 394.0, 522.0, 564.0]",[],0.5256812157332105,0.059162978978565754,0.5880293914761051
Manual,Q96PU5,193-226;385-418;497-530;548-581,Q15858,1955,1958,"[53.0, 221.0, 394.0, 422.0, 522.0, 529.0, 564.0, 621.0]","[39, 446, 491, 561, 563, 567, 570, 624, 626, 709, 1030, 1048, 1073, 1142, 1925]","[221.0, 394.0, 522.0, 529.0, 564.0]",[],0.569303401616401,0.045880050299487704,0.6076278811703182
Manual,Q96PU5,193-226;385-418;497-530;548-581,P37088,641,644,"[53.0, 134.0, 152.0, 221.0, 394.0, 422.0, 522.0, 529.0, 564.0, 621.0]","[22, 26, 43, 46, 208, 214, 588, 603, 619, 641, 664]","[221.0, 394.0, 522.0, 529.0, 564.0]",[641],0.2659066933397124,0.07314852885213476,0.5132489104476475
Manual,Q96PU5,193-226;385-418;497-530;548-581,Q15796,222,225,"[53.0, 394.0, 422.0, 522.0, 564.0, 621.0]","[186, 197, 248, 258]","[394.0, 522.0, 564.0]",[],0.06666358650393148,0.05902373488463739,0.06383777718357288
Manual,Q9HAU4,157-190;251-284;297-330,Q15796,222,225,"[6.0, 44.0, 65.0, 68.0, 69.0, 82.0, 86.0, 121.0, 133.0, 135.0, 163.0, 183.0, 189.0, 190.0, 191.0, 198.0, 199.0, 257.0, 293.0, 297.0, 304.0, 305.0, 309.0, 317.0, 319.0, 323.0, 326.0, 371.0, 377.0, 384.0, 405.0]","[102, 105, 107, 186, 193, 197, 207, 216, 218, 233, 241, 242, 245, 248, 249, 252, 258]","[163.0, 183.0, 189.0, 190.0, 257.0, 297.0, 304.0, 305.0, 309.0, 317.0, 319.0, 323.0, 326.0]",[],0.08293175617928632,0.08269595686360737,0.06741169146312859
Manual,Q9H0M0,349-382;381-414;456-489;496-529,Q15796,222,225,"[15.0, 34.0, 77.0, 78.0, 89.0, 91.0, 92.0, 113.0, 130.0, 142.0, 149.0, 347.0, 369.0, 375.0, 383.0, 396.0, 400.0, 406.0, 407.0, 415.0, 422.0, 424.0, 428.0, 436.0, 465.0, 482.0, 488.0, 503.0, 507.0, 508.0, 522.0, 531.0, 547.0]","[186, 197, 216, 242, 248, 249, 252, 258]","[369.0, 375.0, 383.0, 396.0, 400.0, 406.0, 407.0, 465.0, 482.0, 488.0, 503.0, 507.0, 508.0, 522.0]",[],0.14184084247456458,0.1284052627123269,0.052592491539057665
Manual,Q96J02,326-359;358-391;438-471;478-511,Q15796,222,225,"[16.0, 33.0, 48.0, 54.0, 61.0, 71.0, 77.0, 79.0, 82.0, 114.0, 116.0, 127.0, 132.0, 148.0, 149.0, 326.0, 330.0, 333.0, 336.0, 352.0, 353.0, 362.0, 373.0, 384.0, 390.0, 394.0, 402.0, 403.0, 405.0, 407.0, 409.0, 420.0, 445.0, 455.0, 459.0, 461.0, 464.0, 480.0, 484.0, 491.0, 498.0, 504.0, 514.0, 520.0, 525.0, 527.0, 543.0, 547.0, 548.0, 552.0, 556.0, 567.0]","[96, 105, 186, 193, 197, 207, 209, 216, 218, 242, 245, 248, 249, 252, 258]","[326.0, 330.0, 333.0, 336.0, 352.0, 353.0, 362.0, 373.0, 384.0, 390.0, 445.0, 455.0, 459.0, 461.0, 464.0, 480.0, 484.0, 491.0, 498.0, 504.0]",[],0.1223109840877714,0.10357384835092734,0.06497944746347745
Manual,Q96PU5,193-226;385-418;497-530;548-581,P11686,13,16,"[53.0, 221.0, 394.0, 422.0, 522.0, 564.0, 621.0]","[10, 26, 30, 75]","[221.0, 394.0, 522.0, 564.0]",[],0.07188178317388537,0.06334256544420667,0.14852705187335305
Manual,Q96PU5,193-226;385-418;497-530;548-581,P84022,181,184,"[53.0, 221.0, 394.0, 422.0, 522.0, 564.0, 621.0]","[158, 178]","[221.0, 394.0, 522.0, 564.0]",[],0.05792276953354571,0.05922595358338086,0.034193072116599894
Manual,Q9HAU4,157-190;251-284;297-330,P84022,181,184,"[6.0, 65.0, 69.0, 82.0, 86.0, 121.0, 133.0, 135.0, 163.0, 183.0, 189.0, 190.0, 191.0, 257.0, 293.0, 297.0, 298.0, 304.0, 305.0, 309.0, 310.0, 317.0, 319.0, 323.0, 326.0, 371.0, 377.0, 384.0, 405.0]","[146, 149, 159, 162, 164, 165, 169, 171, 175, 176, 180, 184, 187, 188, 189, 190, 195, 196, 197, 198, 199, 201, 202, 206, 210, 213, 214, 215, 216, 423, 425]","[163.0, 183.0, 189.0, 190.0, 257.0, 297.0, 298.0, 304.0, 305.0, 309.0, 310.0, 317.0, 319.0, 323.0, 326.0]",[184],0.07555020244624891,0.06923873684758446,0.05921028146027115
Manual,O00308,300-333;330-363;405-437;444-477,P84022,181,184,"[28.0, 32.0, 37.0, 54.0, 114.0, 115.0, 117.0, 120.0, 133.0, 134.0, 135.0, 305.0, 309.0, 324.0, 326.0, 338.0, 349.0, 355.0, 356.0, 371.0, 427.0, 430.0, 434.0, 451.0, 452.0, 470.0, 472.0, 474.0, 493.0, 502.0, 528.0]","[146, 149, 162, 164, 165, 169, 175, 176, 180, 187, 188, 189, 190, 195, 196, 197, 198, 199, 201, 202, 206, 207, 210, 213, 214, 215, 216, 423, 425]","[305.0, 309.0, 324.0, 326.0, 338.0, 349.0, 355.0, 356.0, 427.0, 430.0, 434.0, 451.0, 452.0, 470.0, 472.0, 474.0]",[],0.12363821777869359,0.12381767339421632,0.06329869366621137
Manual,Q96PU5,193-226;385-418;497-530;548-581,Q16625,9,12,"[53.0, 221.0, 394.0, 422.0, 522.0, 529.0, 564.0, 621.0]","[16, 24]","[221.0, 394.0, 522.0, 529.0, 564.0]",[],0.041717805568587556,0.04577657564176801,0.01055662188099808
Manual,Q96J02,326-359;358-391;438-471;478-511,Q16625,9,12,"[16.0, 33.0, 48.0, 54.0, 61.0, 71.0, 77.0, 79.0, 82.0, 116.0, 127.0, 132.0, 148.0, 149.0, 326.0, 330.0, 333.0, 336.0, 352.0, 353.0, 362.0, 373.0, 384.0, 390.0, 402.0, 403.0, 405.0, 407.0, 409.0, 420.0, 445.0, 455.0, 459.0, 461.0, 464.0, 480.0, 484.0, 491.0, 498.0, 504.0, 514.0, 520.0, 525.0, 527.0, 543.0, 547.0, 548.0, 552.0, 567.0]",[16],"[326.0, 330.0, 333.0, 336.0, 352.0, 353.0, 362.0, 373.0, 384.0, 390.0, 445.0, 455.0, 459.0, 461.0, 464.0, 480.0, 484.0, 491.0, 498.0, 504.0]",[],0.10545628552254022,0.12063736570337814,0.01055662188099808
Manual,Q96PU5,193-226;385-418;497-530;548-581,Q12809,1075,1078,"[53.0, 221.0, 394.0, 422.0, 522.0, 564.0, 621.0]","[251, 314, 919, 1006, 1076, 1093]","[221.0, 394.0, 522.0, 564.0]",[1076],0.26139243317601596,0.0633500573371224,0.3770029361920421
Manual,Q96PU5,193-226;385-418;497-530;548-581,Q6UUV7,445,448,"[53.0, 394.0, 422.0, 522.0, 564.0, 621.0]",[406],"[394.0, 522.0, 564.0]",[],0.07078814944158048,0.06326432296945338,0.06553398058252427
Manual,Q9HCE7,234-267;306-339,Q13950,423,426,"[23.0, 41.0, 66.0, 99.0, 115.0, 237.0, 257.0, 338.0, 378.0]","[91, 481]","[237.0, 257.0, 338.0]",[],0.2662155844565388,0.17649437702224594,0.37010505525591614
Manual,Q9HAU4,157-190;251-284;297-330,Q13950,423,426,"[6.0, 65.0, 69.0, 82.0, 86.0, 121.0, 133.0, 135.0, 163.0, 183.0, 189.0, 190.0, 191.0, 257.0, 293.0, 297.0, 304.0, 305.0, 309.0, 323.0, 326.0, 371.0, 377.0]","[12, 28, 33, 37, 87, 91, 261, 275, 281, 287, 366, 398, 413, 428, 430, 468, 473, 481, 493, 518]","[163.0, 183.0, 189.0, 190.0, 257.0, 297.0, 304.0, 305.0, 309.0, 323.0, 326.0]",[],0.23257480575116649,0.07769441190844562,0.37461957301218735
Manual,Q9H0M0,349-382;381-414;456-489;496-529,Q13950,423,426,"[15.0, 34.0, 77.0, 78.0, 89.0, 92.0, 113.0, 142.0, 149.0, 347.0, 369.0, 375.0, 396.0, 400.0, 407.0, 415.0, 424.0, 428.0, 436.0, 482.0, 488.0, 507.0, 508.0, 522.0, 531.0]","[91, 481]","[369.0, 375.0, 396.0, 400.0, 407.0, 482.0, 488.0, 507.0, 508.0, 522.0]",[],0.22740021735065036,0.13617172279340914,0.37178764847608714
Manual,O00308,300-333;330-363;405-437;444-477,Q13950,423,426,"[28.0, 32.0, 37.0, 54.0, 114.0, 115.0, 117.0, 120.0, 133.0, 134.0, 135.0, 305.0, 309.0, 324.0, 326.0, 338.0, 349.0, 355.0, 356.0, 371.0, 427.0, 430.0, 434.0, 451.0, 452.0, 470.0, 472.0, 474.0, 493.0, 502.0, 528.0]","[29, 33, 91, 254, 261, 275, 287, 398, 428, 434, 475, 481, 508]","[305.0, 309.0, 324.0, 326.0, 338.0, 349.0, 355.0, 356.0, 427.0, 430.0, 434.0, 451.0, 452.0, 470.0, 472.0, 474.0]",[],0.1922662087144435,0.12267359983778217,0.2615446152881934
Manual,Q9HCE7,234-267;306-339,Q99717,223,226,"[23.0, 41.0, 66.0, 99.0, 237.0, 338.0, 378.0]",[197],"[237.0, 338.0]",[],0.1835910272074838,0.21109510935120504,0.059267241379310345
Manual,Q9HAU4,157-190;251-284;297-330,Q99717,223,226,"[6.0, 69.0, 133.0, 189.0, 257.0, 297.0, 323.0]","[165, 185, 191, 197, 227, 228, 232]","[189.0, 257.0, 297.0, 323.0]",[],0.08453187780693505,0.09359352370797962,0.04805782210270744
Manual,Q9HCE7,234-267;306-339,Q15797,224,227,"[23.0, 41.0, 66.0, 99.0, 237.0, 315.0, 338.0, 378.0]",[170],"[237.0, 315.0, 338.0]",[],0.1700494714812788,0.17710627317012284,0.11961206896551724
Manual,Q9HAU4,157-190;251-284;297-330,Q15797,224,227,"[6.0, 69.0, 86.0, 121.0, 133.0, 135.0, 183.0, 189.0, 191.0, 257.0, 297.0, 309.0, 323.0, 377.0]","[167, 170, 173, 178, 202, 204, 214, 216, 219, 463]","[183.0, 189.0, 257.0, 297.0, 309.0, 323.0]",[],0.10559493032910068,0.06902629782353398,0.11236466236738164
Manual,Q9HCE7,234-267;306-339,Q8N0X7,171,174,"[23.0, 41.0, 51.0, 66.0, 77.0, 99.0, 115.0, 129.0, 139.0, 237.0, 246.0, 250.0, 257.0, 315.0, 338.0, 378.0, 382.0, 408.0]","[123, 179, 354, 383, 516, 647, 666]","[237.0, 246.0, 250.0, 257.0, 315.0, 338.0]",[],0.2720814530065661,0.16559305004867192,0.3536557518674019
Manual,Q9H0M0,349-382;381-414;456-489;496-529,Q8N0X7,171,174,"[15.0, 34.0, 77.0, 78.0, 89.0, 92.0, 113.0, 142.0, 149.0, 347.0, 369.0, 375.0, 396.0, 400.0, 407.0, 415.0, 424.0, 436.0, 482.0, 488.0, 507.0, 508.0, 522.0, 531.0]","[123, 179, 383, 666]","[369.0, 375.0, 396.0, 400.0, 407.0, 482.0, 488.0, 507.0, 508.0, 522.0]",[],0.23631311463962448,0.1384303648743981,0.28467793106136463
Manual,Q9HCE7,234-267;306-339,Q9Y6I3,545,548,"[23.0, 41.0, 66.0, 77.0, 99.0, 115.0, 129.0, 139.0, 237.0, 257.0, 315.0, 338.0, 378.0]","[298, 365, 375, 506]","[237.0, 257.0, 315.0, 338.0]",[],0.19437059887195426,0.17683417192757442,0.18431409802226367
Manual,Q9HCE7,234-267;306-339,Q9Y2U5,166,169,"[23.0, 41.0, 99.0, 237.0, 338.0, 378.0]",[247],"[237.0, 338.0]",[],0.13873558969511315,0.12969982464144078,0.12864077669902912
Manual,Q9HCE7,234-267;306-339,Q9NWM3,128,131,"[4.0, 23.0, 41.0, 51.0, 66.0, 77.0, 99.0, 115.0, 120.0, 129.0, 139.0, 237.0, 246.0, 250.0, 257.0, 315.0, 336.0, 338.0, 378.0, 382.0, 408.0]","[141, 153, 368]","[237.0, 246.0, 250.0, 257.0, 315.0, 336.0, 338.0]",[],0.24447413816505065,0.14646157829458128,0.2383635790673204
Manual,Q9HCE7,234-267;306-339,Q9NWM3,133,136,"[4.0, 23.0, 41.0, 51.0, 66.0, 77.0, 99.0, 115.0, 120.0, 129.0, 139.0, 237.0, 246.0, 250.0, 257.0, 315.0, 336.0, 338.0, 378.0, 382.0, 408.0]","[141, 153, 368]","[237.0, 246.0, 250.0, 257.0, 315.0, 336.0, 338.0]",[],0.2406494736783514,0.14646157829458128,0.2253765660803074
Manual,Q9HCE7,234-267;306-339,Q9H5N1,281,284,"[23.0, 41.0, 66.0, 99.0, 139.0, 237.0, 338.0, 378.0]","[399, 414]","[237.0, 338.0]",[],0.2062856836366771,0.19623662169652675,0.2051056338028169
Manual,Q9HCE7,234-267;306-339,Q9Y5W3,81,84,"[23.0, 41.0, 51.0, 66.0, 77.0, 99.0, 115.0, 129.0, 139.0, 237.0, 246.0, 250.0, 257.0, 315.0, 336.0, 338.0, 378.0, 382.0, 408.0]","[20, 29, 31, 48, 49, 63, 67, 91, 104, 124, 139, 144, 153, 158, 161, 193, 210, 215, 244, 246]","[237.0, 246.0, 250.0, 257.0, 315.0, 336.0, 338.0]",[],0.19025555955052295,0.14484731732154665,0.18853265825806365
Manual,Q9H0M0,349-382;381-414;456-489;496-529,Q9Y5W3,81,84,"[15.0, 34.0, 77.0, 78.0, 89.0, 92.0, 113.0, 142.0, 149.0, 347.0, 369.0, 375.0, 396.0, 400.0, 407.0, 415.0, 424.0, 428.0, 436.0, 482.0, 488.0, 507.0, 508.0, 522.0, 531.0]","[29, 31, 49, 124, 153, 159, 215]","[369.0, 375.0, 396.0, 400.0, 407.0, 482.0, 488.0, 507.0, 508.0, 522.0]",[],0.16300843074238014,0.13608877706597183,0.17738362746892003
Manual,Q9HCE7,234-267;306-339,Q9P2Y5,520,523,"[23.0, 41.0, 51.0, 66.0, 77.0, 99.0, 115.0, 129.0, 139.0, 237.0, 246.0, 250.0, 257.0, 315.0, 338.0, 378.0, 382.0, 408.0]","[26, 505, 511, 650, 687]","[237.0, 246.0, 250.0, 257.0, 315.0, 338.0]",[],0.15993864427866733,0.1654889502414255,0.22836966909954856
Manual,Q9HAU4,157-190;251-284;297-330,Q13887,325,328,"[6.0, 26.0, 65.0, 69.0, 82.0, 86.0, 121.0, 124.0, 133.0, 135.0, 163.0, 183.0, 189.0, 190.0, 191.0, 257.0, 293.0, 297.0, 298.0, 304.0, 305.0, 309.0, 310.0, 319.0, 323.0, 326.0, 371.0, 377.0, 384.0, 405.0]","[11, 18, 31, 33, 48, 51, 63, 65, 69, 70, 73, 74, 85, 89, 94, 101, 111, 126, 128, 131, 133, 142, 152, 155, 164, 182, 188, 208, 211, 215, 216, 233, 234, 255, 261, 270, 285, 289, 308, 317, 325, 327, 330, 331, 333, 339, 348, 360, 362, 372]","[163.0, 183.0, 189.0, 190.0, 257.0, 297.0, 298.0, 304.0, 305.0, 309.0, 310.0, 319.0, 323.0, 326.0]","[325, 327]",0.20149033285724433,0.062329956019362635,0.32436859407451746
Manual,Q9H0M0,349-382;381-414;456-489;496-529,Q13887,325,328,"[15.0, 77.0, 78.0, 89.0, 92.0, 113.0, 142.0, 369.0, 375.0, 396.0, 400.0, 407.0, 415.0, 424.0, 436.0, 482.0, 488.0, 507.0, 508.0, 522.0]","[51, 155, 182, 216, 308]","[369.0, 375.0, 396.0, 400.0, 407.0, 482.0, 488.0, 507.0, 508.0, 522.0]",[],0.18649483318851198,0.16428762129406127,0.21845897947992243
Manual,Q9H0M0,349-382;381-414;456-489;496-529,Q9Y2J4,210,213,"[15.0, 34.0, 77.0, 78.0, 89.0, 91.0, 92.0, 113.0, 130.0, 142.0, 149.0, 347.0, 369.0, 375.0, 383.0, 396.0, 400.0, 406.0, 407.0, 415.0, 424.0, 428.0, 436.0, 465.0, 482.0, 488.0, 503.0, 507.0, 508.0, 522.0, 531.0, 547.0]","[39, 194, 278, 605, 662, 686]","[369.0, 375.0, 383.0, 396.0, 400.0, 406.0, 407.0, 465.0, 482.0, 488.0, 503.0, 507.0, 508.0, 522.0]",[],0.3009138416620671,0.1360872330921615,0.3381318551651852
Manual,O00308,300-333;330-363;405-437;444-477,Q01860,64,67,"[28.0, 32.0, 37.0, 54.0, 114.0, 115.0, 117.0, 120.0, 133.0, 134.0, 135.0, 305.0, 309.0, 324.0, 326.0, 338.0, 349.0, 355.0, 356.0, 371.0, 427.0, 430.0, 434.0, 451.0, 452.0, 470.0, 472.0, 474.0, 493.0, 502.0, 528.0]","[37, 113, 289, 317]","[305.0, 309.0, 324.0, 326.0, 338.0, 349.0, 355.0, 356.0, 427.0, 430.0, 434.0, 451.0, 452.0, 470.0, 472.0, 474.0]",[],0.2055294542043365,0.11673697703082404,0.38134226975817237
Manual,Q96J02,326-359;358-391;438-471;478-511,Q01860,64,67,"[54.0, 71.0, 77.0, 149.0, 336.0, 384.0, 390.0, 405.0, 459.0, 484.0]","[37, 289]","[336.0, 384.0, 390.0, 459.0, 484.0]",[],0.22630207924521037,0.1674392316260375,0.3493471063305095
Manual,O00308,300-333;330-363;405-437;444-477,Q9Y5R6,296,299,"[28.0, 32.0, 37.0, 54.0, 114.0, 115.0, 117.0, 120.0, 133.0, 134.0, 135.0, 305.0, 309.0, 324.0, 326.0, 338.0, 349.0, 355.0, 356.0, 371.0, 427.0, 430.0, 434.0, 451.0, 452.0, 470.0, 472.0, 474.0, 493.0, 502.0, 528.0]","[10, 58, 138, 144, 179, 213, 224, 247, 267, 349, 351]","[305.0, 309.0, 324.0, 326.0, 338.0, 349.0, 355.0, 356.0, 427.0, 430.0, 434.0, 451.0, 452.0, 470.0, 472.0, 474.0]",[],0.16789149010959412,0.13015298335898104,0.3150996095864581
Manual,O00308,300-333;330-363;405-437;444-477,P11161,171,174,"[28.0, 32.0, 37.0, 54.0, 114.0, 115.0, 117.0, 120.0, 133.0, 134.0, 135.0, 305.0, 309.0, 324.0, 326.0, 338.0, 349.0, 355.0, 356.0, 371.0, 427.0, 430.0, 434.0, 451.0, 452.0, 470.0, 472.0, 474.0, 493.0, 502.0, 528.0]","[26, 56, 60, 62, 65, 80, 97, 98, 107, 121, 122, 136, 141, 148, 163, 168, 169, 180, 182, 187, 188, 199, 200, 201, 206, 212, 213, 216, 225, 227, 233, 256, 261, 264, 266, 272, 278, 279, 287, 307, 312, 313, 314, 315, 318, 320, 325, 427, 429, 435, 438, 442, 447, 448]","[305.0, 309.0, 324.0, 326.0, 338.0, 349.0, 355.0, 356.0, 427.0, 430.0, 434.0, 451.0, 452.0, 470.0, 472.0, 474.0]",[],0.16983723289600394,0.1167768808768389,0.21155747420853774
Manual,O00308,300-333;330-363;405-437;444-477,P11161,205,208,"[28.0, 32.0, 37.0, 54.0, 114.0, 115.0, 117.0, 120.0, 133.0, 134.0, 135.0, 305.0, 309.0, 324.0, 326.0, 338.0, 349.0, 355.0, 356.0, 371.0, 427.0, 430.0, 434.0, 451.0, 452.0, 470.0, 472.0, 474.0, 493.0, 502.0, 528.0]","[26, 56, 60, 62, 65, 80, 97, 98, 107, 121, 122, 136, 141, 148, 163, 168, 169, 180, 182, 187, 188, 199, 200, 201, 206, 212, 213, 216, 225, 227, 233, 256, 261, 264, 266, 272, 278, 279, 287, 307, 312, 313, 314, 315, 318, 320, 325, 427, 429, 435, 438, 442, 447, 448]","[305.0, 309.0, 324.0, 326.0, 338.0, 349.0, 355.0, 356.0, 427.0, 430.0, 434.0, 451.0, 452.0, 470.0, 472.0, 474.0]",[206],0.1671345523441338,0.11677688082220677,0.1963848296943429
Manual,Q96J02,326-359;358-391;438-471;478-511,P05412,167,170,"[54.0, 71.0, 77.0, 116.0, 149.0, 336.0, 384.0, 390.0, 402.0, 403.0, 405.0, 407.0, 420.0, 459.0, 461.0, 484.0, 514.0]","[3, 35, 39, 77, 87, 96, 103, 111, 123, 127, 180, 216, 243]","[336.0, 384.0, 390.0, 459.0, 461.0, 484.0]",[],0.17471474377427132,0.12067406823721218,0.23322764598647058
Manual,Q96J02,326-359;358-391;438-471;478-511,P17275,179,182,"[54.0, 71.0, 77.0, 149.0, 336.0, 384.0, 390.0, 402.0, 403.0, 405.0, 459.0, 484.0, 514.0]","[22, 25, 26, 42, 67, 84, 94, 100, 134, 138, 146, 171, 194, 209, 220, 336]","[336.0, 384.0, 390.0, 459.0, 484.0]",[],0.19075405307654117,0.12102118581447967,0.24697818695182971
Manual,Q96J02,326-359;358-391;438-471;478-511,Q14511,109,112,"[54.0, 71.0, 77.0, 149.0, 336.0, 384.0, 390.0, 402.0, 403.0, 405.0, 459.0, 484.0, 514.0]","[226, 292, 293]","[336.0, 384.0, 390.0, 459.0, 484.0]",[],0.16702382962508633,0.12133415992120358,0.17862063338633488
Manual,Q96J02,326-359;358-391;438-471;478-511,Q16630,387,390,"[54.0, 71.0, 77.0, 384.0, 390.0, 405.0, 484.0]","[12, 66]","[384.0, 390.0, 484.0]",[],0.36260799329176446,0.1679425702409871,0.6347043847719425
Manual,Q96J02,326-359;358-391;438-471;478-511,Q16621,80,83,"[54.0, 71.0, 77.0, 149.0, 336.0, 384.0, 390.0, 402.0, 403.0, 405.0, 459.0, 484.0, 514.0]","[16, 66, 68, 72, 79, 125, 136, 154, 160, 206]","[336.0, 384.0, 390.0, 459.0, 484.0]",[],0.14800001637101495,0.1208539949192854,0.12980081565028037
Manual,Q96J02,326-359;358-391;438-471;478-511,Q9H3M7,331,334,"[16.0, 33.0, 48.0, 54.0, 61.0, 71.0, 77.0, 79.0, 82.0, 116.0, 127.0, 132.0, 149.0, 326.0, 330.0, 333.0, 336.0, 352.0, 353.0, 362.0, 373.0, 384.0, 390.0, 402.0, 403.0, 405.0, 407.0, 420.0, 445.0, 455.0, 459.0, 461.0, 480.0, 484.0, 491.0, 504.0, 514.0, 520.0, 527.0, 543.0, 548.0, 567.0]","[307, 309, 319, 321, 324, 332, 333, 338, 342, 343, 349, 351, 354, 356, 362, 364, 365, 366, 368, 374, 380, 382, 385, 386, 387, 390, 391]","[326.0, 330.0, 333.0, 336.0, 352.0, 353.0, 362.0, 373.0, 384.0, 390.0, 445.0, 455.0, 459.0, 461.0, 480.0, 484.0, 491.0, 504.0]","[332, 333]",0.15101869461263867,0.11544900230097889,0.06974946340689292
Manual,Q96J02,326-359;358-391;438-471;478-511,Q9H3M7,375,378,"[16.0, 33.0, 48.0, 54.0, 61.0, 71.0, 77.0, 79.0, 82.0, 116.0, 127.0, 132.0, 149.0, 326.0, 330.0, 333.0, 336.0, 352.0, 353.0, 362.0, 373.0, 384.0, 390.0, 402.0, 403.0, 405.0, 407.0, 420.0, 445.0, 455.0, 459.0, 461.0, 480.0, 484.0, 491.0, 504.0, 514.0, 520.0, 527.0, 543.0, 548.0, 567.0]","[307, 309, 319, 321, 324, 332, 333, 338, 342, 343, 349, 351, 354, 356, 362, 364, 365, 366, 368, 374, 380, 382, 385, 386, 387, 390, 391]","[326.0, 330.0, 333.0, 336.0, 352.0, 353.0, 362.0, 373.0, 384.0, 390.0, 445.0, 455.0, 459.0, 461.0, 480.0, 484.0, 491.0, 504.0]",[],0.13974377042451042,0.11544900250689163,0.06522910614579773
Manual,Q96J02,326-359;358-391;438-471;478-511,P08151,856,859,"[54.0, 71.0, 77.0, 149.0, 336.0, 384.0, 390.0, 402.0, 403.0, 405.0, 459.0, 484.0, 514.0]","[52, 106, 114, 116, 142, 146, 156, 167, 170, 205, 405, 406, 418, 429, 452, 467, 479, 608, 696, 772, 790, 804, 807, 818, 823, 859, 867, 875, 939, 945, 960, 961, 976, 993, 997, 998, 999, 1001, 1011, 1049, 1078]","[336.0, 384.0, 390.0, 459.0, 484.0]",[859],0.2802386419106435,0.13935632189782432,0.27302872769705344
Manual,Q96J02,326-359;358-391;438-471;478-511,P08151,869,872,"[54.0, 71.0, 77.0, 149.0, 336.0, 384.0, 390.0, 402.0, 403.0, 405.0, 459.0, 484.0, 514.0]","[52, 106, 114, 116, 142, 146, 156, 167, 170, 205, 405, 406, 418, 429, 452, 467, 479, 608, 696, 772, 790, 804, 807, 818, 823, 859, 867, 875, 939, 945, 960, 961, 976, 993, 997, 998, 999, 1001, 1011, 1049, 1078]","[336.0, 384.0, 390.0, 459.0, 484.0]",[],0.2835570977907724,0.13935632189782432,0.27594903115062014
Manual,Q96J02,326-359;358-391;438-471;478-511,Q9BTU6,15,18,"[54.0, 71.0, 77.0, 149.0, 336.0, 384.0, 390.0, 402.0, 403.0, 405.0, 459.0, 484.0, 514.0]",[464],"[336.0, 384.0, 390.0, 459.0, 484.0]",[],0.4678877250562882,0.13501901389358326,0.9361924686192469
Manual,Q96J02,326-359;358-391;438-471;478-511,Q8WWW0,21,24,"[54.0, 71.0, 77.0, 149.0, 336.0, 384.0, 390.0, 403.0, 405.0, 459.0, 484.0, 514.0]","[6, 43, 46, 104]","[336.0, 384.0, 390.0, 459.0, 484.0]",[],0.14822014005980538,0.13965518655599812,0.0833586183269544
Manual,Q96J02,326-359;358-391;438-471;478-511,Q13635,642,645,"[16.0, 48.0, 54.0, 71.0, 77.0, 79.0, 116.0, 132.0, 149.0, 326.0, 336.0, 353.0, 373.0, 384.0, 390.0, 402.0, 403.0, 405.0, 407.0, 420.0, 455.0, 459.0, 461.0, 480.0, 484.0, 514.0, 527.0]","[678, 1210, 1279]","[326.0, 336.0, 353.0, 373.0, 384.0, 390.0, 455.0, 459.0, 461.0, 480.0, 484.0]",[],0.29585963851329306,0.09481560936054347,0.2854491181488071
Manual,Q96J02,326-359;358-391;438-471;478-511,Q13635,1313,1316,"[16.0, 48.0, 54.0, 71.0, 77.0, 79.0, 116.0, 132.0, 149.0, 326.0, 336.0, 353.0, 373.0, 384.0, 390.0, 402.0, 403.0, 405.0, 407.0, 420.0, 455.0, 459.0, 461.0, 480.0, 484.0, 514.0, 527.0]","[678, 1210, 1279]","[326.0, 336.0, 353.0, 373.0, 384.0, 390.0, 455.0, 459.0, 461.0, 480.0, 484.0]",[],0.15092253861792698,0.09481560742036663,0.1785896093753977
Manual,Q96J02,326-359;358-391;438-471;478-511,Q8NEA6,304,307,"[54.0, 71.0, 77.0, 79.0, 116.0, 132.0, 149.0, 326.0, 336.0, 353.0, 384.0, 390.0, 402.0, 403.0, 405.0, 407.0, 420.0, 455.0, 459.0, 461.0, 480.0, 484.0, 514.0, 527.0]","[41, 42, 117, 254, 306, 657]","[326.0, 336.0, 353.0, 384.0, 390.0, 455.0, 459.0, 461.0, 480.0, 484.0]",[306],0.2620334599086822,0.11304320454195971,0.3009530924987459
Manual,Q96J02,326-359;358-391;438-471;478-511,Q8NEA6,680,683,"[54.0, 71.0, 77.0, 79.0, 116.0, 132.0, 149.0, 326.0, 336.0, 353.0, 384.0, 390.0, 402.0, 403.0, 405.0, 407.0, 420.0, 455.0, 459.0, 461.0, 480.0, 484.0, 514.0, 527.0]","[41, 42, 117, 254, 306, 657]","[326.0, 336.0, 353.0, 384.0, 390.0, 455.0, 459.0, 461.0, 480.0, 484.0]",[],0.43458040037825973,0.11304320454195971,0.5590022323039047
Manual,Q96J02,326-359;358-391;438-471;478-511,O43294,35,38,"[16.0, 48.0, 54.0, 61.0, 71.0, 77.0, 79.0, 116.0, 132.0, 149.0, 326.0, 333.0, 336.0, 352.0, 353.0, 373.0, 384.0, 390.0, 402.0, 403.0, 405.0, 407.0, 420.0, 455.0, 459.0, 461.0, 480.0, 484.0, 514.0, 527.0, 567.0]",[36],"[326.0, 333.0, 336.0, 352.0, 353.0, 373.0, 384.0, 390.0, 455.0, 459.0, 461.0, 480.0, 484.0]",[36],0.10067303581672708,0.11294102164293464,0.002173913043478261
Manual,Q76N89,829-862;1018-1051,O14640,550,553,"[121.0, 163.0, 183.0, 218.0, 229.0, 241.0, 257.0, 275.0, 310.0, 832.0, 836.0, 854.0, 855.0, 944.0, 969.0, 972.0, 1008.0, 1036.0, 1044.0, 1175.0, 1243.0]","[107, 190, 193, 213, 233, 238, 354, 361, 368, 385, 405, 544, 566, 571, 572, 590, 622, 639, 664, 667]","[832.0, 836.0, 854.0, 855.0, 1036.0, 1044.0]",[],0.24151846928476683,0.2127024456517539,0.24330612111905858
Manual,O43791,31-161,Q9Y6Q9,99,103,"[129.0, 167.0, 219.0, 260.0, 338.0]","[4, 17, 18, 21, 24, 25, 27, 28, 31, 32, 96, 103, 106, 385, 386, 390, 397, 402, 405, 410, 415, 417, 421, 422, 426, 427, 428, 433, 452, 460, 463, 464, 465, 475, 478, 483, 486, 489, 498, 501, 502, 521, 535, 538, 539, 543, 544, 545, 546, 549, 553, 559, 563, 567, 571, 582, 584, 587, 598, 602, 604, 606, 616, 622, 633, 639, 645, 648, 661, 662, 664, 674, 678, 682, 689, 690, 693, 695, 701, 710, 716, 724, 729, 730, 731, 738, 740, 741, 747, 749, 756, 761, 770, 773, 779, 782, 786, 800, 804, 812, 822, 845, 855, 856, 857, 859, 862, 865, 868, 869, 871, 875, 876, 877, 879, 885, 890, 898, 912, 914, 918, 921, 932, 935, 940, 946, 954, 957, 962, 976, 983, 1009, 1023, 1029, 1032, 1042, 1046, 1083, 1086, 1087, 1091, 1094, 1095, 1097, 1098, 1103, 1107, 1108, 1111, 1113, 1124, 1129, 1132, 1135, 1139, 1143, 1144, 1148, 1150, 1159, 1160, 1168, 1172, 1177, 1179, 1188, 1189, 1194, 1201, 1211, 1268, 1276, 1286, 1299, 1302, 1305, 1312, 1324, 1325, 1330, 1338, 1349, 1351, 1355, 1361, 1373, 1375, 1380, 1387, 1393, 1405, 1407, 1408, 1414, 1417, 1420, 1421]",[129.0],[103],0.49813347082362824,0.3394099553133075,0.50256692506884
Manual,O43791,31-161,P10275,645,649,"[129.0, 167.0, 219.0, 260.0, 338.0]","[10, 20, 39, 43, 90, 96, 102, 107, 113, 119, 123, 127, 139, 146, 154, 158, 162, 185, 190, 202, 205, 216, 225, 234, 256, 295, 362, 398, 410, 413, 417, 434, 442, 450, 458, 473, 493, 506, 525, 543, 643, 662]",[129.0],[],0.39742227134347086,0.339360416228176,0.3965616259078478
Manual,O43791,31-161,P60484,359,363,"[129.0, 167.0, 219.0, 260.0, 338.0]","[395, 403]",[129.0],[],0.22016993462097967,0.3384089530941892,0.09455549865135872
Manual,O43791,31-161,Q16829,190,194,"[129.0, 167.0, 219.0, 260.0, 338.0]","[3, 6, 10, 28, 34, 39, 40, 43, 202, 205, 208, 210, 217, 218, 225, 228, 230, 396, 402, 403, 405, 409, 411, 412, 418]",[129.0],[],0.3441663455772124,0.3393778339312826,0.3236986986110145
Manual,O43791,31-161,P35659,285,289,"[129.0, 167.0, 219.0, 260.0, 338.0]","[35, 69, 80, 190, 230, 246, 273, 283, 289, 290, 294, 308]",[129.0],[289],0.41677645131879265,0.3391314515636076,0.23941490012131703
Manual,O43791,31-161,P03372,572,576,"[129.0, 167.0, 219.0, 260.0, 338.0]","[19, 26, 59, 63, 133, 134, 141, 151, 159, 172, 575, 590]",[129.0],[575],0.5790662101347901,0.3392067106974988,0.7176825357446407
Manual,O43791,31-161,Q12834,61,65,"[129.0, 167.0, 219.0, 260.0, 338.0]","[60, 66, 80, 91, 94, 97, 99, 497]",[129.0],[],0.24266526429065788,0.33939042182425017,0.14552082700454771
Manual,O43791,31-161,Q27J81,1145,1149,"[129.0, 167.0, 219.0, 260.0, 338.0]",[19],[129.0],[],0.8719143124640318,0.3391103680977687,0.9038461538461539
Manual,O43791,31-161,O60885,292,296,"[129.0, 167.0, 219.0, 260.0, 338.0]",[1200],[129.0],[],0.6488605633300026,0.3390566316163842,0.665686994856723
Manual,O43791,31-161,P25440,283,287,"[129.0, 167.0, 219.0, 260.0, 338.0]","[40, 548, 755]",[129.0],[],0.46572409731525477,0.3389724664460614,0.4592639472182408
Manual,O43791,31-161,Q15059,246,250,"[129.0, 167.0, 219.0, 260.0, 338.0]","[246, 691, 703]",[129.0],[246],0.35891393673188654,0.3392810321406949,0.3076137316564015
Manual,O43791,31-161,Q9H5J0,196,200,"[129.0, 167.0, 219.0, 260.0, 338.0]","[33, 276, 392]",[129.0],[],0.2827621929774869,0.33903162523955416,0.25166264468670724
Manual,O43791,31-161,Q9H5J0,272,276,"[129.0, 167.0, 219.0, 260.0, 338.0]","[33, 276, 392]",[129.0],[276],0.2318251112164054,0.33903162523955416,0.20489280101100393
Manual,O43791,31-161,P11308,42,46,"[129.0, 167.0, 219.0, 260.0, 338.0]","[3, 10, 17, 22, 25, 29, 31, 34, 38, 40, 43, 45, 46, 47, 49, 50, 52, 55, 58, 59, 64, 70, 71, 77, 78, 80, 81, 83, 87, 89, 90, 92, 94, 100, 101, 103, 104, 106, 108, 113, 117, 203, 205, 206, 207, 208, 214, 219, 220, 222, 223, 228, 229, 231, 232, 236, 237, 238, 242, 245, 249, 253, 255, 256, 265, 270, 273, 275, 280, 282, 285, 287, 291, 293, 300, 407, 409, 420, 421, 423, 436, 437, 439, 444, 445, 446, 449, 452, 455, 459, 460, 462, 463, 469, 473, 474, 475, 479]",[129.0],"[43, 45, 46]",0.3762486523510294,0.3394040949542784,0.370841402738737
Manual,O43791,31-161,Q9H9S0,66,70,"[129.0, 167.0, 219.0, 260.0, 338.0]","[5, 6, 7, 19, 27, 33, 37, 52, 54, 57, 59, 60, 61, 62, 65, 74, 81, 84, 92, 164, 166, 169, 172, 175, 181, 183, 185, 189, 190, 191, 194, 197, 203, 205, 208, 214, 216, 224, 226, 234, 236, 240, 244, 245, 246, 249, 251, 260, 269, 272, 274, 279, 282, 283, 287, 296, 297, 300]",[129.0],[],0.3597400870345485,0.33938691379557345,0.3715919700600672
Manual,O43791,31-161,Q99836,134,138,"[129.0, 167.0, 219.0, 260.0, 338.0]","[6, 13, 14, 125, 128, 135, 137, 146, 150]",[129.0],"[135, 137]",0.2732394073931891,0.33929512930105143,0.09075679248942624
Manual,O43791,31-161,Q14444,435,439,"[129.0, 167.0, 219.0, 260.0, 338.0]","[20, 257, 266, 269, 280, 281, 325, 343, 362, 429, 431, 458, 476, 490, 538, 543, 640]",[129.0],[],0.19472202274558945,0.339168961760423,0.13752841126814572
Manual,O43791,31-161,Q7Z7J5,44,48,"[129.0, 167.0, 219.0, 260.0, 338.0]","[9, 51, 68]",[129.0],[],0.2701044548307706,0.3390932754680874,0.09575432431005813
Manual,O43791,31-161,Q12888,1641,1645,"[129.0, 167.0, 219.0, 260.0, 338.0]","[9, 54, 183, 259, 439, 496, 554, 581, 665, 942, 1029, 1221, 1320, 1321, 1619, 1685]",[129.0],[],0.4231125301127644,0.33921542821746065,0.43318109513009434
