E3,Substrate,label,SVM
Q99728,P24928,1.0,0.28098535760371374
Q99728,P38398,1.0,0.5773809221816745
Q99728,P16104,1.0,0.07693409601450028
Q99728,P03372,1.0,0.11427095261065767
Q15386,Q15386,1.0,0.05484999583808484
Q15386,O75155,1.0,0.2159454435349188
Q15386,O15169,1.0,0.07394144505159862
Q15386,Q8NEB9,1.0,0.09227756539457961
Q6PJ69,Q8NDV7,1.0,0.2623668763816966
Q6PJ69,P07355,1.0,0.5
Q6PJ69,P19320,1.0,0.6373682755121272
Q6PJ69,Q9NRY4,1.0,0.409642975658132
Q9NYG5,O95997,1.0,0.1538610431526714
Q9NYG5,Q9NQW6,1.0,0.34120247299034123
Q9NYG5,O75496,1.0,0.44318007320968694
Q9NYG5,P14635,1.0,0.18553763908853535
Q9UKT8,Q9NP62,1.0,0.0733775523790865
Q9UKT8,P24864,1.0,0.1400991892709654
Q9UKT8,O96020,1.0,0.133122377983914
Q9UKT8,P35548,1.0,0.048362383109362264
Q75N03,P12830,1.0,0.1686161594310612
Q75N03,Q93070,1.0,0.04326849111508872
Q75N03,Q14247,1.0,0.24863533045009875
Q75N03,P07355,1.0,0.029354239658964103
O95628,O95628,1.0,0.13333925692406806
O95628,P41229,1.0,0.1129822489973821
O95628,P46937,1.0,0.5
O95628,Q96T37,1.0,0.12604532093675544
Q8IWR1,O75367,1.0,0.12117110828882373
Q8IWR1,P60484,1.0,0.34145337103837037
Q8IWR1,P35813,1.0,0.12203681372029748
Q8IWR1,P04637,1.0,0.21968963588777246
Q9P2J3,Q6PGQ7,1.0,0.39140207402223204
Q9P2J3,P14635,1.0,0.34196349324668623
Q9P2J3,Q96GD4,1.0,0.3483322088504883
Q9P2J3,P17676,1.0,0.12919182084813552
O94972,O94972,1.0,0.26547961501560685
O94972,Q12933,1.0,0.17907453857366684
O94972,O15105,1.0,0.4836166481453352
O94972,Q9Y4K3,1.0,0.1651196984230857
Q6PCT2,P63000,1.0,0.06548436671729416
Q6PCT2,Q01638,1.0,0.3890272287599355
Q6PCT2,P60953,1.0,0.031427462705282704
Q6PCT2,P43699,1.0,0.07279087633660543
Q9Y577,Q14653,1.0,0.7780926044376405
Q9Y577,Q9Y577,1.0,0.6980025506122549
Q9Y577,Q07820,1.0,0.8460710143620914
Q9Y577,Q9Y5A6,1.0,0.7233995933981385
Q8WY64,Q8WY64,1.0,0.17733525672252584
Q8WY64,P01130,1.0,0.20386094121177786
Q8WY64,Q14114,1.0,0.1846790403054911
Q8WY64,P98155,1.0,0.36599405007656804
Q9UK99,Q9H2X6,1.0,0.4083716353987568
Q9UK99,Q09472,1.0,0.37287902874644663
Q9UK99,Q9NXK8,1.0,0.02620405794778694
Q9UK99,Q9HCE7,1.0,0.08250385257349452
P36406,Q9Y4K3,1.0,0.14103144146042262
P36406,P36406,1.0,0.09627058002213286
P36406,P04637,1.0,0.24782536285722567
P36406,Q9Y6K9,1.0,0.16363115609807297
Q86T96,O95409,1.0,0.14985276429989586
Q86T96,P08134,1.0,0.650340058118412
Q86T96,Q9NYY3,1.0,0.6866358342075527
Q86T96,O95388,1.0,0.25349703610312935
Q9H0F5,P04637,1.0,0.11708188307890073
Q9H0F5,P29350,1.0,0.15666380944405073
Q9H0F5,Q01196,1.0,0.42919397780897145
Q9H0F5,Q86U70,1.0,0.10924677512322646
Q8TCJ0,P19419,1.0,0.5701993188369486
Q8TCJ0,O96004,1.0,0.33037352511780627
Q8TCJ0,P52952,1.0,0.7393223350494544
Q8TCJ0,P61371,1.0,0.3496115334663666
Q9UMS4,O43395,1.0,0.41901965613099423
Q9UMS4,P15927,1.0,0.08956958335433392
Q9UMS4,P27694,1.0,0.3509168670990521
Q9UMS4,P67809,1.0,0.0441942147220713
A8MQ27,Q9UNE0,1.0,0.0880733534683348
A8MQ27,Q9NR61,1.0,0.07582696022554783
A8MQ27,Q9NYJ7,1.0,0.0831599116750953
A8MQ27,O00548,1.0,0.12241058277860226
Q8TDB6,Q8TDB6,1.0,0.08943062722012335
Q8TDB6,P62805,1.0,0.07903198591411381
Q8TDB6,Q13501,1.0,0.0533693014544411
Q8TDB6,P06899,1.0,0.119907208469835
Q5VTR2,Q96A08,1.0,0.14549165316419302
Q5VTR2,P62807,1.0,0.10305670192428991
Q5VTR2,Q9UQ80,1.0,0.060804900183760696
Q5VTR2,Q16778,1.0,0.12115732891662748
O75150,Q16778,1.0,0.08736535168876294
O75150,Q96A08,1.0,0.11045276398595469
O75150,Q16623,1.0,0.02209059543508428
O75150,Q9UQ80,1.0,0.049361597903042786
Q8NFZ0,Q8NFZ0,1.0,0.06494620837401328
Q8NFZ0,P84077,1.0,0.02736117289094268
Q8NFZ0,Q06609,1.0,0.023602971276889102
Q8NFZ0,P30153,1.0,0.019649429815632502
P15918,P15918,1.0,0.04560908069622658
P15918,P52292,1.0,0.12328042897685453
P15918,P52294,1.0,0.0667796239636009
P15918,Q16695,1.0,0.14464115244183423
Q8ND25,Q8ND25,1.0,0.13693776687133924
Q8ND25,P31749,1.0,0.32956330016679264
Q8ND25,Q03135,1.0,0.25439633509130755
Q8ND25,P00533,1.0,0.2572613943376151
Q16531,O15350,1.0,0.11016965486595033
Q16531,Q92905,1.0,0.03368477356760599
Q16531,O00482,1.0,0.21158899182287255
Q16531,O75909,1.0,0.24558375475625308
Q7Z419,P38936,1.0,0.24196377219130893
Q7Z419,O60294,1.0,0.15419273587117188
Q7Z419,P06748,1.0,0.06318893346661573
Q7Z419,Q07812,1.0,0.18447436249855179
Q5VTB9,Q5VTB9,1.0,0.33209590386582205
Q5VTB9,O75182,1.0,0.25631698277745485
Q5VTB9,Q96ST3,1.0,0.3014616890296532
Q68DV7,Q9ULX6,1.0,0.2226210980651673
Q68DV7,Q68DV7,1.0,0.11875067829461854
Q68DV7,Q13467,1.0,0.07143076318675803
Q9P0P0,Q9P0P0,1.0,0.05644263072507902
Q9P0P0,P08514,1.0,0.27437736242913696
Q9P0P0,P03372,1.0,0.30364740045967203
P21580,Q13546,1.0,0.1383437932542545
P21580,P21580,1.0,0.07134363401198435
P21580,Q9NR96,1.0,0.09731744506660063
Q9H469,Q9HCE7,1.0,0.2680299887097495
Q9H469,O00308,1.0,0.07836068987147327
Q9H469,Q9HAU4,1.0,0.10062036859324457
Q9H992,Q9H992,1.0,0.0515082839740903
Q9H992,P10636,1.0,0.1985105716527884
Q9H992,Q00987,1.0,0.20107923382483067
Q8TEB1,Q13263,1.0,0.021822981593777248
Q8TEB1,Q17RS7,1.0,0.07811905555148262
Q8TEB1,Q16236,1.0,0.027402605827889434
Q8IYM9,Q8IYM9,1.0,0.09444353207575837
Q8IYM9,P19838,1.0,0.4693576175360915
Q8IYM9,Q14653,1.0,0.22026792902193024
Q8N2H9,P51617,1.0,0.4357526377142525
Q8N2H9,Q9Y4K3,1.0,0.13579865526202148
Q8N2H9,O43353,1.0,0.27525435525194275
Q9UPN9,Q13485,1.0,0.09351824172474933
Q9UPN9,Q9H6R0,1.0,0.07438231773112974
Q9UPN9,P35222,1.0,0.1157536189561135
Q96GF1,Q12981,1.0,0.11741749967078621
Q96GF1,P13569,1.0,0.4117058359728474
Q96GF1,O14641,1.0,0.07644555739267783
Q96LD4,Q13485,1.0,0.4229819560027549
Q96LD4,P04637,1.0,0.4611434437231971
Q96LD4,Q12906,1.0,0.464625866048405
Q14669,Q8N6T3,1.0,0.22367624470260508
Q14669,Q969G3,1.0,0.15853427939833992
Q14669,P35712,1.0,0.11891059456226687
Q96D59,Q07817,1.0,0.20724222262846329
Q96D59,P05026,1.0,0.28929885016263207
Q96D59,O14763,1.0,0.0955855255973504
Q7Z569,Q9UNH5,1.0,0.06303744912029402
Q7Z569,Q9Y4E8,1.0,0.05472848823374756
Q7Z569,Q7Z569,1.0,0.11332607005895297
Q9BZY9,Q9BZY9,1.0,0.22372280551230528
Q9BZY9,Q96P20,1.0,0.5193807605586999
Q9BZY9,O43318,1.0,0.32960444672206507
Q13263,P04637,1.0,0.3442269819650482
Q13263,Q92985,1.0,0.17159216338105884
Q13263,Q13131,1.0,0.1095979276375067
O94952,Q9Y6B2,1.0,0.1842461460979993
O94952,P08183,1.0,0.4445115104157952
O94952,P24468,1.0,0.07189035067610665
Q96A61,P35813,1.0,0.3552799708998951
Q96A61,Q06124,1.0,0.6456869243768036
Q96A61,Q12933,1.0,0.5819099952417651
Q6UWE0,Q99816,1.0,0.3692030068391833
Q6UWE0,P00519,1.0,0.6658861439584943
Q6UWE0,Q05086,1.0,0.20168880745991732
Q9NW38,Q9BXW9,1.0,0.25800549528314703
Q9NW38,Q9NVI1,1.0,0.21578066805494117
Q9NW38,P35222,1.0,0.5
P09936,Q16637,1.0,0.05427090186235215
P09936,Q14247,1.0,0.26102039560084955
P09936,P11021,1.0,0.07114062841850828
Q76N89,O14640,1.0,0.44110966521085987
Q76N89,Q15361,1.0,0.1367024048764046
Q76N89,Q13485,1.0,0.22255087470693738
Q96JP5,Q99558,1.0,0.18151621525192294
Q96JP5,P52597,1.0,0.01817331173019717
Q96JP5,Q14457,1.0,0.17993364589856242
Q8N8N0,Q7L523,1.0,0.0948739746647208
Q8N8N0,Q15382,1.0,0.046972501684932444
Q8N8N0,O95859,1.0,0.1995485802400664
Q6Q0C0,Q6Q0C0,1.0,0.08927850085333912
Q6Q0C0,P04637,1.0,0.3479182777537626
Q6Q0C0,O43474,1.0,0.22994818908930711
Q9H3F6,P62745,1.0,0.04921547777385105
Q9H3F6,Q8IW35,1.0,0.11250524034872676
Q9H3F6,Q8IUC6,1.0,0.08418814809357135
Q9BRZ2,Q86WV6,1.0,0.508172395264866
Q9BRZ2,P08670,1.0,0.24224208931529215
Q9BRZ2,O00422,1.0,0.18737567921012513
Q9UK97,O43156,1.0,0.14464792054581022
Q9UK97,Q9Y4R8,1.0,0.08302242313489949
Q9UK97,Q9H2A3,1.0,0.16774027346521195
Q9HCI7,P62807,1.0,0.12704406280112032
Q9HCI7,P04637,1.0,0.17677949138614257
Q9HCI7,Q16778,1.0,0.1563430858088407
Q9NS56,Q99801,1.0,0.21947306797987357
Q9NS56,P04637,1.0,0.2054336053316415
Q9NS56,P16104,1.0,0.14302664832727768
Q8N9I9,Q8N9I9,1.0,0.032051153366832556
Q8N9I9,Q04721,1.0,0.1384837599458548
Q8N9I9,P13010,1.0,0.14401925284743905
Q9BY78,Q13501,1.0,0.32852453366735995
Q9BY78,Q14653,1.0,0.6088491898058863
Q9BY78,Q86WV6,1.0,0.5626276291316695
P41002,P31350,1.0,0.21167059882307201
P41002,O43303,1.0,0.23631097386060373
P41002,Q99741,1.0,0.2220693975913223
O15151,Q00987,1.0,0.14377658713995664
O15151,P04637,1.0,0.26855008752536813
O15151,P38936,1.0,0.2760261902407167
Q9UF56,Q9BX63,1.0,0.4096572531198652
Q9UF56,O14867,1.0,0.30417463980091747
Q9UF56,Q9UMX1,1.0,0.31515617871626195
O95376,O95376,1.0,0.33692547679403706
O95376,Q99684,1.0,0.13448178044921674
O95376,Q15653,1.0,0.343188372503123
Q9P2N7,Q6PGQ7,1.0,0.16547244525576707
Q9P2N7,P14635,1.0,0.14583786038513513
Q9P2N7,Q96GD4,1.0,0.16148595950583816
O75382,Q5VSY0,1.0,0.0810094686464113
O75382,Q14457,1.0,0.1671448763758812
O75382,P04637,1.0,0.03866583532876402
Q9UJT9,O14965,1.0,0.6816501558480335
Q9UJT9,P12931,1.0,0.5134031617487185
Q9UJT9,O95863,1.0,0.669350666544797
Q9BZR9,O43318,1.0,0.19030006095801402
Q9BZR9,O15524,1.0,0.12280025339938253
Q9BZR9,P03372,1.0,0.5378320212076867
O14508,O15524,1.0,0.03844260665660515
O14508,P10912,1.0,0.08176299764422593
O14508,O14543,1.0,0.03051439255590137
P53804,Q9Y243,1.0,0.19299163426910287
P53804,P31749,1.0,0.20967366951350586
P53804,P31751,1.0,0.19574545254032516
Q6VVB1,Q9UQK1,1.0,0.2776086276275058
Q6VVB1,B3EWF7,1.0,0.2508790824989395
Q6VVB1,O14641,1.0,0.23435709197290222
Q8WV16,Q9NRC1,1.0,0.222470730328783
Q8WV16,Q96CV9,1.0,0.4187159508280931
Q96M94,Q15173,1.0,0.12360495837864746
Q96M94,Q99708,1.0,0.38809819750905494
Q99619,P35228,1.0,0.10060115575604842
Q99619,P60321,1.0,0.05979295614008336
P37231,Q04206,1.0,0.06468873930986398
P37231,P15941,1.0,0.25721520843048473
Q9P2E8,P01730,1.0,0.5125128696168153
Q9P2E8,P01911,1.0,0.43941658749891016
Q9ULV8,P12931,1.0,0.13319769197995798
Q9ULV8,P00533,1.0,0.11688070342167696
Q5T6F0,P43357,1.0,0.16372608526830693
Q5T6F0,P43360,1.0,0.19384134739316142
Q9NZS9,P55061,1.0,0.023173367249032836
Q9NZS9,P01135,1.0,0.032316076940895805
Q9ULT8,O60331,1.0,0.19569538846484374
Q9ULT8,O95863,1.0,0.17149843343460291
O43567,O43567,1.0,0.09206865539596058
O43567,O95295,1.0,0.10114832950563649
O60784,Q15742,1.0,0.1893971287334689
O60784,Q99741,1.0,0.30980117784828987
Q53GT1,P53350,1.0,0.09686928010173863
Q53GT1,O75140,1.0,0.16848748409671685
Q8TEL6,P01106,1.0,0.19226687487706337
Q8TEL6,P19838,1.0,0.4051834178172989
O00635,O00635,1.0,0.48174374399135356
O00635,Q9Y4K3,1.0,0.5691347578641648
Q9BVG3,Q9BVG3,1.0,0.13300053317512772
Q9BVG3,Q9H257,1.0,0.34430594379157675
P35869,P03372,1.0,0.054351440847264496
P35869,P37231,1.0,0.13455391800257374
Q8NG06,O43237,1.0,0.20616590454764377
Q8NG06,O14576,1.0,0.1924675616400943
Q7Z6M2,P67809,1.0,0.018207870417503432
Q7Z6M2,O00303,1.0,0.11888644054640232
Q9HCM9,Q96BY2,1.0,0.593472926006796
Q9HCM9,P04637,1.0,0.5515184526584307
Q9UH77,Q9H4A3,1.0,0.6477815285628851
Q9UH77,Q96J92,1.0,0.6058078039533862
P50876,P00533,1.0,0.5355380341691681
P50876,P54652,1.0,0.15507500478196784
Q9H4M3,P38398,1.0,0.44625349115576757
Q9H4M3,Q9UPW8,1.0,0.07159848310436612
Q8N2W9,P25490,1.0,0.024288492348206195
Q8N2W9,P14921,1.0,0.040365015671015865
Q9C037,O95786,1.0,0.5900205565900914
Q9C037,Q7Z2W7,1.0,0.4563568665610583
Q96JY6,Q04206,1.0,0.050317213882764396
Q96JY6,P42224,1.0,0.021532093297640297
Q9UKT7,Q49AN0,1.0,0.11107754695329008
Q9UKT7,Q16526,1.0,0.1142925543214607
O75159,P00533,1.0,0.2017092331453164
O75159,P42224,1.0,0.06486362232008513
Q8WU17,Q8WU17,1.0,0.04476192839198364
Q8WU17,O15503,1.0,0.14727341847233877
P63244,Q16665,1.0,0.3068777845780129
P63244,Q9P126,1.0,0.12403041016158241
Q8N448,P49757,1.0,0.5353786966026238
Q8N448,Q9UKL4,1.0,0.2714537088827712
Q6PCD5,P04637,1.0,0.2510107840261791
Q6PCD5,Q06609,1.0,0.07371448903106405
Q9NPC3,P14635,1.0,0.04042834703777342
Q9NPC3,Q9NPC3,1.0,0.03265870084780277
Q12899,Q14653,1.0,0.39713786692139585
Q12899,P37275,1.0,0.30728024763589445
Q9P2P5,O15350,1.0,0.20185105676078188
Q9P2P5,P20700,1.0,0.24154226094343526
Q8NCQ5,P08183,1.0,0.24811421328467506
Q8NCQ5,Q9UJA2,1.0,0.1901414376550983
O60337,O60337,1.0,0.10206850219328835
O60337,Q14534,1.0,0.10789044203452283
Q09472,P04637,1.0,0.1639378900607563
Q09472,Q01094,1.0,0.16619423572215114
Q9Y314,P19235,1.0,0.13804856133994034
Q9Y314,P67775,1.0,0.13114943232564316
Q9UKT6,Q49AN0,1.0,0.1558241579856312
Q9UKT6,Q16526,1.0,0.17471767196336996
Q8NHM5,Q16777,1.0,0.16607723111976683
Q8NHM5,P01100,1.0,0.14085619844942227
Q9P253,Q9NYY3,1.0,0.058498381403827876
Q9P253,Q9NZ52,1.0,0.18920800811752236
Q06587,P0C0S8,1.0,0.20479868295377754
Q06587,Q9H4L7,1.0,0.2308249907663393
Q99675,Q5T9L3,1.0,0.14022049454332472
Q99675,P00533,1.0,0.2500479911346091
Q9Y4X5,O60573,1.0,0.06702615060800556
Q9Y4X5,Q14190,1.0,0.17197735643076598
Q9C026,Q9C026,1.0,0.04732924123268345
Q9C026,P50552,1.0,0.05950852495035901
Q8IWV8,P0C0S8,1.0,0.23319685812952265
Q8IWV8,Q16777,1.0,0.21928580429646247
O15164,P04637,1.0,0.21159451754551392
O15164,Q13114,1.0,0.2529995046649401
Q9C0C9,O94992,1.0,0.21497607442216846
Q9C0C9,P50539,1.0,0.35741831122952494
Q9Y3C5,Q9Y3C5,1.0,0.02854518401146261
Q9Y3C5,Q9HAU4,1.0,0.03695868167308833
Q9C029,Q04206,1.0,0.29947002072478046
Q9C029,Q9HCU9,1.0,0.35690014792334973
Q86Y01,Q13233,1.0,0.0908383514654717
Q86Y01,Q86Y01,1.0,0.065858416265782
Q7Z6E9,P67809,1.0,0.1048588485689953
Q7Z6E9,Q8NAP3,1.0,0.11497846471662101
Q96Q27,P21333,1.0,0.17181303595694666
Q96Q27,O75369,1.0,0.2000127742612846
Q9UBN7,O14757,1.0,0.17291378474564653
Q9UBN7,P08151,1.0,0.2505483826015658
Q9C040,P07196,1.0,0.021681459197654792
Q9C040,O43521,1.0,0.06977670168570546
Q9H000,P04637,1.0,0.5
Q9H000,O00425,1.0,0.11107742609982058
Q8WXH4,P04843,1.0,0.07305433080049503
Q8WXH4,Q13323,1.0,0.18258713809975702
Q86Y13,P04908,1.0,0.14430602607364612
Q86Y13,P54253,1.0,0.073276164457217
Q99728,Q15018,0.0,0.07479158553884234
Q99728,Q9Y2X7,0.0,0.12403960721535613
Q99728,P58876,0.0,0.08000089619392485
Q99728,Q13309,0.0,0.03223781849684221
Q15386,Q15008,0.0,0.009210558014435932
Q15386,P62195,0.0,0.016965737746035114
Q15386,O94776,0.0,0.029521229387108182
Q15386,Q12965,0.0,0.03354810927575312
Q6PJ69,Q9H9V4,0.0,0.4138090034274672
Q6PJ69,Q6PK04,0.0,0.3706777113202862
Q6PJ69,Q8IWZ5,0.0,0.4544520455548744
Q6PJ69,Q9HCJ0,0.0,0.22027874512775483
Q9NYG5,Q9UJ04,0.0,0.08645775732760812
Q9NYG5,Q86YS7,0.0,0.3437675992672919
Q9NYG5,Q6UW88,0.0,0.06518304089567913
Q9NYG5,Q494R4,0.0,0.2578985472986391
Q9UKT8,Q13616,0.0,0.018140352395134396
Q9UKT8,P49427,0.0,0.05482364262727368
Q9UKT8,P10242,0.0,0.1708857268445375
Q9UKT8,P63208,0.0,0.05038577841623513
Q75N03,P12931,0.0,0.10483040979852905
Q75N03,P60953,0.0,0.03246395063982072
Q75N03,P27348,0.0,0.03965919523062726
Q75N03,P35222,0.0,0.16467399610715427
O95628,O00167,0.0,0.12338001966285085
O95628,P01106,0.0,0.3590422554307349
O95628,Q9NX47,0.0,0.16625194959264586
O95628,Q96DU9,0.0,0.3304047121434904
Q8IWR1,Q96DX7,0.0,0.3103761959067948
Q8IWR1,Q5M7Z0,0.0,0.12103231763236474
Q8IWR1,P29590,0.0,0.43844850067305663
Q8IWR1,Q6ZN06,0.0,0.3185846623531521
Q9P2J3,Q13618,0.0,0.09412076478790463
Q9P2J3,Q7L5N1,0.0,0.1972494660669681
Q9P2J3,Q8NBE8,0.0,0.03927712057620632
Q9P2J3,O95235,0.0,0.26126354050304995
O94972,Q8IYF1,0.0,0.05544170752104574
O94972,P53618,0.0,0.08858943311651467
O94972,Q13114,0.0,0.19125661542607333
O94972,Q9H5Z6,0.0,0.16960858053725827
Q6PCT2,P14373,0.0,0.10977023416370574
Q6PCT2,P11441,0.0,0.08465698813682886
Q6PCT2,Q9HCS7,0.0,0.14460255161241725
Q6PCT2,Q66K89,0.0,0.0431324944170965
Q9Y577,Q9UBF1,0.0,0.709121859520053
Q9Y577,Q9Y4E8,0.0,0.23887390236050177
Q9Y577,Q96ST3,0.0,0.628145160115502
Q9Y577,Q9Y4I1,0.0,0.283157292919292
Q8WY64,P18146,0.0,0.1042897625603971
Q8WY64,Q9UNQ2,0.0,0.3577334399883105
Q8WY64,P04035,0.0,0.17181456464001987
Q8WY64,Q13332,0.0,0.24963572954168972
Q9UK99,P84022,0.0,0.22018136047627176
Q9UK99,Q15797,0.0,0.3519298269651444
Q9UK99,Q9H5Q4,0.0,0.0998111690246887
Q9UK99,Q9UF56,0.0,0.1110348085720424
P36406,Q8TBB1,0.0,0.21601861173099984
P36406,Q15438,0.0,0.0888976673716401
P36406,P40692,0.0,0.12169947495337118
P36406,Q9UJY4,0.0,0.4196349068700422
Q86T96,P10912,0.0,0.4412738496801125
Q86T96,Q96EQ0,0.0,0.23237714501806012
Q86T96,Q3MIT2,0.0,0.21544900643626574
Q86T96,Q8N4F7,0.0,0.16705997419803778
Q9H0F5,O15350,0.0,0.20486429570204936
Q9H0F5,Q99932,0.0,0.22192739923589702
Q9H0F5,Q6ZMZ0,0.0,0.11218725485585608
Q9H0F5,Q15464,0.0,0.07714125331955383
Q8TCJ0,O43929,0.0,0.25813220682818705
Q8TCJ0,Q9NPB8,0.0,0.36280502551147115
Q8TCJ0,Q9UBF9,0.0,0.6108334600314792
Q8TCJ0,Q13509,0.0,0.37438525299942466
Q9UMS4,Q96RN5,0.0,0.2428028804529487
Q9UMS4,O95232,0.0,0.083771721667447
Q9UMS4,Q9HCG8,0.0,0.14548551810961238
Q9UMS4,O60506,0.0,0.08613179045139914
A8MQ27,P21941,0.0,0.2227429915569382
A8MQ27,Q96GK7,0.0,0.08641986342388105
A8MQ27,Q9Y6R0,0.0,0.14191376313587264
A8MQ27,O00602,0.0,0.17172880009985467
Q8TDB6,Q96LR5,0.0,0.024600699087450238
Q8TDB6,Q969T4,0.0,0.030096651426887458
Q8TDB6,Q712K3,0.0,0.043707755843275964
Q8TDB6,Q8IXQ6,0.0,0.0681877288012121
Q5VTR2,Q71DI3,0.0,0.06963695158038963
Q5VTR2,Q9UBU8,0.0,0.07731604237741845
Q5VTR2,P61956,0.0,0.03719309604753406
Q5VTR2,Q16777,0.0,0.11169751148618236
O75150,P08238,0.0,0.02388786867326229
O75150,Q86VS8,0.0,0.01976615431966039
O75150,Q5VTR2,0.0,0.1751890024747744
O75150,Q9UPT9,0.0,0.03326629307549428
Q8NFZ0,P19387,0.0,0.0306094984254137
Q8NFZ0,Q8N3C0,0.0,0.16290583633868813
Q8NFZ0,Q04671,0.0,0.05978474909045639
Q8NFZ0,Q5T890,0.0,0.30096688338166955
P15918,P55895,0.0,0.12555248589859122
P15918,Q16778,0.0,0.1829212100747049
P15918,Q16777,0.0,0.20491698243409814
P15918,P46108,0.0,0.1532379145581378
Q8ND25,P09681,0.0,0.0886125247144131
Q8ND25,Q5VYS4,0.0,0.09112196681374322
Q8ND25,P84101,0.0,0.27872000013988446
Q8ND25,Q5T953,0.0,0.06413702369509539
Q16531,P18858,0.0,0.07873763888096542
Q16531,Q8N8U2,0.0,0.08157755766940197
Q16531,Q9Y297,0.0,0.054478376327561036
Q16531,P15170,0.0,0.21192067460454878
Q7Z419,Q5VVX9,0.0,0.06440865577487889
Q7Z419,Q9NPD8,0.0,0.04432888411435661
Q7Z419,Q15388,0.0,0.12182158713182917
Q7Z419,Q99942,0.0,0.020664794362501765
Q5VTB9,Q969T4,0.0,0.012717545800004148
Q5VTB9,Q96LR5,0.0,0.01009272448050452
Q5VTB9,Q99884,0.0,0.06035364272026997
Q68DV7,Q76N89,0.0,0.11592625430235674
Q68DV7,Q9UGL1,0.0,0.07121627646087872
Q68DV7,Q969T4,0.0,0.04315467165146278
Q9P0P0,Q96D15,0.0,0.26330566732663513
Q9P0P0,O94888,0.0,0.14761716838146255
Q9P0P0,Q9C0J8,0.0,0.4535021990972942
P21580,Q9Y6K9,0.0,0.12320582784663875
P21580,Q04206,0.0,0.06872153787721423
P21580,P08238,0.0,0.01824703169499533
Q9H469,Q13617,0.0,0.14475995120668225
Q9H469,Q9UKT8,0.0,0.1304840393633616
Q9H469,Q8TF61,0.0,0.17192960879391644
Q9H992,P52735,0.0,0.026518794991164166
Q9H992,O75351,0.0,0.30559850310901676
Q9H992,P55072,0.0,0.0376698127864139
Q8TEB1,Q8N6M9,0.0,0.028296447338875947
Q8TEB1,Q9ULC5,0.0,0.0984054650125319
Q8TEB1,P78371,0.0,0.01811604592359912
Q8IYM9,Q93009,0.0,0.21365093492884085
Q8IYM9,P40305,0.0,0.10917986919409423
Q8IYM9,Q9NYJ8,0.0,0.15722325041826224
Q8N2H9,P14778,0.0,0.3051544644264396
Q8N2H9,Q9NRM2,0.0,0.038745220612733486
Q8N2H9,O43318,0.0,0.14638351649276846
Q9UPN9,P83916,0.0,0.11264167017706242
Q9UPN9,Q9BWW4,0.0,0.11159323746504682
Q9UPN9,P81877,0.0,0.09559487937886953
Q96GF1,Q9UMX0,0.0,0.10975918818195299
Q96GF1,O14818,0.0,0.07609867828269201
Q96GF1,Q99623,0.0,0.11095718647107933
Q96LD4,Q08116,0.0,0.35769820600886726
Q96LD4,Q86XD8,0.0,0.38815229383837885
Q96LD4,Q14690,0.0,0.2658178862520219
Q14669,O15198,0.0,0.28323916031390123
Q14669,Q8IYW5,0.0,0.3794688311562152
Q14669,Q7RTS3,0.0,0.26298645919358526
Q96D59,Q9H6Y7,0.0,0.06215844658389476
Q96D59,O00220,0.0,0.20131152272319086
Q96D59,Q8N7E2,0.0,0.13889246909392022
Q7Z569,Q9BYV6,0.0,0.5300293012429749
Q7Z569,P62256,0.0,0.16509069235698284
Q7Z569,P38398,0.0,0.4271307505881554
Q9BZY9,O43765,0.0,0.1660506918272245
Q9BZY9,Q9Y6N5,0.0,0.16776053791864542
Q9BZY9,O95872,0.0,0.24223846223942275
Q13263,Q8TAQ5,0.0,0.10258291349972157
Q13263,Q15047,0.0,0.07649654226979433
Q13263,P01106,0.0,0.1413397563383809
O94952,Q9NS73,0.0,0.060621860707842534
O94952,Q969U6,0.0,0.07281096790477923
O94952,Q8TB52,0.0,0.06807094614825643
Q96A61,Q9BSJ1,0.0,0.6462003804639342
Q96A61,I1YAP6,0.0,0.43744564342758224
Q96A61,Q13049,0.0,0.46322555552980926
Q6UWE0,Q86UV6,0.0,0.13597120687252026
Q6UWE0,P48443,0.0,0.5617653263167662
Q6UWE0,Q9NPR9,0.0,0.3319954690516915
Q9NW38,Q04771,0.0,0.21373351945620955
Q9NW38,Q14469,0.0,0.14170037651720585
Q9NW38,Q6PJP8,0.0,0.15503094377775145
P09936,Q86XD8,0.0,0.09546848862454704
P09936,P25788,0.0,0.04242285042198618
P09936,Q16352,0.0,0.044064654616853736
Q76N89,Q68DV7,0.0,0.16757481855462675
Q76N89,P51571,0.0,0.3448836990602846
Q76N89,P0C2W1,0.0,0.24826576483887594
Q96JP5,P01100,0.0,0.15986844095946318
Q96JP5,Q15287,0.0,0.21375238837092994
Q96JP5,P49450,0.0,0.07664111982200493
Q8N8N0,Q9NRX6,0.0,0.06020897993692252
Q8N8N0,Q8TF05,0.0,0.08122895752319381
Q8N8N0,Q8NBV8,0.0,0.06340675283337525
Q6Q0C0,Q99759,0.0,0.29280673960504366
Q6Q0C0,Q7L0R7,0.0,0.2036987504130459
Q6Q0C0,Q13617,0.0,0.10481438971993172
Q9H3F6,Q9UJP4,0.0,0.017351413558611695
Q9H3F6,Q693B1,0.0,0.018286867229821792
Q9H3F6,P0C869,0.0,0.01859311827781635
Q9BRZ2,O75688,0.0,0.3108617706692339
Q9BRZ2,Q7RTR2,0.0,0.2818631562262184
Q9BRZ2,Q14258,0.0,0.5369202868206181
Q9UK97,Q8WZ04,0.0,0.09139927386162136
Q9UK97,Q5XUX1,0.0,0.03854254453616288
Q9UK97,P35998,0.0,0.018520141744533567
Q9HCI7,Q9H4A3,0.0,0.5479518478936501
Q9HCI7,Q71DI3,0.0,0.0717920743534442
Q9HCI7,P61981,0.0,0.05521603064962713
Q9NS56,P23246,0.0,0.097100161311093
Q9NS56,Q96ST3,0.0,0.2796809917974681
Q9NS56,Q92466,0.0,0.09334188344525132
Q8N9I9,Q7Z713,0.0,0.026526384466195787
Q8N9I9,Q8NGY2,0.0,0.022904261114094715
Q8N9I9,Q99466,0.0,0.0865011932853433
Q9BY78,Q9H892,0.0,0.3591064561735406
Q9BY78,Q86UU1,0.0,0.17770663127868788
Q9BY78,P23443,0.0,0.18634008282210027
P41002,O75792,0.0,0.14652531489567305
P41002,Q9NVP2,0.0,0.18951250808539125
P41002,Q9BWU1,0.0,0.27035032974947504
O15151,Q6UWE0,0.0,0.07532831408692194
O15151,P31749,0.0,0.12094339997393827
O15151,P61981,0.0,0.06058421237656409
Q9UF56,Q92609,0.0,0.14909337331659595
Q9UF56,Q5SQQ9,0.0,0.20069887971340153
Q9UF56,O60682,0.0,0.15800744003207742
O95376,Q96T37,0.0,0.08548515564102942
O95376,Q9H211,0.0,0.2265164171360869
O95376,O75352,0.0,0.21169786027121681
Q9P2N7,P51784,0.0,0.03637986423819339
Q9P2N7,Q8IVD9,0.0,0.12292914230484697
Q9P2N7,Q7L5N1,0.0,0.08342526800004867
O75382,O75382,0.0,0.015372913744713534
O75382,O43707,0.0,0.07459405437903016
O75382,Q9NQ84,0.0,0.012346316434115956
Q9UJT9,O14818,0.0,0.43996819789563113
Q9UJT9,Q15910,0.0,0.6216416357545359
Q9UJT9,Q99436,0.0,0.3218558947492456
Q9BZR9,Q99680,0.0,0.45605027160172845
Q9BZR9,Q5W0U4,0.0,0.1654266099167164
Q9BZR9,O15198,0.0,0.727616586199919
O14508,P06213,0.0,0.13394000568592287
O14508,P04054,0.0,0.06832539209686543
O14508,P08069,0.0,0.13858397792587918
P53804,P01106,0.0,0.18094070406153703
P53804,Q8TAE6,0.0,0.16907101103680341
P53804,P56557,0.0,0.1591629213534805
Q6VVB1,P08238,0.0,0.175906938288915
Q6VVB1,Q99250,0.0,0.2846592884505979
Q6VVB1,Q16690,0.0,0.3677312025908653
Q8WV16,Q15291,0.0,0.2626875064362633
Q8WV16,Q16576,0.0,0.27871584942404315
Q96M94,Q8WXH4,0.0,0.06841712958491503
Q96M94,P21675,0.0,0.1380708867571092
Q99619,Q9GZQ3,0.0,0.03469404656585018
Q99619,Q9UNE2,0.0,0.07695258367760467
P37231,P61812,0.0,0.06740071827707836
P37231,Q13547,0.0,0.03731511515994027
Q9P2E8,Q8WXB4,0.0,0.5614755479327295
Q9P2E8,Q9BVQ7,0.0,0.1443119636824531
Q9ULV8,Q9NR46,0.0,0.04389133387111174
Q9ULV8,Q9Y5K6,0.0,0.08886838429323198
Q5T6F0,Q5M8T2,0.0,0.13805881556495833
Q5T6F0,Q9Y3I1,0.0,0.08902193253743837
Q9NZS9,Q14790,0.0,0.03826862598834272
Q9NZS9,Q6P996,0.0,0.06918922541436666
Q9ULT8,Q9P2Y5,0.0,0.21737984861822382
Q9ULT8,O00399,0.0,0.17389180629731824
O43567,Q9H920,0.0,0.026001473391913197
O43567,Q9Y2U9,0.0,0.0812775395224004
O60784,Q00610,0.0,0.06472158917127789
O60784,Q96G25,0.0,0.10398869911655195
Q53GT1,Q8TEL6,0.0,0.06043755235516851
Q53GT1,Q6IQ16,0.0,0.051244626327420606
Q8TEL6,Q96CF2,0.0,0.1531182014471191
Q8TEL6,Q15628,0.0,0.08251003996167601
O00635,Q8TDB6,0.0,0.4174431943131717
O00635,Q13263,0.0,0.16986400513510022
Q9BVG3,P12757,0.0,0.38073960405137186
Q9BVG3,Q9Y3M9,0.0,0.3128375657046441
P35869,P48552,0.0,0.1236731407070085
P35869,O14980,0.0,0.07936826372277243
Q8NG06,P42262,0.0,0.13918275146056883
Q8NG06,Q8NG92,0.0,0.22376637399402502
Q7Z6M2,O00571,0.0,0.025896111072894336
Q7Z6M2,Q13616,0.0,0.02046066974361922
Q9HCM9,P51965,0.0,0.09101101643743338
Q9HCM9,Q96HC4,0.0,0.2629378547543635
Q9UH77,O60506,0.0,0.12842697512050513
Q9UH77,Q8N9I0,0.0,0.4549764571686202
P50876,Q96PX1,0.0,0.39112567507383605
P50876,Q9BZE1,0.0,0.39106066854876653
Q9H4M3,P62877,0.0,0.029434872736307707
Q9H4M3,O14545,0.0,0.15094356329615705
Q8N2W9,P50748,0.0,0.22488746047175248
Q8N2W9,P15884,0.0,0.14532059822257107
Q9C037,O95235,0.0,0.5
Q9C037,Q8NFF2,0.0,0.573542396840416
Q96JY6,Q9UHC7,0.0,0.007728951574469296
Q96JY6,Q8IWW6,0.0,0.017929640722382716
Q9UKT7,P41002,0.0,0.027760877499723047
Q9UKT7,P78371,0.0,0.026485079124713512
O75159,P24394,0.0,0.02150232693799696
O75159,Q15369,0.0,0.01187009206323364
Q8WU17,O95487,0.0,0.19181272207607747
Q8WU17,Q15369,0.0,0.05030012831759114
P63244,P08069,0.0,0.1666392416998342
P63244,Q9HC52,0.0,0.2004196489015653
Q8N448,Q2KHN1,0.0,0.17822209895023275
Q8N448,Q13555,0.0,0.309449981942656
Q6PCD5,P27694,0.0,0.2777198791245234
Q6PCD5,Q969T4,0.0,0.0877934125077853
Q9NPC3,O94842,0.0,0.06785872097020268
Q9NPC3,Q9BT92,0.0,0.07293413388940224
Q12899,Q01860,0.0,0.338692757009298
Q12899,Q14142,0.0,0.12542898643097486
Q9P2P5,Q712K3,0.0,0.3408588486539984
Q9P2P5,Q13322,0.0,0.15514343858875826
Q8NCQ5,P49711,0.0,0.194141336726896
Q8NCQ5,Q9UJW3,0.0,0.13113681839049898
O60337,Q70CQ3,0.0,0.09211822249264079
O60337,Q99541,0.0,0.0997440780843119
Q09472,Q969S2,0.0,0.17047292472969905
Q09472,Q96GM5,0.0,0.16085801327172874
Q9Y314,P29474,0.0,0.2147857692112807
Q9Y314,P61956,0.0,0.052625202298470515
Q9UKT6,Q01151,0.0,0.08044490871718073
Q9UKT6,Q9H2C8,0.0,0.11242743894990193
Q8NHM5,Q15910,0.0,0.22721279628237961
Q8NHM5,Q13185,0.0,0.14799878275535866
Q9P253,O15400,0.0,0.032388901967967
Q9P253,Q9H270,0.0,0.01914012666612833
Q06587,Q93009,0.0,0.08696159401572447
Q06587,Q9BYE7,0.0,0.16876431733168618
Q99675,Q9NPH2,0.0,0.042392556681323856
Q99675,Q96DX4,0.0,0.05129647215714863
Q9Y4X5,Q15050,0.0,0.28734641012476114
Q9Y4X5,P52735,0.0,0.09480574388107417
Q9C026,P60880,0.0,0.07507184343910374
Q9C026,P51948,0.0,0.18814831087278266
Q8IWV8,P78371,0.0,0.06475444411061511
Q8IWV8,Q04323,0.0,0.1268821434469169
O15164,O15164,0.0,0.13472256233864008
O15164,Q9HC52,0.0,0.08103423376325708
Q9C0C9,Q96BH1,0.0,0.15755114514132587
Q9C0C9,Q99829,0.0,0.21714117818747594
Q9Y3C5,Q13619,0.0,0.021112129047304428
Q9Y3C5,Q9UNN5,0.0,0.10241234902925687
Q9C029,Q8N6Q3,0.0,0.1439159850782822
Q9C029,O15226,0.0,0.5327935149827552
Q86Y01,Q13283,0.0,0.02280290247712596
Q86Y01,P49757,0.0,0.06139666773118901
Q7Z6E9,P49760,0.0,0.13329566435715542
Q7Z6E9,P00738,0.0,0.06196969922185421
Q96Q27,Q15370,0.0,0.021916505841723
Q96Q27,P08238,0.0,0.03353120015216737
Q9UBN7,P33778,0.0,0.3033399885121695
Q9UBN7,P14618,0.0,0.06973638388428714
Q9C040,Q9BSL1,0.0,0.11819506015307284
Q9C040,Q969T4,0.0,0.03198436969363356
Q9H000,P49841,0.0,0.16974510615143476
Q9H000,Q5T447,0.0,0.25978367227533283
Q8WXH4,Q9UI17,0.0,0.29072643366556594
Q8WXH4,P25208,0.0,0.2774721074792061
Q86Y13,Q99496,0.0,0.06547406260810552
Q86Y13,O14796,0.0,0.08053302062524564
P82912,P24928,0.0,0.4019851548357266
Q9Y6B2,P38398,0.0,0.35732599118337555
Q9H211,P16104,0.0,0.3495365179789172
P0CG48,P03372,0.0,0.10224758099747466
Q8NFZ5,Q15386,0.0,0.2073995932076254
P54821,O75155,0.0,0.101337747094923
Q6IAA8,O15169,0.0,0.019255456850794956
P81605,Q8NEB9,0.0,0.10631507155069361
Q14240,Q8NDV7,0.0,0.2598089291442388
Q15418,P07355,0.0,0.020765834266696478
P35568,P19320,0.0,0.0553366723927681
Q5RL73,Q9NRY4,0.0,0.19848194234767094
Q96RU7,O95997,0.0,0.03292982873071962
P12268,Q9NQW6,0.0,0.07316703218125319
Q9NSV4,O75496,0.0,0.034183987668892336
Q12769,P14635,0.0,0.21379376761706972
Q16651,Q9NP62,0.0,0.16297720121747952
P04062,P24864,0.0,0.14590945364954344
O43623,O96020,0.0,0.25559521367971255
O75928,P35548,0.0,0.10327930304525683
Q09472,P12830,0.0,0.1778456397765157
Q9UHG3,Q93070,0.0,0.07607914467960947
O95466,Q14247,0.0,0.08104362173063047
P26038,P07355,0.0,0.12302231853183311
Q09472,O95628,0.0,0.16422245565228422
P23396,P41229,0.0,0.027441636385163354
P36402,P46937,0.0,0.24800279240627343
Q4LDG9,Q96T37,0.0,0.02616433471996167
Q99525,O75367,0.0,0.10197410895359832
P01033,P60484,0.0,0.28663330987993585
O95476,P35813,0.0,0.018202892521791074
P12524,P04637,0.0,0.2562753981962047
P0DN86,Q6PGQ7,0.0,0.21356633950603446
Q14565,P14635,0.0,0.0643139019300216
Q7Z434,Q96GD4,0.0,0.30288700839528593
P19793,P17676,0.0,0.06620835082051152
O43502,O94972,0.0,0.07091776475717887
O75604,Q12933,0.0,0.2289275034499696
P04626,O15105,0.0,0.2766421811962915
Q68CJ9,Q9Y4K3,0.0,0.038455263629405996
Q6IQ22,P63000,0.0,0.08411954274087127
P51449,Q01638,0.0,0.634527468594932
O75093,P60953,0.0,0.1742393049342273
Q14344,P43699,0.0,0.09698840058678745
Q09472,Q14653,0.0,0.1674801240535992
Q9Y4K3,Q9Y577,0.0,0.21289190732309127
P53350,Q07820,0.0,0.10013449758995796
Q8NF99,Q9Y5A6,0.0,0.10366467871264516
Q14114,Q8WY64,0.0,0.22590811443949327
P31749,P01130,0.0,0.07837868666007912
P07359,Q14114,0.0,0.05256955043273429
P21579,P98155,0.0,0.2519335948909213
O75821,Q9H2X6,0.0,0.31131760128176905
Q4G0X9,Q09472,0.0,0.2216839019627646
Q8NF50,Q9NXK8,0.0,0.24487377982843736
Q9Y2X8,Q9HCE7,0.0,0.11970807513907007
P51617,Q9Y4K3,0.0,0.03720609449925068
Q6PIZ9,P36406,0.0,0.034002885878258705
P12931,P04637,0.0,0.1688674018647467
Q9NR97,Q9Y6K9,0.0,0.20201192374880853
Q96S42,O95409,0.0,0.0839664872947357
P16885,P08134,0.0,0.05993177833778964
P15088,Q9NYY3,0.0,0.07340334152166116
Q9UBP4,O95388,0.0,0.060850344538850056
Q9BVP2,P04637,0.0,0.04158386943298542
P0DML3,P29350,0.0,0.08630888540695608
P48735,Q01196,0.0,0.3170008173068845
Q68G74,Q86U70,0.0,0.1185430655592373
Q9Y6N8,P19419,0.0,0.1897416924642488
O95936,O96004,0.0,0.08042406018706108
O00470,P52952,0.0,0.3345673843331577
Q02078,P61371,0.0,0.08880636695660378
P83876,O43395,0.0,0.20261646751727497
P49321,P15927,0.0,0.17852511290802583
O95932,P27694,0.0,0.12655343400857147
Q8WXA3,P67809,0.0,0.00988624407611582
P08138,Q9UNE0,0.0,0.3931172485255458
Q8NFY4,Q9NR61,0.0,0.010927828256388305
Q15465,Q9NYJ7,0.0,0.05684774415823326
Q13635,O00548,0.0,0.17963334615383908
Q86Y01,Q8TDB6,0.0,0.0070602346509781875
Q96JM7,P62805,0.0,0.11122205552570834
P01009,Q13501,0.0,0.06200734171467217
Q9UER7,P06899,0.0,0.036677544177014694
Q16576,Q96A08,0.0,0.27999144648920365
Q14781,P62807,0.0,0.0639349199845776
P09651,Q9UQ80,0.0,0.30047632177409034
O75478,Q16778,0.0,0.11950663544832933
O94782,Q16778,0.0,0.18160342071469815
Q99880,Q96A08,0.0,0.0897713324492675
Q99747,Q16623,0.0,0.03438993001045343
Q2TB18,Q9UQ80,0.0,0.30124684853009004
Q9UNH7,Q8NFZ0,0.0,0.10768556377739534
O60664,P84077,0.0,0.09274307397479996
P38398,Q06609,0.0,0.23016748104817694
Q9UNH5,P30153,0.0,0.026990993334788806
Q6ZW05,P15918,0.0,0.042788322133515994
P38398,P52292,0.0,0.2143019649420738
P38398,P52294,0.0,0.29075151862352366
Q99496,Q16695,0.0,0.3173648885902877
Q6SZW1,Q8ND25,0.0,0.006452774708167698
Q15027,P31749,0.0,0.09979678793541716
P16615,Q03135,0.0,0.058726181343361564
P14625,P00533,0.0,0.07034912992595693
P49789,O15350,0.0,0.1858216336999189
P48556,Q92905,0.0,0.011488917705482857
Q99878,O00482,0.0,0.03075535892092764
P17081,O75909,0.0,0.17149901646933952
Q7LG56,P38936,0.0,0.1681071098068118
Q96KP4,O60294,0.0,0.047552678774717354
Q15365,P06748,0.0,0.04283398080850265
P18850,Q07812,0.0,0.004593162045141607
Q96DS6,Q5VTB9,0.0,0.09260283280336273
Q08999,O75182,0.0,0.22724157468244172
Q13263,Q96ST3,0.0,0.19130439906415464
Q7RTP6,Q9ULX6,0.0,0.27146257117613337
P04626,Q68DV7,0.0,0.15490417539953863
Q9C0E4,Q13467,0.0,0.027310703809183066
Q99933,Q9P0P0,0.0,0.0496447362191677
O60759,P08514,0.0,0.4276068558825616
P26439,P03372,0.0,0.2799243186930864
Q8TEL6,Q13546,0.0,0.24375789587726845
P51617,P21580,0.0,0.0552049417546633
Q13114,Q9NR96,0.0,0.15981198644617972
Q13951,Q9HCE7,0.0,0.27142626807060544
Q96H55,O00308,0.0,0.2647859869195471
Q99496,Q9HAU4,0.0,0.12331984936387169
Q8N806,Q9H992,0.0,0.07510695331153074
Q16555,P10636,0.0,0.030950934908984196
Q969T4,Q00987,0.0,0.08611685710269315
Q9UPN9,Q13263,0.0,0.025010568602737374
P52657,Q17RS7,0.0,0.01702011031656693
P55211,Q16236,0.0,0.4419456591152897
P42224,Q8IYM9,0.0,0.02767456309590219
Q9BZS1,P19838,0.0,0.2276767774203117
O14669,Q14653,0.0,0.049260457668352534
O15263,P51617,0.0,0.06730203071630009
P29965,Q9Y4K3,0.0,0.05626135085640155
P55211,O43353,0.0,0.49180313760870575
O75928,Q13485,0.0,0.18487992978677326
Q9UGI6,Q9H6R0,0.0,0.16019611185083682
O75461,P35222,0.0,0.12392443882477062
Q8TBJ5,Q12981,0.0,0.0288007486694813
P55317,P13569,0.0,0.37478190752498863
P40938,O14641,0.0,0.06044563871907108
P08758,Q13485,0.0,0.1480541001806608
Q15653,P04637,0.0,0.09523469656068456
P01229,Q12906,0.0,0.16895525730553723
Q15052,Q8N6T3,0.0,0.05323601618372295
Q9BZ72,Q969G3,0.0,0.0735344960718369
P23769,P35712,0.0,0.23815678578418212
O43521,Q07817,0.0,0.1997786943595947
Q4VNC1,P05026,0.0,0.2663346582344087
O14920,O14763,0.0,0.5123977746559817
P41271,Q9UNH5,0.0,0.056226394153738306
Q13489,Q9Y4E8,0.0,0.18244623672335242
Q6UWZ7,Q7Z569,0.0,0.04198286206990129
P47974,Q9BZY9,0.0,0.0695826668676943
P52292,Q96P20,0.0,0.28208320763237954
P35354,O43318,0.0,0.08545289927384406
P16402,P04637,0.0,0.38139135136203217
O14798,Q92985,0.0,0.10061830689030664
P53778,Q13131,0.0,0.056437253552097756
P51148,Q9Y6B2,0.0,0.020825546175494116
P49356,P08183,0.0,0.2732067867668003
P60709,P24468,0.0,0.03856625589236977
Q05655,P35813,0.0,0.09930035302215713
Q12929,Q06124,0.0,0.15368084957973127
P11021,Q12933,0.0,0.05951345540362148
P51148,Q99816,0.0,0.04524979080237814
Q5GH70,P00519,0.0,0.22055409335110868
Q9H354,Q05086,0.0,0.024083149396538196
P53350,Q9BXW9,0.0,0.06982133125227376
Q6U736,Q9NVI1,0.0,0.1393659618886358
Q15915,P35222,0.0,0.2324802624219617
Q13485,Q16637,0.0,0.06201683478261659
Q96EZ4,Q14247,0.0,0.17052967423998275
Q7Z7H5,P11021,0.0,0.025786380849467036
Q9Y608,O14640,0.0,0.07909062534505568
P22083,Q15361,0.0,0.2478618369467513
O15520,Q13485,0.0,0.11027492799198002
Q7L9L4,Q99558,0.0,0.2755106338427092
O75290,P52597,0.0,0.07930394690150051
P27986,Q14457,0.0,0.060543329143554404
Q96JC1,Q7L523,0.0,0.12439476221266847
O95376,Q15382,0.0,0.0856215056558603
P00533,O95859,0.0,0.15242706111135434
Q9Y4K3,Q6Q0C0,0.0,0.1354513206341337
P49768,P04637,0.0,0.04302045498244368
P15923,O43474,0.0,0.03313648243803011
Q92619,P62745,0.0,0.022853742328278172
Q9H4B4,Q8IW35,0.0,0.07907002799920469
Q5T2D2,Q8IUC6,0.0,0.11362177237349125
Q96P20,Q86WV6,0.0,0.08377905332548923
Q13263,P08670,0.0,0.24339949951003062
P37198,O00422,0.0,0.14477231337834026
P08238,O43156,0.0,0.09082672329900959
Q9NVR5,Q9Y4R8,0.0,0.5413160460979941
Q9NY43,Q9H2A3,0.0,0.053254216843682006
P16104,P62807,0.0,0.04609509472439871
O75626,P04637,0.0,0.2817516415933993
Q9Y6E7,Q16778,0.0,0.060555752753389584
P08247,Q99801,0.0,0.16869053880759166
P29965,P04637,0.0,0.10521859764732727
Q00597,P16104,0.0,0.0960822045952452
Q5TEU4,Q8N9I9,0.0,0.12329473060883195
Q9Y6C5,Q04721,0.0,0.1917892923222682
P06899,P13010,0.0,0.0810193409327569
P17844,Q13501,0.0,0.06892697286382185
Q09472,Q14653,0.0,0.1674801240535992
P35221,Q86WV6,0.0,0.11195600313311865
Q92698,P31350,0.0,0.23135881214137044
Q9BT17,O43303,0.0,0.26695941322145833
Q8WXQ8,Q99741,0.0,0.043131997588684926
P10914,Q00987,0.0,0.06184733251276652
P56704,P04637,0.0,0.17280752500000157
O60563,P38936,0.0,0.2489873690825949
Q96AY2,Q9BX63,0.0,0.29008472544106084
P35813,O14867,0.0,0.1939632170990611
O00295,Q9UMX1,0.0,0.07487567187312351
P14373,O95376,0.0,0.38043782119283603
P78504,Q99684,0.0,0.1689088313752387
P35228,Q15653,0.0,0.4362010374551167
P0DP58,Q6PGQ7,0.0,0.08567702489875764
P30281,P14635,0.0,0.07769458957194039
Q9UL12,Q96GD4,0.0,0.25390379686218734
P28906,Q5VSY0,0.0,0.1066662398530555
Q13541,Q14457,0.0,0.07111267173605011
Q9Y5S9,P04637,0.0,0.31504650933084616
O95718,O14965,0.0,0.1748264937844393
P54707,P12931,0.0,0.13803106449330577
O95935,O95863,0.0,0.08226016193427683
O43734,O43318,0.0,0.37483719201489335
O75928,O15524,0.0,0.05743001230236139
P09471,P03372,0.0,0.19532441670114617
P05013,O15524,0.0,0.028836795467267008
O14543,P10912,0.0,0.18656898524498403
Q9Y4K3,O14543,0.0,0.17870589518785357
P02545,Q9Y243,0.0,0.2022038451030533
O75914,P31749,0.0,0.06663995317036926
P08238,P31751,0.0,0.12366282264154435
Q8IZD0,Q9UQK1,0.0,0.06069922719419819
Q9Y450,B3EWF7,0.0,0.16956589006131517
Q93098,O14641,0.0,0.12545417985890842
Q96NR3,Q9NRC1,0.0,0.06715449019245046
Q9ULP0,Q96CV9,0.0,0.2559955832086446
P10415,Q15173,0.0,0.017067835803492415
Q4G148,Q99708,0.0,0.30938453456174625
Q13425,P35228,0.0,0.11688938506825522
Q7Z7C7,P60321,0.0,0.06336596547732817
P61088,Q04206,0.0,0.1470576227680789
P01112,P15941,0.0,0.1885304123247256
Q08722,P01730,0.0,0.20213912192125438
O60447,P01911,0.0,0.031957533057634824
P12272,P12931,0.0,0.1411779500323566
Q96TA1,P00533,0.0,0.3362642925015796
Q13421,P43357,0.0,0.029485714634273574
P43365,P43360,0.0,0.12855387442916016
Q9BXR0,P55061,0.0,0.04043559266983404
P62820,P01135,0.0,0.06966370995289652
P49757,O60331,0.0,0.0361114557001548
Q99496,O95863,0.0,0.4694820955771058
O95297,O43567,0.0,0.01548354419797359
O14617,O95295,0.0,0.050261525599270475
O43293,Q15742,0.0,0.19393887942620958
A0A1B0GVG4,Q99741,0.0,0.10419590969812095
Q8IX90,P53350,0.0,0.0960739296593867
Q96QD5,O75140,0.0,0.1688428415288371
Q8IWV8,P01106,0.0,0.2513179283324622
P19875,P19838,0.0,0.07069641903750164
Q9C040,O00635,0.0,0.08413149871272999
Q96QP1,Q9Y4K3,0.0,0.042646092924634164
Q9Y3M9,Q9BVG3,0.0,0.05867419430892371
Q06187,Q9H257,0.0,0.012919183305464398
O75448,P03372,0.0,0.030410921695774775
P34972,P37231,0.0,0.050189747410848445
Q6PEY2,O43237,0.0,0.061870999289212004
Q8N7M0,O14576,0.0,0.07971523028281995
Q9Y676,P67809,0.0,0.06560990261979817
Q96EH3,O00303,0.0,0.1590285494953341
Q92800,Q96BY2,0.0,0.8568609737417267
Q99801,P04637,0.0,0.10345676530653834
P20138,Q9H4A3,0.0,0.5885762631794412
O60294,Q96J92,0.0,0.09870987934942736
P99999,P00533,0.0,0.2103576788032902
Q16613,P54652,0.0,0.036979789137505076
Q9NYX4,P38398,0.0,0.25940072826793353
O43526,Q9UPW8,0.0,0.040477906776911994
Q09472,P25490,0.0,0.17332541198984802
Q09472,P14921,0.0,0.16805936977405098
Q9UL33,O95786,0.0,0.21939042475829532
H3BTG2,Q7Z2W7,0.0,0.13121986519886109
Q15306,Q04206,0.0,0.20165952765535988
Q8IUE1,P42224,0.0,0.12815203131791147
Q9Y478,Q49AN0,0.0,0.0646417476301729
P30154,Q16526,0.0,0.0809747844933168
Q14790,P00533,0.0,0.17081099968107116
P63316,P42224,0.0,0.11235880774495738
Q9NYU2,Q8WU17,0.0,0.08937918459084285
Q96MT1,O15503,0.0,0.08218618346707876
Q92993,Q16665,0.0,0.1483792656208891
P13726,Q9P126,0.0,0.05003530689742391
Q96BI3,P49757,0.0,0.08625668932441616
P28482,Q9UKL4,0.0,0.07845282860477844
Q16877,P04637,0.0,0.0431939393431272
Q8NBS3,Q06609,0.0,0.011461431933997393
P46531,P14635,0.0,0.14047342858599915
Q9HCK8,Q9NPC3,0.0,0.17845747923303576
Q13263,Q14653,0.0,0.45478099111861553
Q3ZCU0,P37275,0.0,0.24397960528959264
P0CG48,O15350,0.0,0.09546565408698841
P06899,P20700,0.0,0.11012379443368962
Q12908,P08183,0.0,0.17121022849229622
Q9NRW7,Q9UJA2,0.0,0.07620703193262389
Q9NX47,O60337,0.0,0.10298622109358781
Q8NBP7,Q14534,0.0,0.05969809917833999
Q9HCE1,P04637,0.0,0.12779519791631325
P38398,Q01094,0.0,0.31886203230124344
Q9NSE2,P19235,0.0,0.1426902428650086
Q9HAB8,P67775,0.0,0.03127303869185817
P68400,Q49AN0,0.0,0.04167832658242089
Q9UHM6,Q16526,0.0,0.03226113739309096
P42574,Q16777,0.0,0.16463412102239924
O75531,P01100,0.0,0.06562585881773782
Q14247,Q9NYY3,0.0,0.20284390441595493
P01106,Q9NZ52,0.0,0.31045101069812736
Q16778,P0C0S8,0.0,0.10391883651291671
Q92797,Q9H4L7,0.0,0.19611171902262955
P34925,Q5T9L3,0.0,0.014383736797472771
P0DML2,P00533,0.0,0.2277493202573975
P51114,O60573,0.0,0.03575949622631525
Q13153,Q14190,0.0,0.057442195838365843
A1L453,Q9C026,0.0,0.03717828813300711
P51617,P50552,0.0,0.026373748418221918
Q12888,P0C0S8,0.0,0.28819358107672494
Q8NCD3,Q16777,0.0,0.06031641085854061
P30556,P04637,0.0,0.20676694018000272
Q9BYX4,Q13114,0.0,0.1690002637045271
P09661,O94992,0.0,0.07599839971655166
P80217,P50539,0.0,0.040673170667486505
Q9C0C9,Q9Y3C5,0.0,0.338990864962235
Q5VTR2,Q9HAU4,0.0,0.012976439367910092
P17535,Q04206,0.0,0.027245034463566648
P52566,Q9HCU9,0.0,0.1874737491295544
Q12933,Q13233,0.0,0.38724105272819503
Q86UW9,Q86Y01,0.0,0.06716229223850984
Q06520,P67809,0.0,0.044875157615278174
P07204,Q8NAP3,0.0,0.23247315233161517
P18564,P21333,0.0,0.17150930020987978
P05556,O75369,0.0,0.2119242038570067
Q7Z589,O14757,0.0,0.20991726391273532
Q9HBX8,P08151,0.0,0.12596713304995058
Q9NYX4,P07196,0.0,0.039712068103314936
Q13323,O43521,0.0,0.0439345276001076
P40227,P04637,0.0,0.18895127899301803
P01733,O00425,0.0,0.03042529178059935
P14625,P04843,0.0,0.05963406246108707
P62995,Q13323,0.0,0.037209895617036276
Q9Y265,P04908,0.0,0.16577005347691584
O43432,P54253,0.0,0.1323260711374005
