E3,Substrate,label,MetaESI_woSeq
Q9Y297,P18848,1.0,0.920019805431366
Q9Y297,Q9NS37,1.0,0.7681472301483154
Q9Y297,Q8TDM6,1.0,0.841681718826294
Q9Y297,O15534,1.0,0.87364661693573
Q9Y297,P53805,1.0,0.34475648403167725
Q9Y297,P08047,1.0,0.4702310562133789
Q9Y297,P01106,1.0,0.8361825346946716
Q9Y297,Q16656,1.0,0.6507599353790283
Q9Y297,P35968,1.0,0.877153754234314
Q9Y297,Q92519,1.0,0.520346462726593
Q9Y297,Q14247,1.0,0.7884573936462402
Q9Y297,Q5JSP0,1.0,0.8666009306907654
Q9Y297,Q96K76,1.0,0.7173226475715637
Q9Y297,P54274,1.0,0.6300070285797119
Q9Y297,Q00613,1.0,0.8222270607948303
Q9Y297,P78545,1.0,0.9087319374084473
Q9Y297,Q07820,1.0,0.6275417804718018
Q9Y297,O95999,1.0,0.823727011680603
Q9Y297,P04637,1.0,0.8791277408599854
Q9Y297,P32314,1.0,0.7478982210159302
Q9Y297,P18887,1.0,0.8079217076301575
Q9HCE7,P36897,1.0,0.4526929259300232
Q9HCE7,O43541,1.0,0.5017174482345581
Q9HCE7,Q13873,1.0,0.4469150900840759
Q9HCE7,Q8N6M0,1.0,0.24223506450653076
Q9HCE7,P54725,1.0,0.3479604125022888
Q9HCE7,Q9Y508,1.0,0.15880978107452393
Q9HCE7,P61328,1.0,0.32581353187561035
Q9HCE7,P48730,1.0,0.388027548789978
Q9HCE7,Q9NZ63,1.0,0.3566523790359497
Q9HCE7,Q13492,1.0,0.44483351707458496
Q9HCE7,Q08881,1.0,0.40728524327278137
Q9HCE7,Q9UHD9,1.0,0.20155741274356842
Q9HCE7,Q9Y2U5,1.0,0.5597584247589111
Q9HCE7,P06239,1.0,0.43922099471092224
Q9HCE7,Q16186,1.0,0.3075401186943054
Q9HCE7,Q6ZTN6,1.0,0.4502864181995392
Q9HCE7,Q9P2X3,1.0,0.3132046163082123
Q9HCE7,Q9Y5W3,1.0,0.593665361404419
Q9HCE7,Q7Z434,1.0,0.6398928165435791
Q9HCE7,Q9P2Y5,1.0,0.5251286625862122
P46934,P24928,1.0,0.25827115774154663
P46934,O14964,1.0,0.33084574341773987
P46934,Q14524,1.0,0.7677964568138123
P46934,Q16655,1.0,0.761783242225647
P46934,P60484,1.0,0.5116598606109619
P46934,P10275,1.0,0.548518180847168
P46934,Q07912,1.0,0.46511971950531006
P46934,Q13571,1.0,0.7977699637413025
P46934,Q8WUM4,1.0,0.36872684955596924
P46934,Q14457,1.0,0.13468705117702484
P46934,Q2KJY2,1.0,0.29755455255508423
P46934,P31749,1.0,0.31081047654151917
P46934,Q00987,1.0,0.12312953174114227
P46934,P01112,1.0,0.7390807867050171
P46934,Q01628,1.0,0.3980712592601776
P46934,Q9Y4H2,1.0,0.47728464007377625
P46934,O43490,1.0,0.6815831661224365
P46934,P38936,1.0,0.18305452167987823
P46934,Q9UIH9,1.0,0.4415861964225769
Q9UNE7,Q9UNE7,1.0,0.06608348339796066
Q9UNE7,P03372,1.0,0.4322621524333954
Q9UNE7,Q15797,1.0,0.6038327813148499
Q9UNE7,P29475,1.0,0.5623513460159302
Q9UNE7,Q04912,1.0,0.68724125623703
Q9UNE7,Q92731,1.0,0.5860532522201538
Q9UNE7,P17542,1.0,0.6245195865631104
Q9UNE7,Q13114,1.0,0.6237307190895081
Q9UNE7,Q8IZQ8,1.0,0.7405960559844971
Q9UNE7,P34932,1.0,0.6107996106147766
Q9UNE7,P04637,1.0,0.7756481766700745
Q9UNE7,Q15831,1.0,0.6634942293167114
Q9UNE7,P43694,1.0,0.6358965635299683
Q9UNE7,P01106,1.0,0.6331492066383362
Q9UNE7,P55017,1.0,0.5077351927757263
Q9UNE7,P63241,1.0,0.0944727435708046
Q9UNE7,P60484,1.0,0.6660907864570618
Q9UNE7,P17612,1.0,0.11346343904733658
Q00987,Q92793,1.0,0.5595012903213501
Q00987,Q00987,1.0,0.23117323219776154
Q00987,P32121,1.0,0.15593266487121582
Q00987,P78352,1.0,0.13558776676654816
Q00987,Q13469,1.0,0.2447310835123062
Q00987,P98177,1.0,0.4631533622741699
Q00987,P55036,1.0,0.08239555358886719
Q00987,Q92630,1.0,0.5099174380302429
Q00987,Q9UHR4,1.0,0.17646105587482452
Q00987,Q15334,1.0,0.2293694019317627
Q00987,Q13761,1.0,0.6228227019309998
Q00987,Q01094,1.0,0.42897528409957886
Q00987,P40424,1.0,0.3479960560798645
Q00987,Q9GZR7,1.0,0.5514550805091858
Q00987,O15055,1.0,0.45831233263015747
Q00987,Q9BZS1,1.0,0.5865179300308228
Q96J02,P05412,1.0,0.585362434387207
Q96J02,P61073,1.0,0.9611087441444397
Q96J02,O15350,1.0,0.6104479432106018
Q96J02,Q9H3D4,1.0,0.6910067796707153
Q96J02,Q16621,1.0,0.7515079379081726
Q96J02,Q9Y5X1,1.0,0.2489071786403656
Q96J02,O95835,1.0,0.6039841771125793
Q96J02,Q15796,1.0,0.9217730164527893
Q96J02,Q15583,1.0,0.6340245604515076
Q96J02,Q86Y01,1.0,0.3429645299911499
Q96J02,Q8WWW0,1.0,0.2637918293476105
Q96J02,Q15750,1.0,0.28927314281463623
Q96J02,Q9UMX1,1.0,0.6889302730560303
Q13309,P46527,1.0,0.7707030773162842
Q13309,P06400,1.0,0.5105276703834534
Q13309,P24385,1.0,0.298775315284729
Q13309,P49918,1.0,0.5593516826629639
Q13309,Q9NS23,1.0,0.32075235247612
Q13309,O43524,1.0,0.5813636779785156
Q13309,P25963,1.0,0.3992311358451843
Q13309,P03372,1.0,0.37952855229377747
Q13309,P31749,1.0,0.7189239859580994
Q13309,Q13415,1.0,0.5022697448730469
Q13309,Q7L523,1.0,0.3236193060874939
Q13309,Q15672,1.0,0.4558635652065277
Q13309,Q53EL6,1.0,0.4131532907485962
P22681,P16234,1.0,0.8106253147125244
P22681,P15498,1.0,0.33202505111694336
P22681,P06239,1.0,0.5651196837425232
P22681,P29317,1.0,0.6327238082885742
P22681,P06241,1.0,0.5849226117134094
P22681,P08648,1.0,0.3677450120449066
P22681,P10721,1.0,0.7755569219589233
P22681,P54762,1.0,0.6173980236053467
P22681,Q9UGK3,1.0,0.568723201751709
P22681,P07947,1.0,0.48940756916999817
P22681,Q7Z698,1.0,0.4253077208995819
P22681,Q9UM73,1.0,0.731423556804657
P22681,Q96P20,1.0,0.7228869199752808
Q969H0,P01106,1.0,0.8939871788024902
Q969H0,P46531,1.0,0.5658969283103943
Q969H0,Q13887,1.0,0.8493492603302002
Q969H0,Q9Y5W3,1.0,0.9520986676216125
Q969H0,Q96BA8,1.0,0.8455652594566345
Q969H0,Q15583,1.0,0.7599079012870789
Q969H0,Q96GD4,1.0,0.20084017515182495
Q969H0,Q16665,1.0,0.9077081084251404
Q969H0,Q16204,1.0,0.27079781889915466
Q969H0,P02765,1.0,0.5191195011138916
Q969H0,O60315,1.0,0.694843590259552
Q969H0,Q06124,1.0,0.32853883504867554
O60260,Q13155,1.0,0.3092295229434967
O60260,P07437,1.0,0.10188077390193939
O60260,Q96AE4,1.0,0.36627790331840515
O60260,P68363,1.0,0.1419694721698761
O60260,Q99962,1.0,0.4811028838157654
O60260,O00429,1.0,0.34809935092926025
O60260,Q16342,1.0,0.15962542593479156
O60260,O43236,1.0,0.4044739007949829
O60260,P54829,1.0,0.4827066957950592
O60260,O95147,1.0,0.4262188673019409
O60260,Q9Y4K3,1.0,0.5126979351043701
Q96PU5,Q9NY46,1.0,0.9998134970664978
Q96PU5,Q9UQD0,1.0,0.9230099320411682
Q96PU5,Q15796,1.0,0.9088388681411743
Q96PU5,Q16620,1.0,0.28235065937042236
Q96PU5,Q99816,1.0,0.16240721940994263
Q96PU5,P49281,1.0,0.0887768343091011
Q96PU5,Q12809,1.0,0.2706608772277832
Q96PU5,Q8WXF1,1.0,0.08192502707242966
Q96PU5,P62745,1.0,0.24288992583751678
Q96PU5,O14641,1.0,0.2800047993659973
Q96PU5,Q01813,1.0,0.14429424703121185
Q96PU5,P40189,1.0,0.18436533212661743
Q9UM11,P12757,1.0,0.46082350611686707
Q9UM11,Q14511,1.0,0.6738802194595337
Q9UM11,Q9ULW0,1.0,0.7082290649414062
Q9UM11,O43683,1.0,0.7741882801055908
Q9UM11,Q6UVJ0,1.0,0.6230283975601196
Q9UM11,O75496,1.0,0.5511242747306824
Q9UM11,O43474,1.0,0.750603437423706
Q9UM11,Q99708,1.0,0.8351488709449768
Q9UM11,Q00059,1.0,0.23409290611743927
Q9UM11,Q9P2P5,1.0,0.6898260712623596
Q9UM11,Q9NRM7,1.0,0.5571612119674683
O43791,P05412,1.0,0.6153472661972046
O43791,P10071,1.0,0.7622254490852356
O43791,Q16829,1.0,0.7160606384277344
O43791,Q12809,1.0,0.7367127537727356
O43791,Q9UBN7,1.0,0.5053905844688416
O43791,Q9NZQ7,1.0,0.72541743516922
O43791,P49327,1.0,0.3153460919857025
O43791,Q7Z7J5,1.0,0.6087152361869812
Q8IUQ4,P29590,1.0,0.6279321908950806
Q8IUQ4,P37840,1.0,0.8120958209037781
Q8IUQ4,Q96KS0,1.0,0.5656144022941589
Q8IUQ4,Q9H2X6,1.0,0.4385792016983032
Q8IUQ4,Q15554,1.0,0.5298390984535217
Q8IUQ4,Q99933,1.0,0.6260632872581482
Q8IUQ4,P37275,1.0,0.6686151623725891
O43255,P43146,1.0,0.574657678604126
O43255,Q96KS0,1.0,0.5378080010414124
O43255,P55036,1.0,0.4960646629333496
O43255,Q16665,1.0,0.6921347975730896
O43255,Q99933,1.0,0.5924376249313354
O43255,Q92844,1.0,0.7081111073493958
O43255,P37275,1.0,0.6390910148620605
Q9HAU4,Q15797,1.0,0.9316512942314148
Q9HAU4,O95630,1.0,0.21021972596645355
Q9HAU4,P20333,1.0,0.21537764370441437
Q9HAU4,P41134,1.0,0.2592563033103943
Q9HAU4,Q96FJ0,1.0,0.2031208574771881
Q9HAU4,Q01826,1.0,0.24163927137851715
Q9HAU4,Q96EB6,1.0,0.3169489800930023
Q9Y4K3,Q9Y6K9,1.0,0.521178126335144
Q9Y4K3,O43353,1.0,0.6382638216018677
Q9Y4K3,Q8IUC6,1.0,0.608635425567627
Q9Y4K3,Q16584,1.0,0.4825052320957184
Q9Y4K3,Q99538,1.0,0.126317098736763
Q9Y4K3,Q08380,1.0,0.27234238386154175
Q9UKB1,P35222,1.0,0.7272268533706665
Q9UKB1,P30304,1.0,0.781815767288208
Q9UKB1,O15534,1.0,0.8028505444526672
Q9UKB1,Q9UKT4,1.0,0.753675103187561
Q9UKB1,Q53EL6,1.0,0.4768977165222168
Q9UKB1,Q9NX09,1.0,0.637556791305542
Q05086,Q05086,1.0,0.36203572154045105
Q05086,Q9Y6Q9,1.0,0.8304859399795532
Q05086,P49815,1.0,0.7238060832023621
Q05086,P54821,1.0,0.5453369617462158
Q05086,P03372,1.0,0.682463526725769
Q9H0M0,O43541,1.0,0.6376003623008728
Q9H0M0,P36897,1.0,0.41754990816116333
Q9H0M0,Q9H3D4,1.0,0.6073097586631775
Q9H0M0,Q8N0X7,1.0,0.39767786860466003
Q9H0M0,P60484,1.0,0.6401197910308838
Q9H0M0,P15941,1.0,0.22278648614883423
P98170,P55211,1.0,0.45479440689086914
P98170,O95831,1.0,0.6536343693733215
P98170,Q04725,1.0,0.7798915505409241
P98170,Q04726,1.0,0.8865100145339966
P98170,P37198,1.0,0.7722291350364685
Q13490,Q99683,1.0,0.5381728410720825
Q13490,Q13490,1.0,0.4892318546772003
Q13490,P57078,1.0,0.684278130531311
Q13490,Q14790,1.0,0.6850149035453796
Q13490,P55060,1.0,0.06721939891576767
P38398,P0C0S8,1.0,0.9998399019241333
P38398,P03372,1.0,0.23869028687477112
P38398,Q96A08,1.0,0.9703072309494019
P38398,P04908,1.0,0.9998352527618408
Q8NHY2,P05412,1.0,0.9339234828948975
Q8NHY2,P50549,1.0,0.9785280823707581
Q8NHY2,P31947,1.0,0.40917325019836426
Q8NHY2,P46527,1.0,0.9820758104324341
Q8NHY2,P98177,1.0,0.9717077016830444
Q86TM6,Q86TM6,1.0,0.4109501838684082
Q86TM6,Q96AJ1,1.0,0.1361260563135147
Q86TM6,P05067,1.0,0.7494942545890808
Q86TM6,P01848,1.0,0.8027387857437134
O76064,Q96QV6,1.0,0.8972228169441223
O76064,Q96A08,1.0,0.49577873945236206
O76064,Q16777,1.0,0.9200665950775146
O76064,P54132,1.0,0.6435889601707458
O76064,Q9NQR1,1.0,0.637639582157135
Q13489,Q99558,1.0,0.6344051957130432
Q13489,Q13114,1.0,0.5476531982421875
Q13489,Q14790,1.0,0.6914687752723694
Q13489,P10914,1.0,0.757445216178894
P40337,O14503,1.0,0.7518947124481201
P40337,P48200,1.0,0.7224735021591187
P40337,P07550,1.0,0.9341546893119812
P40337,Q8N122,1.0,0.616615355014801
Q5T0T0,P01903,1.0,0.5803859233856201
Q5T0T0,P02786,1.0,0.29988494515419006
Q5T0T0,Q7Z434,1.0,0.7183191776275635
Q13049,Q13049,1.0,0.5495243072509766
Q13049,P98170,1.0,0.7794495820999146
Q13049,P04198,1.0,0.5843144059181213
Q13049,Q9UHD2,1.0,0.6139890551567078
Q86YJ5,Q96LA5,1.0,0.859183669090271
Q86YJ5,P01920,1.0,0.9481183290481567
Q86YJ5,Q12913,1.0,0.9624109864234924
P19474,P19474,1.0,0.16546626389026642
P19474,O14920,1.0,0.28541991114616394
P19474,Q04206,1.0,0.6111210584640503
P35226,Q8IUE6,1.0,0.9849013686180115
P35226,P0C0S8,1.0,0.9870766997337341
P35226,Q96QV6,1.0,0.98223477602005
P35226,P23921,1.0,0.2789507806301117
Q12834,Q01196,1.0,0.6363950371742249
Q12834,P23497,1.0,0.6100708246231079
Q12834,Q9UBZ9,1.0,0.7243319749832153
O00308,P49281,1.0,0.09775310754776001
O00308,P24928,1.0,0.20549537241458893
O00308,Q9UM47,1.0,0.6519054174423218
Q9NZJ0,Q9NQR1,1.0,0.6635475754737854
Q9NZJ0,Q99741,1.0,0.6853048205375671
Q9NZJ0,Q9Y253,1.0,0.7809706926345825
Q9NVW2,Q86U70,1.0,0.46512100100517273
Q9NVW2,P50458,1.0,0.607774019241333
Q9NVW2,P54274,1.0,0.5959475636482239
Q969Q1,P19237,1.0,0.18525277078151703
Q969Q1,P10916,1.0,0.1558479368686676
Q969Q1,P10827,1.0,0.1789860874414444
Q8TBB1,P56750,1.0,0.16887399554252625
Q8TBB1,Q05586,1.0,0.462414413690567
Q96PM5,Q5T7V8,1.0,0.6375685930252075
Q96PM5,Q9Y5M8,1.0,0.112376868724823
Q96PM5,Q9H3D4,1.0,0.6443982124328613
Q86YT6,O00548,1.0,0.5983905792236328
Q86YT6,Q9UHD2,1.0,0.5244856476783752
Q86YT6,P54132,1.0,0.6618055701255798
Q8NEZ5,P04637,1.0,0.7936691045761108
Q8NEZ5,P60484,1.0,0.6719920635223389
Q8NEZ5,O95817,1.0,0.5759100317955017
Q14258,P31947,1.0,0.13203869760036469
Q14258,Q12933,1.0,0.8434425592422485
Q12933,Q13489,1.0,0.21033261716365814
Q12933,Q13105,1.0,0.1874975860118866
Q12933,Q13627,1.0,0.13437123596668243
Q969P5,P28562,1.0,0.6553499698638916
Q969P5,P19429,1.0,0.2366633415222168
Q9UKV5,P04234,1.0,0.8222732543945312
Q9UKV5,P13569,1.0,0.6876603960990906
Q9UKV5,P11441,1.0,0.3108054995536804
P78317,P61956,1.0,0.14478440582752228
P78317,Q99814,1.0,0.7531071901321411
Q9NX47,Q9NX47,1.0,0.07800103724002838
Q9NX47,P46821,1.0,0.660915732383728
Q9NX47,Q07820,1.0,0.46025076508522034
Q96EP1,Q14807,1.0,0.27345457673072815
Q96EP1,P09874,1.0,0.20777125656604767
Q13191,P27986,1.0,0.28781378269195557
Q13191,P20963,1.0,0.5384364724159241
Q99496,P0C0S8,1.0,0.9785313606262207
Q99496,P16104,1.0,0.9829726219177246
Q99496,A6NK89,1.0,0.07918168604373932
Q9H4P4,Q99836,1.0,0.502207338809967
Q9H4P4,Q9HB71,1.0,0.42337095737457275
Q9NTX7,Q9H2G9,1.0,0.3981326222419739
Q9NTX7,P12956,1.0,0.147587388753891
Q9BYM8,Q9NYJ8,1.0,0.2723724842071533
Q9BYM8,Q14258,1.0,0.3943553566932678
Q8TCQ1,P13762,1.0,0.7906481027603149
Q8TCQ1,P02786,1.0,0.24489156901836395
Q96F44,Q96QS3,1.0,0.49232542514801025
Q96F44,O15169,1.0,0.695065438747406
Q9Y4B6,O75449,1.0,0.6871216893196106
Q9Y4B6,O95835,1.0,0.8680217266082764
Q8IYW5,Q8IYW5,1.0,0.14403751492500305
Q8IYW5,Q9P0M6,1.0,0.5576555132865906
Q96EP0,P05771,1.0,0.6550378799438477
Q96EP0,Q9Y6K9,1.0,0.43349677324295044
Q92844,Q13546,1.0,0.27992111444473267
Q92844,O95147,1.0,0.20054380595684052
Q9UKC9,P05067,1.0,0.7335585951805115
Q9UKC9,Q08050,1.0,0.826930582523346
Q8WZ73,Q13546,1.0,0.6810923218727112
P0C2W1,Q96IZ0,1.0,0.5883907675743103
P0C2W1,P37275,1.0,0.7954772710800171
Q9UHC7,P38936,1.0,0.450776606798172
Q96FA3,P51617,1.0,0.6765405535697937
Q96FA3,O15151,1.0,0.4463465213775635
Q14145,O14920,1.0,0.2955942153930664
Q14145,P48436,1.0,0.503089427947998
Q99942,P13569,1.0,0.3899978697299957
Q96EQ8,Q9BYX4,1.0,0.4873655438423157
Q96EQ8,Q9HB29,1.0,0.39900287985801697
Q53G59,Q9UBV8,1.0,0.5912452936172485
Q6ZNA4,O15105,1.0,0.45568525791168213
Q6ZNA4,P61956,1.0,0.11639022082090378
Q96AX9,O00548,1.0,0.6445567011833191
Q8IYU2,P24385,1.0,0.08859159052371979
Q8IYU2,Q96CV9,1.0,0.1936405748128891
O60858,Q00987,1.0,0.27194082736968994
Q5XUX0,P30279,1.0,0.19843243062496185
Q5XUX0,O95863,1.0,0.27061912417411804
P29372,Q15257,1.0,0.12702272832393646
Q9UK22,Q9UNE7,1.0,0.09148871898651123
P10523,P49427,1.0,0.0914650410413742
P10523,Q16665,1.0,0.834655225276947
Q9BV68,P38936,1.0,0.5726515650749207
O43663,Q96KK5,1.0,0.9515897631645203
O43663,Q99496,1.0,0.2474617213010788
Q9Y2M5,Q14457,1.0,0.3450208604335785
O15524,O60674,1.0,0.1980346292257309
Q7Z6J0,Q7Z6J0,1.0,0.4119282364845276
Q7Z6J0,P48048,1.0,0.23529791831970215
Q8NG27,P32519,1.0,0.4944972097873688
Q969V5,Q969V5,1.0,0.07393164932727814
Q969V5,P04637,1.0,0.718101441860199
Q9NRD1,Q9BRS2,1.0,0.39417698979377747
Q8TEB7,P29965,1.0,0.254382461309433
Q9Y252,P10275,1.0,0.8455969095230103
Q9Y252,P55317,1.0,0.8103114366531372
O43164,P31321,1.0,0.4795668423175812
Q7L5Y6,Q13085,1.0,0.5682263374328613
Q7L5Y6,Q13330,1.0,0.3112393617630005
Q969K3,Q13546,1.0,0.7545389533042908
P49427,P10244,1.0,0.35452407598495483
Q5XPI4,P83916,1.0,0.3197573721408844
Q96SW2,Q9UKT9,1.0,0.3581733703613281
Q5T447,Q9UNK0,1.0,0.12457447499036789
Q5T447,P55211,1.0,0.1880643516778946
P14373,P38936,1.0,0.4022104740142822
Q9H2C0,P14136,1.0,0.4631931781768799
Q9NWF9,Q9NR96,1.0,0.22091054916381836
Q9UKA1,P48200,1.0,0.46967554092407227
Q8N3Y1,P24385,1.0,0.49871471524238586
Q8N3Y1,Q92918,1.0,0.8112441897392273
Q9Y4L5,P00533,1.0,0.730701744556427
O15344,Q9NRP7,1.0,0.3088570535182953
Q96PU4,P24864,1.0,0.4660385549068451
Q8WVD3,Q9UJU2,1.0,0.44583335518836975
O95155,Q99689,1.0,0.12406197190284729
O95198,O95502,1.0,0.7211828231811523
Q9NXK8,Q96RR4,1.0,0.3236418068408966
Q13114,Q14164,1.0,0.1421850472688675
Q9BUZ4,O14757,1.0,0.40710940957069397
Q92466,P0C0S8,1.0,0.16751188039779663
Q9Y3I1,P16150,1.0,0.29730722308158875
Q9NS91,Q12888,1.0,0.21326987445354462
O14543,P35568,1.0,0.22691386938095093
Q969U6,Q9Y238,1.0,0.25304943323135376
P62877,Q16236,1.0,0.5916740298271179
Q96T88,P29590,1.0,0.20705002546310425
Q8WV44,Q8N884,1.0,0.26724469661712646
Q8N1E6,O95863,1.0,0.6708790063858032
Q9UKT5,Q07820,1.0,0.4981456398963928
Q86XK2,O75626,1.0,0.49848973751068115
Q9NV58,Q9Y6H5,1.0,0.7131727933883667
Q13233,P15408,1.0,0.12524288892745972
Q9P0N8,Q12959,1.0,0.3448697626590729
Q9Y297,Q9UH99,0.0,0.6997170448303223
Q9Y297,Q13616,0.0,0.2009480744600296
Q9Y297,O95858,0.0,0.3741936683654785
Q9Y297,Q9NTX7,0.0,0.7111808061599731
Q9Y297,P22681,0.0,0.7675356268882751
Q9Y297,Q8N752,0.0,0.32531318068504333
Q9Y297,Q8N1E6,0.0,0.2688876986503601
Q9Y297,Q9NRD1,0.0,0.6681969165802002
Q9Y297,Q9UJU2,0.0,0.7839532494544983
Q9Y297,Q9H4I3,0.0,0.30409371852874756
Q9Y297,O00327,0.0,0.8465453386306763
Q9Y297,P48730,0.0,0.6601173877716064
Q9Y297,Q96CW5,0.0,0.43844640254974365
Q9Y297,O96017,0.0,0.7066336870193481
Q9Y297,Q9BT92,0.0,0.24007323384284973
Q9Y297,Q96ME1,0.0,0.6744281053543091
Q9Y297,Q9NYF0,0.0,0.7738438248634338
Q9Y297,Q9UBP4,0.0,0.6481037735939026
Q9Y297,O75444,0.0,0.9006255269050598
Q9Y297,Q9Y6K9,0.0,0.7848302125930786
Q9Y297,Q15172,0.0,0.395394891500473
Q9HCE7,Q8TB52,0.0,0.44469889998435974
Q9HCE7,Q92963,0.0,0.4033516049385071
Q9HCE7,Q70EL2,0.0,0.4720293879508972
Q9HCE7,Q15459,0.0,0.24406825006008148
Q9HCE7,Q9H9S5,0.0,0.17401716113090515
Q9HCE7,O14980,0.0,0.16474883258342743
Q9HCE7,O60331,0.0,0.3529179096221924
Q9HCE7,Q13309,0.0,0.35109269618988037
Q9HCE7,P34932,0.0,0.49240732192993164
Q9HCE7,O60565,0.0,0.2439565509557724
Q9HCE7,Q8TAT6,0.0,0.1783837229013443
Q9HCE7,Q9H469,0.0,0.31344273686408997
Q9HCE7,P60953,0.0,0.22698955237865448
Q9HCE7,Q96MT3,0.0,0.525173544883728
Q9HCE7,P46531,0.0,0.48247402906417847
Q9HCE7,Q9Y3M8,0.0,0.43968474864959717
Q9HCE7,Q9NPB6,0.0,0.5355111360549927
Q9HCE7,Q9H3S7,0.0,0.5848973393440247
Q9HCE7,P98170,0.0,0.6543374061584473
Q9HCE7,P61289,0.0,0.15948043763637543
P46934,O94763,0.0,0.11083543300628662
P46934,P61247,0.0,0.2935328781604767
P46934,O60331,0.0,0.18673193454742432
P46934,P20592,0.0,0.1805274784564972
P46934,O75436,0.0,0.1502540558576584
P46934,O75150,0.0,0.11650790274143219
P46934,Q9NX09,0.0,0.2530522644519806
P46934,Q9Y219,0.0,0.7619047164916992
P46934,P54727,0.0,0.08281506597995758
P46934,O00399,0.0,0.11070044338703156
P46934,Q9UH73,0.0,0.16448593139648438
P46934,Q969E8,0.0,0.09834545105695724
P46934,Q13049,0.0,0.11991850286722183
P46934,Q9UHV2,0.0,0.274860680103302
P46934,Q16651,0.0,0.09208208322525024
P46934,Q8IWA4,0.0,0.1588050276041031
P46934,Q9Y6D6,0.0,0.14934267103672028
P46934,P09651,0.0,0.0985051617026329
P46934,P42685,0.0,0.13741469383239746
Q9UNE7,P49257,0.0,0.3315202593803406
Q9UNE7,P21917,0.0,0.1481425017118454
Q9UNE7,Q99567,0.0,0.28112900257110596
Q9UNE7,P42771,0.0,0.4276089370250702
Q9UNE7,Q13309,0.0,0.42946529388427734
Q9UNE7,Q15365,0.0,0.2687300741672516
Q9UNE7,Q96LT7,0.0,0.253755122423172
Q9UNE7,P46379,0.0,0.4475701153278351
Q9UNE7,P19484,0.0,0.6230482459068298
Q9UNE7,Q8N5H7,0.0,0.5773298740386963
Q9UNE7,Q16667,0.0,0.26678451895713806
Q9UNE7,Q04206,0.0,0.8382272720336914
Q9UNE7,Q969U7,0.0,0.11540407687425613
Q9UNE7,Q7RTS6,0.0,0.46539101004600525
Q9UNE7,Q5TCX8,0.0,0.6042067408561707
Q9UNE7,P27361,0.0,0.08823537081480026
Q9UNE7,Q13616,0.0,0.0909675881266594
Q9UNE7,P63165,0.0,0.3566857576370239
Q00987,Q9UI09,0.0,0.21940505504608154
Q00987,Q9NY61,0.0,0.12534216046333313
Q00987,P56545,0.0,0.7391881942749023
Q00987,Q8WXA9,0.0,0.18651029467582703
Q00987,Q13263,0.0,0.46697208285331726
Q00987,O95835,0.0,0.7404620051383972
Q00987,P15311,0.0,0.1710551232099533
Q00987,Q9NVN8,0.0,0.7119144797325134
Q00987,P62191,0.0,0.7953850030899048
Q00987,Q99689,0.0,0.1984785497188568
Q00987,Q9H1E3,0.0,0.159367635846138
Q00987,Q16626,0.0,0.14049352705478668
Q00987,O60858,0.0,0.14542251825332642
Q00987,Q9C035,0.0,0.11458106338977814
Q00987,Q9H0A0,0.0,0.5070924162864685
Q00987,P09619,0.0,0.4174647331237793
Q96J02,Q15366,0.0,0.2788192331790924
Q96J02,P36575,0.0,0.1288474053144455
Q96J02,Q8TAQ2,0.0,0.30168163776397705
Q96J02,O15111,0.0,0.40861648321151733
Q96J02,P36897,0.0,0.4256906807422638
Q96J02,O15218,0.0,0.9865958094596863
Q96J02,Q13616,0.0,0.07547354698181152
Q96J02,Q9BYM8,0.0,0.18822908401489258
Q96J02,Q9H0F6,0.0,0.41358357667922974
Q96J02,P62877,0.0,0.20132282376289368
Q96J02,P35222,0.0,0.43358442187309265
Q96J02,O00463,0.0,0.46824294328689575
Q96J02,Q9UMW8,0.0,0.17204336822032928
Q13309,O60563,0.0,0.46243011951446533
Q13309,O15131,0.0,0.5512058734893799
Q13309,Q99627,0.0,0.13878582417964935
Q13309,P42772,0.0,0.1337004005908966
Q13309,Q8NHZ8,0.0,0.320108562707901
Q13309,Q9NRM7,0.0,0.47566160559654236
Q13309,P12524,0.0,0.4755218029022217
Q13309,Q93008,0.0,0.372039794921875
Q13309,Q9Y4R8,0.0,0.2912079691886902
Q13309,P42345,0.0,0.4112997353076935
Q13309,Q9UNE7,0.0,0.06683994829654694
Q13309,O75159,0.0,0.39484167098999023
Q13309,Q9H0M0,0.0,0.5074683427810669
P22681,P30530,0.0,0.690399169921875
P22681,Q9Y490,0.0,0.5088369250297546
P22681,P27352,0.0,0.880580484867096
P22681,Q96J02,0.0,0.4234866797924042
P22681,P01112,0.0,0.46381446719169617
P22681,P62195,0.0,0.10576892644166946
P22681,O15197,0.0,0.3600131869316101
P22681,Q9UEF7,0.0,0.40161803364753723
P22681,Q6UW88,0.0,0.7356612086296082
P22681,Q9H3L0,0.0,0.15724337100982666
P22681,Q9Y575,0.0,0.13050754368305206
P22681,Q9UQQ2,0.0,0.5673841834068298
P22681,Q9NSE2,0.0,0.3618617355823517
Q969H0,Q9UBI4,0.0,0.37793588638305664
Q969H0,P53396,0.0,0.21690434217453003
Q969H0,Q14145,0.0,0.08973699808120728
Q969H0,P12956,0.0,0.3832470178604126
Q969H0,O15409,0.0,0.6263609528541565
Q969H0,Q96PU5,0.0,0.4453926384449005
Q969H0,P43355,0.0,0.6741687655448914
Q969H0,Q9Y6K1,0.0,0.8667169809341431
Q969H0,Q9UKT5,0.0,0.1086316928267479
Q969H0,O43524,0.0,0.8236685395240784
Q969H0,P0DPK3,0.0,0.14314551651477814
Q969H0,Q04771,0.0,0.14328312873840332
O60260,Q9NRX3,0.0,0.2642085552215576
O60260,Q8IUQ4,0.0,0.181096613407135
O60260,Q9C0I3,0.0,0.5253750681877136
O60260,O14818,0.0,0.3301318883895874
O60260,P04062,0.0,0.1690085083246231
O60260,P50502,0.0,0.31381911039352417
O60260,O43524,0.0,0.5301792025566101
O60260,P61081,0.0,0.2330712527036667
O60260,Q9UHD2,0.0,0.45612818002700806
O60260,Q9BXW4,0.0,0.3908085227012634
O60260,Q8IXJ6,0.0,0.36515823006629944
Q96PU5,P26196,0.0,0.08134441077709198
Q96PU5,Q969H0,0.0,0.0802195817232132
Q96PU5,P42261,0.0,0.17375566065311432
Q96PU5,Q99962,0.0,0.08871663361787796
Q96PU5,Q9Y263,0.0,0.08139092475175858
Q96PU5,Q9UNE7,0.0,0.10236160457134247
Q96PU5,P45974,0.0,0.08752646297216415
Q96PU5,P35222,0.0,0.13110044598579407
Q96PU5,P35611,0.0,0.35966402292251587
Q96PU5,Q8IWA4,0.0,0.13315920531749725
Q96PU5,Q9Y2E6,0.0,0.14005547761917114
Q96PU5,P50570,0.0,0.2260340452194214
Q9UM11,Q9UJX3,0.0,0.14884980022907257
Q9UM11,Q96Q40,0.0,0.5358470678329468
Q9UM11,P60484,0.0,0.611400306224823
Q9UM11,O75365,0.0,0.1343521624803543
Q9UM11,P46527,0.0,0.8707766532897949
Q9UM11,Q14137,0.0,0.28007930517196655
Q9UM11,P36543,0.0,0.31862232089042664
Q9UM11,P49918,0.0,0.7229765057563782
Q9UM11,O75973,0.0,0.2182905226945877
Q9UM11,P22314,0.0,0.21886776387691498
Q9UM11,Q9H9B1,0.0,0.6427948474884033
O43791,Q9UBK5,0.0,0.6277210116386414
O43791,Q9Y297,0.0,0.6043074727058411
O43791,Q9NWA0,0.0,0.386178582906723
O43791,Q6EEV6,0.0,0.07252596318721771
O43791,P31749,0.0,0.6692990660667419
O43791,Q13283,0.0,0.3927870988845825
O43791,P27986,0.0,0.5240243077278137
O43791,P14678,0.0,0.14485594630241394
Q8IUQ4,O60282,0.0,0.5813201069831848
Q8IUQ4,Q71U36,0.0,0.09839917719364166
Q8IUQ4,O14641,0.0,0.44700887799263
Q8IUQ4,O95996,0.0,0.6039787530899048
Q8IUQ4,Q96LR5,0.0,0.1332835704088211
Q8IUQ4,O43612,0.0,0.1475847214460373
Q8IUQ4,O00755,0.0,0.11091341823339462
O43255,P40763,0.0,0.6222779750823975
O43255,Q9UHC7,0.0,0.3284183144569397
O43255,O00178,0.0,0.44436928629875183
O43255,Q96CJ1,0.0,0.3163832426071167
O43255,O14556,0.0,0.17013873159885406
O43255,Q14CZ7,0.0,0.351321816444397
O43255,O43609,0.0,0.375507116317749
Q9HAU4,P21709,0.0,0.45109865069389343
Q9HAU4,O14544,0.0,0.320950984954834
Q9HAU4,Q9H469,0.0,0.15333572030067444
Q9HAU4,P01111,0.0,0.36044636368751526
Q9HAU4,P42566,0.0,0.30548039078712463
Q9HAU4,Q12933,0.0,0.5760958194732666
Q9HAU4,Q9C0C9,0.0,0.21117949485778809
Q9Y4K3,Q9UDY2,0.0,0.44454166293144226
Q9Y4K3,P26640,0.0,0.19639363884925842
Q9Y4K3,P52209,0.0,0.13894207775592804
Q9Y4K3,O14733,0.0,0.4410475492477417
Q9Y4K3,Q96FA3,0.0,0.0806400254368782
Q9Y4K3,Q14558,0.0,0.2380884438753128
Q9UKB1,O00418,0.0,0.7079245448112488
Q9UKB1,O14641,0.0,0.8080847859382629
Q9UKB1,P49768,0.0,0.24295848608016968
Q9UKB1,Q9UJT9,0.0,0.5652957558631897
Q9UKB1,P08151,0.0,0.769723117351532
Q9UKB1,Q8TEU7,0.0,0.7701016664505005
Q05086,Q14999,0.0,0.3811231851577759
Q05086,P35579,0.0,0.5410396456718445
Q05086,P13569,0.0,0.6874608993530273
Q05086,Q99496,0.0,0.3552156686782837
Q05086,Q16654,0.0,0.29256364703178406
Q9H0M0,A8MW92,0.0,0.1758483201265335
Q9H0M0,Q9BUY5,0.0,0.17395564913749695
Q9H0M0,Q3ZCT8,0.0,0.08699046075344086
Q9H0M0,Q96PU5,0.0,0.20636162161827087
Q9H0M0,Q2WGJ6,0.0,0.11290431022644043
Q9H0M0,A6NEK1,0.0,0.18014028668403625
P98170,Q9Y4K3,0.0,0.45378854870796204
P98170,O00238,0.0,0.6459869146347046
P98170,Q9Y239,0.0,0.29196545481681824
P98170,Q13188,0.0,0.7681118845939636
P98170,Q96EP0,0.0,0.5916336178779602
Q13490,Q6GPH4,0.0,0.38655826449394226
Q13490,Q96B02,0.0,0.15998271107673645
Q13490,P25963,0.0,0.5510050058364868
Q13490,Q96T52,0.0,0.30358728766441345
Q13490,P20248,0.0,0.7095164060592651
P38398,Q5VTD9,0.0,0.1395292580127716
P38398,P40692,0.0,0.5193872451782227
P38398,Q6UWZ7,0.0,0.32895627617836
P38398,Q05048,0.0,0.12252774089574814
Q8NHY2,Q96FS4,0.0,0.9609264135360718
Q8NHY2,P78371,0.0,0.21652808785438538
Q8NHY2,P50990,0.0,0.12230958789587021
Q8NHY2,P17987,0.0,0.20877763628959656
Q8NHY2,Q9BXP8,0.0,0.893575131893158
Q86TM6,Q9Y385,0.0,0.1762930154800415
Q86TM6,Q86W50,0.0,0.6423551440238953
Q86TM6,Q8NBM4,0.0,0.07517071813344955
Q86TM6,Q9Y2D1,0.0,0.5894415378570557
O76064,P51965,0.0,0.13244454562664032
O76064,Q99879,0.0,0.397551029920578
O76064,O15315,0.0,0.1694745123386383
O76064,Q8WXE1,0.0,0.5607175827026367
O76064,Q9NWV8,0.0,0.2133268266916275
Q13489,Q6GPH4,0.0,0.39197927713394165
Q13489,Q7Z434,0.0,0.6770951747894287
Q13489,P04049,0.0,0.5739855170249939
Q13489,Q04864,0.0,0.6776044964790344
P40337,P62491,0.0,0.28805550932884216
P40337,P50395,0.0,0.04729575663805008
P40337,Q9Y5M8,0.0,0.07054652273654938
P40337,P62877,0.0,0.09046134352684021
Q5T0T0,Q7Z739,0.0,0.32148411870002747
Q5T0T0,Q9H3R2,0.0,0.46846625208854675
Q5T0T0,A6NLC8,0.0,0.20105360448360443
Q13049,Q9H0X6,0.0,0.6235036253929138
Q13049,O95786,0.0,0.7517480850219727
Q13049,O15164,0.0,0.504425048828125
Q13049,P34969,0.0,0.6485763788223267
Q86YJ5,Q9P0N8,0.0,0.7549734115600586
Q86YJ5,Q96K19,0.0,0.18184538185596466
Q86YJ5,P49427,0.0,0.09732542186975479
P19474,Q13158,0.0,0.35878950357437134
P19474,Q92793,0.0,0.33509042859077454
P19474,Q9Y3Z3,0.0,0.3015757203102112
P35226,Q15910,0.0,0.4296072721481323
P35226,P51784,0.0,0.09377742558717728
P35226,P43694,0.0,0.060174304991960526
P35226,Q9BSM1,0.0,0.08283641934394836
Q12834,P20226,0.0,0.6414622664451599
Q12834,Q9UPT9,0.0,0.11301731318235397
Q12834,Q96SZ6,0.0,0.12447936832904816
O00308,P43358,0.0,0.11588895320892334
O00308,P63104,0.0,0.10423851013183594
O00308,O00159,0.0,0.12866944074630737
Q9NZJ0,Q7LG56,0.0,0.32718774676322937
Q9NZJ0,P61981,0.0,0.07089940458536148
Q9NZJ0,Q14781,0.0,0.6243088245391846
Q9NVW2,P03372,0.0,0.5528813600540161
Q9NVW2,Q8IUQ4,0.0,0.2793678343296051
Q9NVW2,Q8N9B8,0.0,0.4171181917190552
Q969Q1,P11831,0.0,0.22658702731132507
Q969Q1,P49406,0.0,0.1551138460636139
Q969Q1,Q9Y371,0.0,0.17018896341323853
Q8TBB1,P43364,0.0,0.4287605583667755
Q8TBB1,Q8TDN2,0.0,0.5130856037139893
Q96PM5,P05386,0.0,0.26713335514068604
Q96PM5,O75808,0.0,0.44157522916793823
Q96PM5,Q12905,0.0,0.16729989647865295
Q86YT6,Q96B02,0.0,0.14936988055706024
Q86YT6,Q9HBF4,0.0,0.568938136100769
Q86YT6,P33993,0.0,0.15942439436912537
Q8NEZ5,O75971,0.0,0.6492835283279419
Q8NEZ5,Q8TEB9,0.0,0.3763178586959839
Q8NEZ5,Q92905,0.0,0.17276035249233246
Q14258,Q9Y4K3,0.0,0.6292517185211182
Q14258,P23381,0.0,0.31223052740097046
Q12933,Q16526,0.0,0.1475415676832199
Q12933,P51116,0.0,0.16421230137348175
Q12933,Q9H0I2,0.0,0.18545575439929962
Q969P5,Q8NEJ9,0.0,0.18295486271381378
Q969P5,O00238,0.0,0.734561026096344
Q9UKV5,Q3ZCQ8,0.0,0.3208746612071991
Q9UKV5,Q8TAT6,0.0,0.221822589635849
Q9UKV5,Q9BTV5,0.0,0.6324129700660706
P78317,O15499,0.0,0.5441271066665649
P78317,O60858,0.0,0.6357421875
Q9NX47,Q96GF1,0.0,0.37302613258361816
Q9NX47,Q14258,0.0,0.5641801953315735
Q9NX47,Q9NS69,0.0,0.15136940777301788
Q96EP1,Q14526,0.0,0.2960149049758911
Q96EP1,Q96CS4,0.0,0.2759281396865845
Q13191,Q16526,0.0,0.3898641765117645
Q13191,O15117,0.0,0.4286530911922455
Q99496,Q9HCE1,0.0,0.10674674063920975
Q99496,O75461,0.0,0.1031799465417862
Q99496,P67870,0.0,0.13790708780288696
Q9H4P4,Q14790,0.0,0.6433977484703064
Q9H4P4,Q9UHI7,0.0,0.2542409300804138
Q9NTX7,O15315,0.0,0.21756385266780853
Q9NTX7,Q9UKB1,0.0,0.34950679540634155
Q9BYM8,P19474,0.0,0.1588052362203598
Q9BYM8,Q99942,0.0,0.0815921202301979
Q8TCQ1,P22301,0.0,0.2804110646247864
Q8TCQ1,P51572,0.0,0.26258230209350586
Q96F44,Q9BV68,0.0,0.10518131405115128
Q96F44,Q9P266,0.0,0.73942631483078
Q9Y4B6,P62877,0.0,0.06557755917310715
Q9Y4B6,Q5QP82,0.0,0.8583375215530396
Q8IYW5,Q16778,0.0,0.24139690399169922
Q8IYW5,Q9Y458,0.0,0.1255345493555069
Q96EP0,Q5VTD9,0.0,0.5207387208938599
Q96EP0,P51965,0.0,0.0761982724070549
Q92844,Q96C10,0.0,0.1258469521999359
Q92844,Q5D1E8,0.0,0.18401819467544556
Q9UKC9,Q6P050,0.0,0.6853363513946533
Q9UKC9,P46736,0.0,0.33847856521606445
Q8WZ73,P78371,0.0,0.08261217921972275
P0C2W1,Q9H0M0,0.0,0.71142578125
P0C2W1,Q96LK0,0.0,0.2583562731742859
Q9UHC7,Q9Y3C5,0.0,0.14962400496006012
Q96FA3,Q9NWZ3,0.0,0.6825245022773743
Q96FA3,O43318,0.0,0.644940197467804
Q14145,Q7L5D6,0.0,0.13142506778240204
Q14145,Q9BXB5,0.0,0.2706446051597595
Q99942,Q96LR5,0.0,0.32083770632743835
Q96EQ8,P29590,0.0,0.4639921188354492
Q96EQ8,Q7Z4K8,0.0,0.3663892149925232
Q53G59,Q7Z614,0.0,0.4113236665725708
Q6ZNA4,Q8WVN8,0.0,0.18525700271129608
Q6ZNA4,P18074,0.0,0.14889419078826904
Q96AX9,O60941,0.0,0.4296247065067291
Q8IYU2,Q92985,0.0,0.2773991525173187
Q8IYU2,P0DMV8,0.0,0.06490743160247803
O60858,Q8WU17,0.0,0.09502467513084412
Q5XUX0,Q9Y2E4,0.0,0.19277358055114746
Q5XUX0,A6NK59,0.0,0.19455917179584503
P29372,Q8N3C7,0.0,0.05189669877290726
Q9UK22,Q9Y2W3,0.0,0.5124268531799316
P10523,P08172,0.0,0.6737534403800964
P10523,P51810,0.0,0.8701918125152588
Q9BV68,Q9BY78,0.0,0.3573542535305023
O43663,A6NNZ2,0.0,0.03787604719400406
O43663,Q14103,0.0,0.06863890588283539
Q9Y2M5,Q99684,0.0,0.7076609134674072
O15524,P58753,0.0,0.1166602298617363
Q7Z6J0,Q13444,0.0,0.2400090992450714
Q7Z6J0,Q9H2E6,0.0,0.3657647371292114
Q8NG27,Q8IYI8,0.0,0.48338583111763
Q969V5,O75436,0.0,0.6003212928771973
Q969V5,Q12983,0.0,0.48201170563697815
Q9NRD1,P41002,0.0,0.9411766529083252
Q8TEB7,Q92630,0.0,0.1953357607126236
Q9Y252,Q9UPQ7,0.0,0.8717708587646484
Q9Y252,Q9Y250,0.0,0.7607235908508301
O43164,Q6NUN7,0.0,0.577838122844696
Q7L5Y6,Q13619,0.0,0.1795090287923813
Q7L5Y6,Q9Y2B9,0.0,0.4387091100215912
Q969K3,Q3ZCQ3,0.0,0.20174406468868256
P49427,Q7L1Q6,0.0,0.14548461139202118
Q5XPI4,O14744,0.0,0.08014048635959625
Q96SW2,Q9BU19,0.0,0.3342861831188202
Q5T447,P08238,0.0,0.14578726887702942
Q5T447,Q86UV5,0.0,0.17998121678829193
P14373,Q9GZU1,0.0,0.11779092252254486
Q9H2C0,Q13829,0.0,0.3322547972202301
Q9NWF9,O60504,0.0,0.3519974946975708
Q9UKA1,O43929,0.0,0.1978597193956375
Q8N3Y1,P61758,0.0,0.41726231575012207
Q8N3Y1,Q8TD19,0.0,0.8075737953186035
Q9Y4L5,P51149,0.0,0.28403374552726746
O15344,Q8TDH9,0.0,0.2367694228887558
Q96PU4,Q96T88,0.0,0.27935099601745605
Q8WVD3,P01574,0.0,0.12056009471416473
O95155,P54727,0.0,0.0652814731001854
O95198,Q9P2J3,0.0,0.5967602133750916
Q9NXK8,Q6PIJ6,0.0,0.16018599271774292
Q13114,Q13546,0.0,0.26216578483581543
Q9BUZ4,P55786,0.0,0.09203285723924637
Q92466,P50402,0.0,0.2842894494533539
Q9Y3I1,Q7L5N1,0.0,0.08889617025852203
Q9NS91,Q9BYE7,0.0,0.06372612714767456
O14543,P61073,0.0,0.21998189389705658
Q969U6,O00238,0.0,0.3650320768356323
P62877,O00165,0.0,0.24891610443592072
Q96T88,Q9UBC3,0.0,0.2885248064994812
Q8WV44,Q96A61,0.0,0.08919928967952728
Q8N1E6,Q8N967,0.0,0.33221468329429626
Q9UKT5,P12980,0.0,0.6135163903236389
Q86XK2,Q92794,0.0,0.47058263421058655
Q9NV58,Q9UMX1,0.0,0.5376030802726746
Q13233,P57678,0.0,0.10623177140951157
Q9P0N8,P07306,0.0,0.20332568883895874
Q16236,P18848,0.0,0.049736835062503815
O75718,Q9NS37,0.0,0.04606439918279648
Q96AY4,Q8TDM6,0.0,0.09315808117389679
P30291,O15534,0.0,0.1670960634946823
P51617,P53805,0.0,0.053700972348451614
Q09472,P08047,0.0,0.046002041548490524
Q15116,P01106,0.0,0.14136862754821777
Q8WVM0,Q16656,0.0,0.09268487244844437
O95754,P35968,0.0,0.05350802093744278
P27361,Q92519,0.0,0.03825197368860245
O95425,Q14247,0.0,0.12081344425678253
Q9BYP7,Q5JSP0,0.0,0.07167135924100876
Q5VTB9,Q96K76,0.0,0.19639909267425537
Q12888,P54274,0.0,0.06875544041395187
Q03933,Q00613,0.0,0.046509671956300735
Q09472,P78545,0.0,0.06701331585645676
P09919,Q07820,0.0,0.0480772890150547
Q13158,O95999,0.0,0.1117498129606247
P35637,P04637,0.0,0.06748973578214645
P14784,P32314,0.0,0.06720729172229767
Q02575,P18887,0.0,0.0731305480003357
P27658,P36897,0.0,0.041042227298021317
P01375,O43541,0.0,0.04135347902774811
Q969G6,Q13873,0.0,0.1264149248600006
Q96EN8,Q8N6M0,0.0,0.042550019919872284
P50613,P54725,0.0,0.04814814031124115
Q9NX55,Q9Y508,0.0,0.03152279555797577
Q8TDY2,P61328,0.0,0.06413686275482178
Q8TBZ2,P48730,0.0,0.05581100285053253
P05160,Q9NZ63,0.0,0.09349089115858078
Q9UPM8,Q13492,0.0,0.08585464954376221
Q9H4E7,Q08881,0.0,0.037685494869947433
Q15811,Q9UHD9,0.0,0.057563137263059616
P04899,Q9Y2U5,0.0,0.0529785193502903
Q7Z6A9,P06239,0.0,0.0517624095082283
Q16401,Q16186,0.0,0.04650304466485977
P23921,Q6ZTN6,0.0,0.04417355731129646
P62891,Q9P2X3,0.0,0.05173596739768982
Q16520,Q9Y5W3,0.0,0.07105317711830139
Q15653,Q7Z434,0.0,0.06122526526451111
P05305,Q9P2Y5,0.0,0.04879207909107208
P40429,P24928,0.0,0.05970856174826622
O95486,O14964,0.0,0.17314885556697845
Q9UNX9,Q14524,0.0,0.05264170467853546
P30047,Q16655,0.0,0.1637631505727768
Q96J94,P60484,0.0,0.07054686546325684
Q8N2W9,P10275,0.0,0.08199715614318848
Q8IY22,Q07912,0.0,0.17360281944274902
P21580,Q13571,0.0,0.2519901990890503
P49427,Q8WUM4,0.0,0.18088805675506592
P35568,Q14457,0.0,0.05305846035480499
Q504T8,Q2KJY2,0.0,0.03902731090784073
Q99062,P31749,0.0,0.12788888812065125
P28482,Q00987,0.0,0.04108869284391403
Q03112,P01112,0.0,0.09014061093330383
P43490,Q01628,0.0,0.18198835849761963
Q9HCT0,Q9Y4H2,0.0,0.08856603503227234
Q495Y7,O43490,0.0,0.09745052456855774
P37173,P38936,0.0,0.1248125433921814
Q14590,Q9UIH9,0.0,0.06336642801761627
Q15365,Q9UNE7,0.0,0.04250654578208923
Q09472,P03372,0.0,0.05119091272354126
P01137,Q15797,0.0,0.058159809559583664
Q9Y314,P29475,0.0,0.15753591060638428
P07900,Q04912,0.0,0.06698629260063171
Q9HBZ2,Q92731,0.0,0.11504186689853668
O60341,P17542,0.0,0.07196595519781113
O14733,Q13114,0.0,0.07180237025022507
Q96L42,Q8IZQ8,0.0,0.06057482212781906
P30101,P34932,0.0,0.04620099812746048
Q07869,P04637,0.0,0.07162785530090332
P01133,Q15831,0.0,0.13411390781402588
P35749,P43694,0.0,0.03534885123372078
P04150,P01106,0.0,0.07970672845840454
Q4ZHG4,P55017,0.0,0.05299081653356552
P31948,P63241,0.0,0.035370294004678726
Q9UKV8,P60484,0.0,0.054997704923152924
Q12972,P17612,0.0,0.043928299099206924
P38398,Q92793,0.0,0.7729613780975342
Q9BT78,Q00987,0.0,0.10615348070859909
Q8NGK4,P32121,0.0,0.02805158495903015
P33402,P78352,0.0,0.040102481842041016
P51532,Q13469,0.0,0.05021024867892265
P62826,P98177,0.0,0.05453959107398987
P61024,P55036,0.0,0.06000690534710884
P09669,Q92630,0.0,0.03962097316980362
Q68DC2,Q9UHR4,0.0,0.06452960520982742
Q99829,Q15334,0.0,0.09414497762918472
Q5VWK5,Q13761,0.0,0.044849224388599396
P04637,Q01094,0.0,0.080145463347435
Q16778,P40424,0.0,0.06410103291273117
P56182,Q9GZR7,0.0,0.03823411837220192
O14832,O15055,0.0,0.2455352544784546
P49961,Q9BZS1,0.0,0.03244157135486603
P51617,P05412,0.0,0.0635572001338005
O15524,P61073,0.0,0.1582135260105133
O60566,O15350,0.0,0.1618143767118454
O15151,Q9H3D4,0.0,0.16096585988998413
P18848,Q16621,0.0,0.03550395369529724
Q2M2I8,Q9Y5X1,0.0,0.046702079474925995
O95819,O95835,0.0,0.06935533881187439
P06493,Q15796,0.0,0.07610167562961578
Q9HCK1,Q15583,0.0,0.193197101354599
Q9BS40,Q86Y01,0.0,0.047128088772296906
O60809,Q8WWW0,0.0,0.09103275090456009
Q6SA08,Q15750,0.0,0.04521257430315018
O75832,Q9UMX1,0.0,0.09644132107496262
Q9H2A3,P46527,0.0,0.10382550954818726
O15151,P06400,0.0,0.12908558547496796
P00338,P24385,0.0,0.03515857085585594
O95257,P49918,0.0,0.05673994496464729
Q9Y222,Q9NS23,0.0,0.04879100248217583
O60393,O43524,0.0,0.04153243079781532
P78380,P25963,0.0,0.08688559383153915
P04637,P03372,0.0,0.0717582106590271
P19784,P31749,0.0,0.08536235243082047
O60671,Q13415,0.0,0.10319136083126068
P51572,Q7L523,0.0,0.037564583122730255
Q9UEY8,Q15672,0.0,0.11070580035448074
P20936,Q53EL6,0.0,0.16174325346946716
P22301,P16234,0.0,0.05189840868115425
P35754,P15498,0.0,0.0696982592344284
Q9Y243,P06239,0.0,0.07437794655561447
Q9NQ66,P29317,0.0,0.05059767886996269
Q9NWQ8,P06241,0.0,0.050776246935129166
P18084,P08648,0.0,0.0348644033074379
P35968,P10721,0.0,0.06339169293642044
P18505,P54762,0.0,0.16668029129505157
P18615,Q9UGK3,0.0,0.046206336468458176
Q92901,P07947,0.0,0.056280285120010376
P62820,Q7Z698,0.0,0.039914410561323166
P16885,Q9UM73,0.0,0.11097216606140137
P11473,Q96P20,0.0,0.061760708689689636
Q9HCT0,P01106,0.0,0.07282911241054535
P11473,P46531,0.0,0.0521969273686409
Q9Y618,Q13887,0.0,0.05183269456028938
P12830,Q9Y5W3,0.0,0.04960115998983383
Q9NQ69,Q96BA8,0.0,0.11869090795516968
Q9UBV4,Q15583,0.0,0.046610940247774124
Q96JP5,Q96GD4,0.0,0.20957571268081665
O15055,Q16665,0.0,0.1670249104499817
Q12766,Q16204,0.0,0.06900956481695175
Q02094,P02765,0.0,0.03980584815144539
Q06413,O60315,0.0,0.06075022742152214
Q01094,Q06124,0.0,0.06330545246601105
Q12933,Q13155,0.0,0.12803862988948822
Q8N3C7,P07437,0.0,0.07210582494735718
O60506,Q96AE4,0.0,0.04108976200222969
P62877,P68363,0.0,0.06722079962491989
A1L167,Q99962,0.0,0.13974182307720184
P11474,O00429,0.0,0.06890058517456055
Q5VXU1,Q16342,0.0,0.02166132442653179
P58397,O43236,0.0,0.0525505393743515
Q8IW70,P54829,0.0,0.2598975896835327
Q9Y2D9,O95147,0.0,0.08271503448486328
Q86VP1,Q9Y4K3,0.0,0.053204018622636795
P41594,Q9NY46,0.0,0.09113352745771408
P23634,Q9UQD0,0.0,0.09045656025409698
P41595,Q15796,0.0,0.059923313558101654
Q9UM73,Q16620,0.0,0.06560387462377548
O75954,Q99816,0.0,0.03647550195455551
Q8WUG5,P49281,0.0,0.09860246628522873
Q13936,Q12809,0.0,0.05771905928850174
Q8TBM7,Q8WXF1,0.0,0.052782852202653885
Q7Z419,P62745,0.0,0.07295522093772888
O15169,O14641,0.0,0.12703867256641388
Q9Y4K3,Q01813,0.0,0.23072069883346558
Q14213,P40189,0.0,0.17191992700099945
O15327,P12757,0.0,0.04431023821234703
Q9P0X4,Q14511,0.0,0.05180402845144272
Q5TGJ6,Q9ULW0,0.0,0.043139372020959854
O15062,O43683,0.0,0.06775986403226852
P01733,Q6UVJ0,0.0,0.06947990506887436
Q5SW96,O75496,0.0,0.04602859169244766
Q13164,O43474,0.0,0.04615844413638115
Q9H1Q7,Q99708,0.0,0.06031642109155655
O00442,Q00059,0.0,0.03532738611102104
Q14258,Q9P2P5,0.0,0.6281312108039856
Q8IYX4,Q9NRM7,0.0,0.06537936627864838
P63279,P05412,0.0,0.14552560448646545
Q92769,P10071,0.0,0.06322766840457916
P23469,Q16829,0.0,0.17507226765155792
Q02487,Q12809,0.0,0.0480257011950016
P15923,Q9UBN7,0.0,0.024876058101654053
Q07108,Q9NZQ7,0.0,0.06525168567895889
Q58HT5,P49327,0.0,0.04441855847835541
Q6P9G4,Q7Z7J5,0.0,0.029221288859844208
P33778,P29590,0.0,0.06951854377985
O75460,P37840,0.0,0.08449768275022507
Q9H3R0,Q96KS0,0.0,0.1072625145316124
Q9P0Z9,Q9H2X6,0.0,0.18872803449630737
Q16778,Q15554,0.0,0.06633998453617096
Q8TAA5,Q99933,0.0,0.08689553290605545
Q9Y5M6,P37275,0.0,0.05991334840655327
P51513,P43146,0.0,0.039149511605501175
Q6IE81,Q96KS0,0.0,0.22226499021053314
Q9Y224,P55036,0.0,0.059431593865156174
P98170,Q16665,0.0,0.8246335387229919
P25686,Q99933,0.0,0.11641352623701096
P01574,Q92844,0.0,0.05565551668405533
P62316,P37275,0.0,0.05108301341533661
Q9NQB0,Q15797,0.0,0.053324416279792786
Q9Y3C5,O95630,0.0,0.5456416010856628
P51813,P20333,0.0,0.05436817929148674
Q5TA89,P41134,0.0,0.03479019179940224
Q92560,Q96FJ0,0.0,0.06896115094423294
Q09472,Q01826,0.0,0.05364404246211052
P12830,Q96EB6,0.0,0.0438048429787159
O14763,Q9Y6K9,0.0,0.0691513866186142
Q7Z434,O43353,0.0,0.08252288401126862
P01562,Q8IUC6,0.0,0.05894504487514496
Q12933,Q16584,0.0,0.2003779262304306
Q96D42,Q99538,0.0,0.046565942466259
Q13233,Q08380,0.0,0.10466983169317245
P08572,P35222,0.0,0.03359738364815712
Q9H7M9,P30304,0.0,0.0673454999923706
O00410,O15534,0.0,0.06385697424411774
Q9BYG4,Q9UKT4,0.0,0.09116479754447937
Q9UER7,Q53EL6,0.0,0.033961664885282516
Q99576,Q9NX09,0.0,0.07204799354076385
Q9UHC1,Q05086,0.0,0.05425003170967102
Q99733,Q9Y6Q9,0.0,0.05224796384572983
Q9P2J5,P49815,0.0,0.07976468652486801
O95967,P54821,0.0,0.05767497420310974
P59768,P03372,0.0,0.05474675074219704
Q13485,O43541,0.0,0.11754324287176132
P42574,P36897,0.0,0.05174337700009346
P07476,Q9H3D4,0.0,0.05750800296664238
Q5SZB4,Q8N0X7,0.0,0.06482516974210739
P42773,P60484,0.0,0.10650363564491272
P09603,P15941,0.0,0.06832198053598404
Q9Y3D6,P55211,0.0,0.046357374638319016
P38646,O95831,0.0,0.07016739994287491
Q92993,Q04725,0.0,0.055078692734241486
Q9Y261,Q04726,0.0,0.039697322994470596
Q13114,P37198,0.0,0.1549205631017685
Q12933,Q99683,0.0,0.17909911274909973
Q12906,Q13490,0.0,0.08504165709018707
O14896,P57078,0.0,0.058578360825777054
P08133,Q14790,0.0,0.06616131216287613
O75496,P55060,0.0,0.05021173506975174
Q8N257,P0C0S8,0.0,0.08890313655138016
P05937,P03372,0.0,0.0404697060585022
O00213,Q96A08,0.0,0.13477720320224762
P23527,P04908,0.0,0.0879100039601326
Q09472,P05412,0.0,0.05159623175859451
P04626,P50549,0.0,0.044068701565265656
P62714,P31947,0.0,0.06520812958478928
Q8TEB1,P46527,0.0,0.7772060036659241
Q96E93,P98177,0.0,0.08480130881071091
Q9P2S6,Q86TM6,0.0,0.0683986023068428
Q9UEU0,Q96AJ1,0.0,0.03974626585841179
P20339,P05067,0.0,0.048362720757722855
Q8IYA8,P01848,0.0,0.05383213236927986
P61326,Q96QV6,0.0,0.10266295075416565
Q8NDX5,Q96A08,0.0,0.038930535316467285
Q9UER7,Q16777,0.0,0.0634767934679985
P27695,P54132,0.0,0.05445285141468048
Q86TU7,Q9NQR1,0.0,0.22542934119701385
Q9HCE1,Q99558,0.0,0.07826094329357147
Q15208,Q13114,0.0,0.07026150077581406
P15391,Q14790,0.0,0.0515214204788208
Q13547,P10914,0.0,0.06730876863002777
P04637,O14503,0.0,0.0731814056634903
P22695,P48200,0.0,0.13617372512817383
Q9UKU0,P07550,0.0,0.11999645084142685
Q01085,Q8N122,0.0,0.09050437062978745
O14976,P01903,0.0,0.056821972131729126
Q8NFT2,P02786,0.0,0.22179162502288818
O94966,Q7Z434,0.0,0.16207683086395264
Q86YV9,Q13049,0.0,0.14151468873023987
Q96CA5,P98170,0.0,0.48847532272338867
Q5TEC6,P04198,0.0,0.061557281762361526
Q12967,Q9UHD2,0.0,0.04621276631951332
Q06124,Q96LA5,0.0,0.1353261023759842
Q16653,P01920,0.0,0.05485349893569946
Q5QJE6,Q12913,0.0,0.07013233006000519
Q92793,P19474,0.0,0.04647282138466835
P21580,O14920,0.0,0.1817312240600586
Q96RJ3,Q04206,0.0,0.04966218024492264
O14757,Q8IUE6,0.0,0.0905030369758606
Q9NQR1,P0C0S8,0.0,0.12219798564910889
Q15022,Q96QV6,0.0,0.08167321234941483
Q14103,P23921,0.0,0.08842010796070099
Q09472,Q01196,0.0,0.05094721540808678
Q13137,P23497,0.0,0.07272971421480179
P18074,Q9UBZ9,0.0,0.13355299830436707
P04839,P49281,0.0,0.04602658376097679
P38919,P24928,0.0,0.10220842808485031
Q93097,Q9UM47,0.0,0.040167298167943954
Q8N8Q9,Q9NQR1,0.0,0.04885723441839218
Q9ULK0,Q99741,0.0,0.06409362703561783
P40938,Q9Y253,0.0,0.10199682414531708
Q9H165,Q86U70,0.0,0.059841547161340714
Q06413,P50458,0.0,0.057227667421102524
Q9UQ84,P54274,0.0,0.05237075313925743
P45379,P19237,0.0,0.03605281561613083
P17540,P10916,0.0,0.03135145455598831
Q71F56,P10827,0.0,0.0678621158003807
P56747,P56750,0.0,0.0285054761916399
Q5BJD5,Q05586,0.0,0.04672899469733238
P35270,Q5T7V8,0.0,0.053024906665086746
O76094,Q9Y5M8,0.0,0.04994718357920647
Q16254,Q9H3D4,0.0,0.05593835562467575
P42679,O00548,0.0,0.0764048621058464
P25963,Q9UHD2,0.0,0.05024855583906174
Q66PJ3,P54132,0.0,0.05537823215126991
P17066,P04637,0.0,0.06887564063072205
P43699,P60484,0.0,0.039455294609069824
Q14596,O95817,0.0,0.11942572146654129
P26641,P31947,0.0,0.050597622990608215
Q8NFZ5,Q12933,0.0,0.12191364914178848
P04179,Q13489,0.0,0.05019721761345863
Q8N1W2,Q13105,0.0,0.058306172490119934
Q9NYK5,Q13627,0.0,0.05074646696448326
Q04724,P28562,0.0,0.3038475811481476
Q69YN2,P19429,0.0,0.04330712556838989
P15153,P04234,0.0,0.05571950972080231
Q30KQ5,P13569,0.0,0.08132129162549973
Q13724,P11441,0.0,0.031833238899707794
Q14527,P61956,0.0,0.05976143851876259
Q8WYA1,Q99814,0.0,0.2128208577632904
O95166,Q9NX47,0.0,0.055105384439229965
P12036,P46821,0.0,0.05805611610412598
Q15418,Q07820,0.0,0.051712967455387115
Q8WTV0,Q14807,0.0,0.030496258288621902
P35212,P09874,0.0,0.04308759421110153
O15524,P27986,0.0,0.13131143152713776
Q13421,P20963,0.0,0.05423397943377495
Q99525,P0C0S8,0.0,0.09662055969238281
Q6P0N0,P16104,0.0,0.08980851620435715
P78524,A6NK89,0.0,0.12218983471393585
Q9Y4K3,Q99836,0.0,0.4828169345855713
O95073,Q9HB71,0.0,0.05583425238728523
P53350,Q9H2G9,0.0,0.04678693041205406
Q9UQ84,P12956,0.0,0.06510898470878601
P19474,Q9NYJ8,0.0,0.28200632333755493
P15927,Q14258,0.0,0.05550149083137512
Q6DN03,P13762,0.0,0.07021623104810715
P26651,P02786,0.0,0.07568055391311646
Q9H4W6,Q96QS3,0.0,0.07638674974441528
O95863,O15169,0.0,0.13567766547203064
Q9H422,O75449,0.0,0.10953693836927414
P58012,O95835,0.0,0.06801043450832367
Q7L7L0,Q8IYW5,0.0,0.07935792952775955
Q9Y693,Q9P0M6,0.0,0.05216039717197418
Q969V4,P05771,0.0,0.04088051617145538
P08571,Q9Y6K9,0.0,0.10109269618988037
Q96CV9,Q13546,0.0,0.060827694833278656
Q6AI12,O95147,0.0,0.04043431580066681
P52564,P05067,0.0,0.04807835817337036
Q9H3K6,Q08050,0.0,0.04834969714283943
O95429,Q13546,0.0,0.06686169654130936
Q96BD6,Q96IZ0,0.0,0.15220066905021667
Q09472,P37275,0.0,0.0581769235432148
Q8N6T7,P38936,0.0,0.09376062452793121
A0A7E1QX52,P51617,0.0,0.08440593630075455
Q8NBA8,O15151,0.0,0.09528271108865738
Q9UNS2,O14920,0.0,0.0550788976252079
P29323,P48436,0.0,0.10952240973711014
Q6ZSU1,P13569,0.0,0.05237806215882301
Q9H2V7,Q9BYX4,0.0,0.053663402795791626
P78556,Q9HB29,0.0,0.03964095190167427
P06733,Q9UBV8,0.0,0.04961134120821953
Q9UN42,O15105,0.0,0.04263409972190857
O14530,P61956,0.0,0.04810931533575058
P09564,O00548,0.0,0.05884760990738869
P04628,P24385,0.0,0.028041958808898926
P51571,Q96CV9,0.0,0.06433095782995224
P10912,Q00987,0.0,0.04105491563677788
O43474,P30279,0.0,0.05273128300905228
Q14790,O95863,0.0,0.07659220695495605
P35813,Q15257,0.0,0.13808542490005493
Q13951,Q9UNE7,0.0,0.08039729297161102
Q9UI26,P49427,0.0,0.051950037479400635
P01584,Q16665,0.0,0.1789892315864563
P33552,P38936,0.0,0.07334614545106888
O60809,Q96KK5,0.0,0.10282814502716064
Q9H9S0,Q99496,0.0,0.03918024152517319
Q08708,Q14457,0.0,0.05800361558794975
O95716,O60674,0.0,0.07275236397981644
O43318,Q7Z6J0,0.0,0.07816420495510101
P41180,P48048,0.0,0.045808471739292145
Q96QK8,P32519,0.0,0.0674096867442131
O75385,Q969V5,0.0,0.030603813007473946
Q9BUJ2,P04637,0.0,0.0805874839425087
Q9H089,Q9BRS2,0.0,0.03614456206560135
D6RJB6,P29965,0.0,0.12540681660175323
P35869,P10275,0.0,0.07398780435323715
Q8TAU0,P55317,0.0,0.055185090750455856
Q8NFM4,P31321,0.0,0.04071669280529022
Q7Z7H5,Q13085,0.0,0.05001848563551903
P20671,Q13330,0.0,0.053879622370004654
Q9Y4E8,Q13546,0.0,0.22847844660282135
Q9NTJ3,P10244,0.0,0.1955605149269104
Q9UL18,P83916,0.0,0.0763118714094162
Q12778,Q9UKT9,0.0,0.034931715577840805
P32856,Q9UNK0,0.0,0.03704638406634331
P19438,P55211,0.0,0.04174346104264259
Q13200,P38936,0.0,0.07223154604434967
Q93062,P14136,0.0,0.033497296273708344
Q9Y4K3,Q9NR96,0.0,0.3079206049442291
Q9P0J6,P48200,0.0,0.06718707829713821
P62736,P24385,0.0,0.03848770633339882
Q13233,Q92918,0.0,0.16491545736789703
P98170,P00533,0.0,0.7046487927436829
Q2TAC6,Q9NRP7,0.0,0.10235418379306793
Q06730,P24864,0.0,0.08183574676513672
P56704,Q9UJU2,0.0,0.17217625677585602
O60268,Q99689,0.0,0.056041475385427475
Q8IYJ0,O95502,0.0,0.03211159631609917
P42261,Q96RR4,0.0,0.044888935983181
Q9NR97,Q14164,0.0,0.05794433131814003
P04183,O14757,0.0,0.07869719713926315
Q30201,P0C0S8,0.0,0.08668418228626251
P04053,P16150,0.0,0.07615318894386292
Q8IWL3,Q12888,0.0,0.09969138354063034
Q92572,P35568,0.0,0.28343456983566284
Q8N474,Q9Y238,0.0,0.04243495687842369
Q04828,Q16236,0.0,0.056591782718896866
P24941,P29590,0.0,0.04794499650597572
Q99569,Q8N884,0.0,0.1118149608373642
Q12948,O95863,0.0,0.050378523766994476
P21583,Q07820,0.0,0.05671076476573944
P42226,O75626,0.0,0.15895864367485046
O76070,Q9Y6H5,0.0,0.06377099454402924
P01106,P15408,0.0,0.034602586179971695
P61601,Q12959,0.0,0.05574246123433113
