SwissProt ID (E3),SwissProt ID (SUB),Entrez Gene Symbol (E3),Entrez Gene Symbol (SUB),MetaESI Score,Interface Residues (E3),Interface Residues (SUB)
A9JRZ0,F1QXZ9,smurf2,smad9,0.991,P405-E447; W458,P228-M234
A9JRZ0,A0A0G2L9C2,smurf2,laptm5,0.99,P405-E447; W458,P195-A200; P209-P215
A9JRZ0,B8JL64,smurf2,klf5b,0.988,P405-G445,P191; S213-S221
A9JRZ0,Q9I9P9,smurf2,smad2,0.988,P405-E447; D563-T565; S587-T594,L194-D195; P214-E229
A9JRZ0,Q8AY15,smurf2,smad3a,0.988,P405-E447; D563-T565; S587-T594,D153; P177-E187
A9JRZ0,Q9I8V2,smurf2,smad1,0.984,P405-G445,P230-P236
A9JRZ0,X1WF92,smurf2,prrg2,0.984,Q406-G445,L164-P165; P181-T187
A9JRZ0,A0A0R4IH27,smurf2,tnk2b,0.982,A407-G445,P667-D672
A9JRZ0,Q568L1,smurf2,prrg4,0.981,A407-G445,P170-I171; L180; P197-S203
A9JRZ0,Q6DGP4,smurf2,ndfip1l,0.981,G408-G445,A27-D37; P53-Y56; L62
A9JRZ0,Q6ZM71,smurf2,arrdc1a,0.979,A407-G445,P423-S429; P436-D441
A9JRZ0,Q7ZWB6,smurf2,txnipa,0.978,A407-G445,A337-I344; L380-V386
A9JRZ0,I3IS61,smurf2,klf5l,0.976,G408-G445,P270-Y273
A9JRZ0,A0A286YBL8,smurf2,ptpn21,0.976,G408-G445,P785-F790; P801-Q805
A9JRZ0,A6H8U1,smurf2,cdip1,0.974,G408-G445,P6-G12; Y48-T56
A9JRZ0,F1QJX3,smurf2,wbp2,0.971,G408-G445,M199-T205; P252-S258
A9JRZ0,Q1ECU3,smurf2,arrdc3a,0.968,G408-G445,P346-E351; P387-I393
A9JRZ0,Q6NYG4,smurf2,cyyr1,0.967,G408-D434; M440-G445,P117-D123; P133-T139; P149-G154
A9JRZ0,Q6P0Z3,smurf2,wbp1,0.963,G408-G445,P133-S139
A9JRZ0,Q5RIL6,smurf2,lats1,0.963,G408-G445,P325-S329; P492-Y494; P506-S511
A9JRZ0,B0S576,smurf2,tp73,0.961,G408-G445; L562-T565; G585-T594,S18-F27; S104
A9JRZ0,Q9W7E7,smurf2,smad5,0.958,H409-D434; M440-G445,P225-P231
A9JRZ0,A8WFZ3,smurf2,sparta,0.952,C410-D434; K442-G445,P144-Q150
A9JRZ0,E7F4X8,smurf2,vopp1b,0.95,H409-D434; M440-G445,P147-Q160
A9JRZ0,A2BGS3,smurf2,tmem116,0.945,C410-M430; K442-G445,K345-L357
A9JRZ0,F1QYX0,smurf2,ldlrad4a,0.944,C410-R431; F443-G445,P181-P185; P247-S251
A9JRZ0,Q7T369,smurf2,wbp2nl,0.942,H409-R431; K442-G445,P194-G200; P241-P247
A9JRZ0,Q98864,smurf2,ptch1,0.936,C410-M430; F443-R444,P19-S25
A9JRZ0,Q801V1,smurf2,laptm4b,0.935,C410-R431; F443-G445,P219-A225
A9JRZ0,F1QNA4,smurf2,dvl1b,0.933,R411-M430; F443-R444,P660-S664
A9JRZ0,E7F683,smurf2,map3k2,0.93,R411-M430; F443-R444,P168-P169
A9JRZ0,A5WUM0,smurf2,prkaa1,0.925,R411-M430; K442-R444; D563-H564; S587-T591,S345
A9JRZ0,F6P1M3,smurf2,ntrk1,0.92,R411-M430; F443-R444,N488-G494
A9JRZ0,Q66L50,smurf2,arrdc3b,0.917,R411-M430; R444,P344-Y347; P385-V391
A9JRZ0,F1QM46,smurf2,si:ch73-290k24.6,0.913,R411-M430; R444,P124-V130
A9JRZ0,Q503I2,smurf2,trim13,0.911,R411-K429; F443-R444; D563-T565; S587-T594,S308-S309
A9JRZ0,Q1L8Y3,smurf2,smad6b,0.903,R411-M430; R444,S269-R270
A9JRZ0,E7F6D8,smurf2,zfyve16,0.887,R411-K429; R444,P586-Y589; P604-Y607
A9JRZ0,E7F7E1,smurf2,uts2r,0.885,R411-K429; R444; D563,A338-Y341; T375-L380
A9JRZ0,O57474,smurf2,gja1,0.865,I412-K429,P283-Y286
A9JRZ0,F1R8E2,smurf2,ptch1,0.861,I412-K429,P633-S637
A9JRZ0,Q1LVG4,smurf2,insrb,0.86,R411-K429,P1297-S1298
A9JRZ0,A0A0H2UKW5,smurf2,ntrk3b,0.847,I412-K429,P502-Y504
A9JRZ0,Q6NZT5,smurf2,jun,0.834,I412-K429,P160-Y163
A9JRZ0,D9IL79,smurf2,akt3a,0.828,E413-K429,S120-M128
A9JRZ0,Q6PE32,smurf2,grap2b,0.827,I412-K429,S175
A9JRZ0,B0V2S5,smurf2,rnf11b,0.821,I412-K429,P37-Y40
A9JRZ0,A0A0R4INZ6,smurf2,btc,0.807,E413-K429; D563; S587-T591,H165; D171-N174
A9JRZ0,E7F9C6,smurf2,rhbdf1b,0.799,E413-K429,P143
A9JRZ0,Q1RLU0,smurf2,vgll4l,0.792,E413-K429,L119-K121; Y243-K246; P255-T257
A9JRZ0,A0A0H2UKW4,smurf2,fam168a,0.781,E413-K429,P112-P116
A9JRZ0,A0A2R8QM71,smurf2,mink1,0.781,E413-K429,A743-Y745
A9JRZ0,Q6IWL4,smurf2,traf6,0.78,E413-K429,N284-T287
A9JRZ0,Q90Y57,smurf2,jag1a,0.777,E413-K429,N1123-A1125; Q1131-H1135
A9JRZ0,F1Q7S5,smurf2,gab1,0.776,E413-K429,P161-P163; P219-S220; M493-T494
A9JRZ0,F1QBK0,smurf2,sgk2a,0.769,E413-K429,P6-S10
A9JRZ0,E7F9C4,smurf2,prkaa2,0.769,E413-K429,S344
A9JRZ0,Q66HX5,smurf2,sav1,0.76,E413-K429,S114-S116
A9JRZ0,Q6GMF8,smurf2,rhbdf1,0.756,E413-Q426,P145
A9JRZ0,Q1RLX1,smurf2,bmpr1aa,0.753,E413-K429,S200-D203
A9JRZ0,Q90Y54,smurf2,jag1b,0.747,E413-K429,A1102; P1124-E1126; P1173
A9JRZ0,X1WBF1,smurf2,uts2r5,0.731,E413-Q426,R349-A350
A9JRZ0,Q567F1,smurf2,grap2a,0.728,E413-Q426,P156-P158
A9JRZ0,O93599,smurf2,stat3,0.725,D563; S587-T591,S782-H784
A9JRZ0,Q7ZUL9,smurf2,mgrn1,0.723,E413-Q426,P386
A9JRZ0,O42354,smurf2,mdm2,0.722,E413-Q426,P332; S341-K342
A9JRZ0,F1R4C4,smurf2,pias4a,0.722,E413-Q426,P409
A9JRZ0,F1QIJ6,smurf2,eps15,0.718,E413-Q426; D563; S587-T591,D631-Y633
A9JRZ0,Q9I8X3,smurf2,fgfr3,0.717,E413-Q426,K790
A9JRZ0,Q8JG38,smurf2,fgfr2,0.714,E413-Q426,P806-K807
A9JRZ0,Q6IQW5,smurf2,id1,0.712,E413-Q426,A109-A112
A9JRZ0,F1QZF0,smurf2,acvr1bb,0.709,E413-Q426,D174-D178
A9JRZ0,A5WWG2,smurf2,cdkn1a,0.703,D563; P589-T591,M1-A2
A9JRZ0,F1QAH4,smurf2,tgfbr2l,0.697,E413-K429,C221-A222
A9JRZ0,B8A5N7,smurf2,cdc25b,0.692,D563; P589-T591,F17
A9JRZ0,Q9PTF7,smurf2,cxcr4b,0.687,E413-Q426; D563; S587-T591,A350-S353
A9JRZ0,O73736,smurf2,acvr1l,0.687,V414-Q426,G166; T176-D179
A9JRZ0,Q05AJ1,smurf2,larp4b,0.677,E413-Q426; D563,K42-W44
A9JRZ0,Q7ZTW4,smurf2,sgk1,0.665,E413-Q426,S76-S80
A9JRZ0,E7EXT6,smurf2,akt3b,0.664,S415-Q426,S123-V128
A9JRZ0,F1R3F5,smurf2,leng9,0.659,D563; T591,L296-A300
A9JRZ0,F1QAX5,smurf2,zufsp,0.649,D563; T591,Y248-S250
A9JRZ0,Q9W629,smurf2,bmpr1ba,0.641,S415-Q426,L204-E209
O13033,A8KBJ5,rag1,LOC108190747,0.912,P310-H313; T324-H342,M1-Q6
O13033,A0A140LG23,rag1,hist2h3ca1,0.912,P310-H313; T324-H342,M1-Q6
O13033,Q9W7C0,rag1,lef1,0.869,C311; P329-N339,Y338-K341
O13033,F1QCP4,rag1,cgasa,0.767,C311; L327-L338,L210-K211
O13033,F1QP23,rag1,eprs1,0.715,N330-H337,S168-K171
O13033,B0S7C3,rag1,ubtfl,0.7,N330-H337,K430-K431
O13033,Q7ZW95,rag1,rpl4,0.684,N330-H337,K364-A365
O13033,Q90459,rag1,ccnd1,0.674,C334-H337,C281-T282
O13033,A0A0R4IB13,rag1,xrcc5,0.67,C334-H337,V291; E299-T300
O13033,E7F292,rag1,mapk13,0.639,N330-H337,R355
O42354,F1RDZ8,mdm2,nampt2,0.979,P385-K400; M413-C415,D487-I493
O42354,B0UY91,mdm2,abcd3b,0.973,P385-K400; M413-C415,V412-K423
O42354,A5WWA0,mdm2,znrf3,0.97,P385-K400; M413-C415,Q314-N318
O42354,Q9PTF7,mdm2,cxcr4b,0.965,T387-K400; M413-C415,A350-S353
O42354,Q90459,mdm2,ccnd1,0.964,T387-K400; M413-C415,D288-I291
O42354,E7EYT9,mdm2,si:ch211-207e14.4,0.962,T387-K400; M413-C415,E363-K368; N584-S588
O42354,F1Q555,mdm2,gpd2,0.96,T387-K400; M413-C415,G9-A18
O42354,F1Q7Z9,mdm2,polh,0.956,A386-K400; M413-C415,F714-S716
O42354,Q6P021,mdm2,gadd45ga,0.951,T387-K400; M413-C415,L6-D10
O42354,E7F907,mdm2,ponzr4,0.949,T387-K400; M413-C415,M1-M5
O42354,E7F4K9,mdm2,ltb4r2b,0.944,T387-K400; M413-C415,Y325-S326; V336-L339
O42354,Q8AW82,mdm2,pa2g4a,0.938,T387-K400; M413-C415,K392
O42354,Q08BX9,mdm2,im:7148473,0.937,T387-K400; M413-C415,M1-G4
O42354,F6NXP1,mdm2,ponzr3,0.936,T387-K400; M413-C415,A2-M5
O42354,Q5TYQ0,mdm2,ccl38a.5,0.933,T387-K400; M413-C415,I6-V9
O42354,E7EZ14,mdm2,krtcap3,0.932,T387-K400; M413-C415,A222-H224
O42354,E9QH03,mdm2,slc45a4b,0.932,T387-K400; M413-C415,V794
O42354,Q6IQK3,mdm2,vamp3,0.929,T387-K400; M413-C415,K71-W76
O42354,F6NTK8,mdm2,foxg1b,0.927,T387-K400; M413-C415,I18-L23
O42354,O93599,mdm2,stat3,0.923,T387-K400; M413-C415,D756-N761; N805-A806
O42354,E7F386,mdm2,casp21,0.923,T387-K400; M413-C415; Y443,M1-A11
O42354,B2ZGJ1,mdm2,chat,0.919,T387-K400; M413-C415,S637
O42354,Q5RG49,mdm2,aasdh,0.917,T387-K400; M413-C415,D723-V732
O42354,Q6IQC6,mdm2,psmd4a,0.912,T387-K400; M413-C415,Y289-L295
O42354,F1QCP4,mdm2,cgasa,0.911,P385-K400; M413-C415,L210-K211
O42354,Q9IB88,mdm2,valopa,0.91,T387-K400; M413-C415,I367; V374-M377
O42354,F1QWX8,mdm2,jak2a,0.91,T387-K400; M413-A414,M2-N8
O42354,Q8AV10,mdm2,cxcl12a,0.91,T387-K400; M413-C415,V7-A10
O42354,Q9PUT2,mdm2,cd74a,0.909,T387-K400; M413-C415,I36-G38; K61-L67
O42354,F1R5N6,mdm2,bcl6aa,0.904,T387-K400; M413-A414,S73-D77; I463
O42354,Q502P7,mdm2,banp,0.903,T387-K400; M413-C415,V91
O42354,F1R3F5,mdm2,leng9,0.901,T387-K400; M413-A414,N297-T304
O42354,F1QUT1,mdm2,per2,0.9,T387-K400; M413-A414,Y220-N227
O42354,F1QIR0,mdm2,pik3ap1,0.899,T387-K400; M413-A414,T143-E147
O42354,Q503Y0,mdm2,endog,0.896,L389-K400; M413-A414,G19-G23
O42354,F1QI87,mdm2,gon4lb,0.895,T387-K400; M413-A414,T494
O42354,Q568V0,mdm2,foxg1a,0.894,L389-K400; M413-C415,I20-L23
O42354,B3DHM6,mdm2,adrb1,0.893,T387-K400; M413-A414,M1; G231-N235; E387-L390
O42354,F1QJE5,mdm2,ppm1g,0.893,T387-K400; M413,S198-K202
O42354,A2BFP6,mdm2,hsd20b2,0.893,L389-K400; M413-A414,M1-G2
O42354,F6P697,mdm2,hsf1,0.892,T387-K400; M413,I331-S333
O42354,A0A0R4IMZ7,mdm2,kmt5ab,0.892,T387-K400; M413-C415; Y443,S46-L50; I96-C98
O42354,F1Q4Y1,mdm2,abcd4,0.89,T387-K400; M413-A414,D363-E369
O42354,A2RUX8,mdm2,fosl2,0.885,T387-K400; M413,L341
O42354,A0A0R4ITP2,mdm2,atxn3,0.884,T387-K400; M413,A229; Q249-M250
O42354,E7FCZ6,mdm2,csnk2a2b,0.884,T387-K400; M413-A414,V342
O42354,F1QZX9,mdm2,cart3,0.881,T387-K400; M413-A414,W9-S10
O42354,F1Q4P4,mdm2,polq,0.881,T387-K400; M413,K1359; M1413-L1414; N1499; D1558-N1561; K1621
O42354,Q561Y1,mdm2,psmd4b,0.879,T387-K400; M413,Y283-M289
O42354,Q90477,mdm2,myod1,0.876,L389-K400; M413,Q273-L275
O42354,E7F6T8,mdm2,usp37,0.875,T387-K400; M413,A679-M683
O42354,Q1LV50,mdm2,cenpp,0.875,T387-K400; M413,G41-S44
O42354,Q6GMM1,mdm2,gadd45ab,0.875,L389-K400; M413-A414,C7-G8
O42354,Q5RI09,mdm2,tprb,0.875,L389-K400; M413,K1457-A1460
O42354,Q6NWF0,mdm2,zgc:85777,0.873,T387-K400; M413-C415,S36
O42354,Q642H5,mdm2,ppp2r1bb,0.868,T387-K400; M413,M1
O42354,A8YXX6,mdm2,valopb,0.868,L389-K400; M413-A414,M358; V389-L392
O42354,F8W3I2,mdm2,nr0b2a,0.861,T387-K400; M413,F18-I20
O42354,F1QSQ0,mdm2,dsc2l,0.859,L389-K400; M413,L757
O42354,Q98TW1,mdm2,ncoa2,0.857,T387-K400; M413,R743-Y744; D798-D799; N827-Q831; L1070-S1075
O42354,F1R983,mdm2,rbbp8,0.856,L389-K400; M413,D477-K481
O42354,E9QE31,mdm2,capn3b,0.854,L389-K400,A35
O42354,F1QHW0,mdm2,cyp20a1,0.853,T387-K400; M413-A414,D3-A8; L15
O42354,Q90Y57,mdm2,jag1a,0.852,L389-K400,K1133-H1135
O42354,B0UXS0,mdm2,hmox1a,0.85,E390-K400,G257-G268
O42354,E7F1P1,mdm2,flt3,0.848,L389-K400; M413,G919; Q929-A931; T938-D943
O42354,Q9DGK4,mdm2,tpt1,0.847,L389-K400; M413,A46-N51
O42354,Q90Z98,mdm2,bcl2l1,0.847,L389-K400; M413,F218-T222
O42354,E7F2P7,mdm2,fbxo38,0.845,T387-K400,A671-M673
O42354,E7FB10,mdm2,pim3,0.843,T387-K400; M413-C415,L308-E314
O42354,Q08BS4,mdm2,ezh2,0.843,L389-K400,N225
O42354,A2CG95,mdm2,acadm,0.835,Y443-S445,A26-S34
O42354,Q4V8R6,mdm2,e4f1,0.834,T387-K400,Q294-N298
O42354,B8A526,mdm2,caspbl,0.833,E390-P399,P104-S110
O42354,A5PMV7,mdm2,ppp2r1ba,0.832,L389-K400,M1
O42354,Q6NY41,mdm2,cyb5b,0.831,E390-K400,A136
O42354,A0A0R4IJE4,mdm2,casp20,0.83,T387-K400,V237-N238
O42354,F8W4K0,mdm2,sgca,0.829,L389-K400,R348-M349
O42354,F1QYS7,mdm2,acss1,0.827,T387-K400; Y443,S47-A48
O42354,A5D8S8,mdm2,hexim1,0.827,L389-P399,L302-P306
O42354,E7EYG0,mdm2,abcc5,0.825,L389-P399,A61
O42354,A0A0R4ITZ5,mdm2,cdkn1cb,0.824,T387-K400; M413,V118-D119
O42354,Q8JG38,mdm2,fgfr2,0.819,T387-K400; M413,I811-T817
O42354,Q7T3G2,mdm2,ywhah,0.819,E390-K400,A244-N246
O42354,Q7T2F2,mdm2,mapkapk2a,0.817,T387-K400; G407; M413-C415; L428-Q437,C205-Y210
O42354,A0A0R4IKQ9,mdm2,irs2b,0.815,T387-K400; M413,L1014
O42354,Q501S1,mdm2,ets2,0.814,E390-P399,S71
O42354,Q5XJM0,mdm2,anxa14,0.813,L389-P399,M1-A3
O42354,E7FAP1,mdm2,rnf169,0.813,T387-P399,E142-M146
O42354,O57418,mdm2,pax7a,0.813,L389-K400; M413,I191-G196
O42354,F1Q5Z8,mdm2,sqstm1,0.813,E390-P399,L345
O42354,Q5GIT4,mdm2,kdr,0.812,L389-P399,P777-V782; D816-M822; Y1186
O42354,E9QFN0,mdm2,si:dkeyp-50d11.2,0.81,T387-K400; M413; L428-P435,M7-G8
O42354,B8JIY2,mdm2,nolc1,0.81,E390-P399,W54
O42354,A3QK15,mdm2,aacs,0.809,T387-K400,S2-A7
O42354,A0A0R4IN79,mdm2,nfkb1,0.808,L389-P399,M29-N30; H41-N43
O42354,A0A140LG23,mdm2,hist2h3ca1,0.805,L384-Q396; L428-P435,M1-R3
O42354,Q4QRF4,mdm2,zgc:113984;,0.801,L384-Q396; L428-P435,A2-R3
O42354,Q8AXB3,mdm2,kdrl,0.8,L389-K400,Y1150-I1151
O42354,B8A682,mdm2,zfand4,0.8,E390-P399,S523-L524
O42354,Q8QHJ9,mdm2,il17rd,0.799,E390-P399,A741
O42354,A8KBJ5,mdm2,LOC108190747,0.798,L384-Q396; L428-P435,A2-R3
O42354,Q6DGE6,mdm2,rel,0.797,E390-P399,M309-M311; L437-P439; S511; C550-N551
O42354,Q6PI20,mdm2,h3f3a,0.79,L384-E390; Q396; L428-P435,A2-R3
O42354,Q9DFS2,mdm2,klf17,0.79,E390-P399,L8-S10
O42354,Q6VNZ9,mdm2,myf6,0.785,E390-P399,V220-S222
O42354,B8JKD5,mdm2,cyp1b1,0.784,E390-P399,K524-D526
O42354,E7FCJ4,mdm2,irs4a,0.78,T387-K400,L1008; S1042
O42354,A5WWG2,mdm2,cdkn1a,0.771,E390-R398,M1-A2
O42354,E7F9E5,mdm2,ace2,0.768,T387-P399,A785-K786
O42354,Q6P5J9,mdm2,snupn,0.767,T387-P399,H324-K325
O42354,A4UU77,mdm2,org,0.765,E390-P399,N6-A8
O42354,B8A4J0,mdm2,pttg1,0.762,E390-P399,Q166
O42354,E7F6T0,mdm2,cd44a,0.76,E390-P399,L366-N368; L391-M392
O42354,Q803I8,mdm2,syvn1,0.758,E390-P399,T522
O42354,F1QKB1,mdm2,ehmt1a,0.758,L389-P399,N230-K231
O42354,A0A0R4IL45,mdm2,trim32,0.757,E390-P399,M1-T3
O42354,A0PJS8,mdm2,tp53inp1,0.753,E390-P399,V38
O42354,F1Q8C1,mdm2,senp5,0.752,E390-P399,L150-M151
O42354,B8A5N7,mdm2,cdc25b,0.752,L389-P399,Q124-A126; R366
O42354,Q7ZVX7,mdm2,atf3,0.746,E390-P399,Q173
O42354,Q7ZTI0,mdm2,ssb,0.745,L389-P399,L280
O42354,F1QPF4,mdm2,usp11,0.745,E390-P399,M1
O42354,O57416,mdm2,pax3a,0.742,E390-R398,I191-I194
O42354,Q9IB77,mdm2,btg2,0.741,L389-K400,P134-S135
O42354,A7BJ43,mdm2,mapkapk2b,0.74,L389-R398; G407; C432-Q437,Y210-F214
O42354,U3JAJ7,mdm2,fasn2,0.739,E390-P399,L2105
O42354,Q1LUU4,mdm2,daxx,0.738,L389-P399,I11; L712
O42354,Q6IQT7,mdm2,cdkn1ca,0.738,Y443-S445,I116-S117
O42354,E9QE51,mdm2,tpx2,0.736,E390-P399,E549-L550
O42354,Q90Y54,mdm2,jag1b,0.734,L389-P399; Y443,A1102-T1103; K1122-P1124
O42354,Q803C1,mdm2,rnf8,0.733,E390-R398,N484-K485
O42354,Q1LYI3,mdm2,hecw1b,0.73,E390-P399,P458-I459
O42354,A2BEG3,mdm2,dgcr8,0.73,E390-R398,D781
O42354,F1QLR7,mdm2,met,0.729,L389-P399,R931-G937; T1004; L1012-P1013; I1360
O42354,Q8JFR5,mdm2,kita,0.729,E390-P399,G556-N557
O42354,A0A2R8RVN3,mdm2,topbp1,0.728,E390-P399,Q497
O42354,Q7ZVD7,mdm2,chek1,0.726,T387-E390; Q396,R237
O42354,Q6NUZ7,mdm2,ccni,0.725,L389-P399,Y263
O42354,Q071E0,mdm2,kmt5aa,0.725,Y443-S445,Q94-E95; H137-A139
O42354,Q68SP3,mdm2,stat5a,0.724,E390-R398,A765-E770
O42354,Q9DFG8,mdm2,mkrn2,0.722,E390-P399,F172
O42354,P47794,mdm2,ccne1,0.719,E390-P399,S410
O42354,F1QW97,mdm2,sp1,0.712,L389-P399,L52
O42354,F1RCN2,mdm2,cecr2,0.712,E390-R398,I956-Q959
O42354,E7FDM3,mdm2,rbl2,0.705,E390-R398,R342
O42354,Q07342,mdm2,foxa2,0.703,E390-P399,L347
O42354,Q6DRP2,mdm2,gnl3,0.703,Y443-S445,K8-S10
O42354,Q5XIY8,mdm2,paxip1,0.702,L389-P399,N345; S364
O42354,A0JMM2,mdm2,agpat2,0.702,E390-R398,S269
O42354,Q90268,mdm2,pax2a,0.7,L389-P399,I193-I196
O42354,Q01702,mdm2,dlx3b,0.7,V393-R398; Y443,P11-G12
O42354,B3DHW2,mdm2,rela,0.699,E390-R398,M1
O42354,Q6P3I8,mdm2,gcdha,0.698,E390-P399,A32
O42354,B8JLN4,mdm2,e2f3,0.698,L389-P399,D201
O42354,Q6NZT5,mdm2,jun,0.697,E390-R398,A110-E111
O42354,F1QVS5,mdm2,snapc4,0.697,L389-P399,T23; Q1064
O42354,Q5RGY9,mdm2,cdkn1ba,0.697,E390-R398,D111-T115
O42354,Q7ZW95,mdm2,rpl4,0.696,E390-P399,A375
O42354,Q0II00,mdm2,nfkb2,0.696,E390-R398,P897-H902
O42354,Q5RHI5,mdm2,dtl,0.69,E390-R398,I581-S582
O42354,A0A0R4IB13,mdm2,xrcc5,0.69,R433-Q437,T290-V291
O42354,E7FCI6,mdm2,trim8a,0.683,E390-S397,M1-D3
O42354,Q9W7C0,mdm2,lef1,0.68,C432-E434,G339-K341
O42354,Q9DE49,mdm2,pdgfra,0.679,E390-S397,L1059
O42354,K7DY57,mdm2,pparab,0.679,E390-R398,I34-Q36
O42354,Q7T2D1,mdm2,rdh10b,0.678,E390-R398,K333-I336
O42354,Q5WN09,mdm2,cdh6,0.678,V393-R398,D783-M784
O42354,A0A0R4IFT8,mdm2,usp47,0.677,E390-S397,N857; L1343
O42354,A0A0R4IVY5,mdm2,rock1,0.675,V393-S397,Y923-K924
O42354,Q90YX4,mdm2,cdkn1bb,0.673,E390-R398,S103
O42354,Q5RGA4,mdm2,mysm1,0.672,V393-R398,Y69
O42354,F1QAC4,mdm2,gli1,0.671,E390-R398,L1400-T1402
O42354,Q6Q6F6,mdm2,esrra,0.67,L389-R398,S195
O42354,E7F4P8,mdm2,irs1,0.669,L389-P399,L1044
O42354,Q7ZV59,mdm2,synj2bp,0.666,E390-R398,T129-L130
O42354,A3RK74,mdm2,foxo1a,0.666,L389-P399,A4-A5
O42354,Q803K8,mdm2,creb1a,0.666,E390-S397,I115-L116
O42354,Q90413,mdm2,fgfr4,0.665,L389-P399,M921
O42354,E7F8W3,mdm2,sirt1,0.661,E390-R398,A55-N60
O42354,Q7T320,mdm2,gorab,0.654,E390-S397,D281
O42354,Q6P0U9,mdm2,nup42,0.653,L389-E390; Q396-P399,L195
O42354,B0R1D5,mdm2,suz12b,0.652,E390-R398,L94
O42354,A1A5V7,mdm2,tmem41b,0.65,E390-S397,M1
O42354,Q5RH05,mdm2,stk38l,0.648,L389-E390; Q396,K463-A464
O42354,E7F981,mdm2,nup98,0.645,L389-P399,A512
O42354,Q1LVI4,mdm2,ccnp,0.639,E390-R398,M74
O42354,B3DHT3,mdm2,zgc:194297,0.637,L389-E390; Q396-S397,L131
O42354,E7F6S4,mdm2,ponzr2,0.636,V393-S397,V4
O42354,A0A2R8S099,mdm2,casp17,0.635,E390-R398,I275-S276
Q803I8,E7F3I2,syvn1,gpr37a,0.999,L284-M298; I310-F311,L537-S541; P552-C558
Q803I8,E9QDK3,syvn1,scara3,0.999,L284-M298; I310-F311,V95-A101; L443-K444
Q803I8,X1WF41,syvn1,opn6b,0.999,L284-M298,A331-E355; S368-I371; G389-L391
Q803I8,A0A0R4IVZ9,syvn1,zbtb38,0.998,L284-M298,G97-T105
Q803I8,A3KQK2,syvn1,asns,0.997,L284-M298,L551-P556
Q803I8,A0A2R8PY98,syvn1,cdcp1b,0.996,L284-M298,M1-S3; L9-L14; V670-H677; R723
Q803I8,Q6IQK3,syvn1,vamp3,0.995,L284-M298,L56-A60; K71-W76
Q803I8,A0A0R4ITP2,syvn1,atxn3,0.992,L284-M298,A227-L230; R246-Q253
Q803I8,E7F907,syvn1,ponzr4,0.992,L284-M298,M1-M5; L120-N126
Q803I8,P79734,syvn1,tp53,0.989,L284-M298,M1-A10; I18
Q803I8,Q1LX78,syvn1,cftr,0.986,L284-M298,K418; G1187-A1199
Q803I8,F6NXP1,syvn1,ponzr3,0.986,T287-M298,M1-M5
Q803I8,F1QWE3,syvn1,mertka,0.986,T287-M298,I849-T851; K948-L952
Q803I8,X1WEU6,syvn1,traf3ip2l,0.985,T287-M298,I431-I436
Q803I8,F1QFS9,syvn1,usp13,0.985,T287-M298,H287-N290
Q803I8,Q68EH8,syvn1,flad1,0.983,L284-M298,M1-C5
Q803I8,Q5RGR7,syvn1,gpr37b,0.981,T287-E297,G608-C611
Q803I8,A5PMR2,syvn1,usp33,0.979,T287-M298,A106-K108; P268-V272
Q803I8,Q5RH85,syvn1,atf6,0.974,D288-E297,L367-L371
Q803I8,Q6QZN6,syvn1,dact1,0.972,D288-E297,M818-V821
Q803I8,A1A601,syvn1,rnf115a,0.971,T287-E297,L282-D285
Q803I8,E7EYL2,syvn1,man2a2,0.971,T287-E297,M1-V9
Q803I8,E7F4D7,syvn1,ankzf1,0.966,T287-E297,S344
Q803I8,F1Q5Z8,syvn1,sqstm1,0.965,T287-E297,L345
Q803I8,B8A682,syvn1,zfand4,0.957,T287-E297,C123; S523-G526
Q803I8,A0A0R4IL45,syvn1,trim32,0.954,T287-D288; R295-E297,M1-T3
Q803I8,A4IGC1,syvn1,nptna,0.94,R295-E297,P7-V14
Q803I8,Q1LY92,syvn1,xab2,0.94,T287-D288; R295-E297,F735-K742
Q803I8,Q7ZV59,syvn1,synj2bp,0.937,R295-E297,V127-K141
Q803I8,Q3B745,syvn1,ube2c,0.928,T287-D288; R295-E297,M1-Q4
Q803I8,B0S7J7,syvn1,nrip2,0.926,D288; R295-E297,E3-G4; D291-M296
Q803I8,Q90YL4,syvn1,sec61al2,0.918,R295-E297,Y344
Q803I8,Q5RGA4,syvn1,mysm1,0.917,R295-E297,Y69-F71
Q803I8,A5WUL9,syvn1,ifitm1,0.908,R295-E297,M1-L6
Q803I8,F1Q546,syvn1,marchf1,0.903,R295-E297,I91-I94; G497-V503
Q803I8,Q90ZM2,syvn1,sec61al1,0.9,R295-E297,Y344-S346
Q803I8,B8A4D7,syvn1,rrbp1a,0.891,R295-E297,S800-Q804; K852-T854
Q803I8,E7F6S4,syvn1,ponzr2,0.882,R295-E297,V4-M5
Q803I8,E9QEH6,syvn1,scap,0.88,R295-E297,T532-F533
Q803I8,Q1LUI6,syvn1,rnf217,0.867,R295-E297,H152-Y155
Q803I8,B8A6H5,syvn1,rnf150a,0.86,R295-E297,P326; S332-S337; M371
Q803I8,A7E2M3,syvn1,emc10,0.857,R295-E297,F233
Q803I8,Q7SZQ4,syvn1,zgc:66022,0.843,R295-E297,L195
Q803I8,A2BIR4,syvn1,ube2l3b,0.839,R295-E297,I28-A29
Q803I8,A0A0R4ISD3,syvn1,rnf122,0.831,R295-E296,L137-S138
Q803I8,A0A0R4IPD9,syvn1,pja2,0.814,R295-E297,N159-I160
Q803I8,Q566M8,syvn1,rnf150,0.813,R295-E296,I392-S394
Q803I8,E7F049,syvn1,ktn1,0.813,R295-E296,E1194-I1195
Q803I8,E7FCA5,syvn1,hdlbpb,0.811,R295-E296,F1242
Q803I8,Q7ZV92,syvn1,prpf19,0.794,R295-E296,A132
Q803I8,F1R3G4,syvn1,myh10,0.79,R295-E296,E996-A997; R1286
Q803I8,Q6DGH3,syvn1,sec61b,0.775,R295-E296,I90-G92
Q803I8,F1Q515,syvn1,gas2l1,0.773,R295-E297,H302-A307
Q803I8,E7FC22,syvn1,rin3,0.77,R295-E296,L487-L490
Q803I8,Q4VBS8,syvn1,derl2,0.767,R295-E296,Q40
Q803I8,A3KP58,syvn1,marchf5,0.767,R295-E296,I272
Q803I8,Q90X27,syvn1,xbp1,0.759,R295-E296,L136
Q803I8,F1RCR6,syvn1,trip12,0.737,R295-E296,A1366-Q1367
Q803I8,Q6PBN5,syvn1,aup1,0.731,R295,H415-G416
Q803I8,A4FUN8,syvn1,rhol,0.728,R295-E296,S353
Q803I8,A5D6S0,syvn1,sin3aa,0.728,R295,R1111
Q803I8,Q7T3D1,syvn1,ero1a,0.727,R295-E296,G9
Q803I8,F1QFG6,syvn1,si:cabz01068867.1,0.722,R295-E296,S6-S11; L18
Q803I8,Q6PHG8,syvn1,polr1f,0.68,R295,M1
Q803I8,Q1LVZ2,syvn1,marchf2,0.676,R295-E296,A21; D223
Q803I8,Q5RIK6,syvn1,sel1l,0.673,R295,L11
Q803I8,Q6P011,syvn1,emc4,0.673,R295,M93-Y94
Q803I8,Q58EG2,syvn1,erlin1,0.663,R295,Y286-Q287
Q803I8,Q6P5I8,syvn1,yipf5,0.659,R295,L111
Q803I8,Q7SX91,syvn1,rrs1,0.659,R295,S3
Q803I8,E7F5Q0,syvn1,cachd1,0.654,R295,M1154; A1183
Q803I8,Q7ZU46,syvn1,hspa4a,0.644,R295,D833
Q803I8,A0A2R9YJL3,syvn1,ak9,0.636,R295,N583-T587
Q804S5,Q5RI56,mib1,optn,0.964,N996-F999; C1006-Q1007; R1026-Y1030,D221-A224
Q804S5,Q01702,mib1,dlx3b,0.892,N996-F999; C1006-Q1007; R1026-Y1030,I10-D16
Q804S5,F1Q636,mib1,bub1ba,0.869,M997; R1026-Y1030,A310-S311; A376-N378
Q804S5,Q8JGR8,mib1,scarb2a,0.866,M997; R1026-Y1030,A522; K530-C531
Q804S5,F1QC17,mib1,emilin1a,0.847,I1027-Y1030,C459-K462
Q804S5,Q9PTF7,mib1,cxcr4b,0.826,I1027-Y1030,S348-S353
Q804S5,F6NZK1,mib1,ifngr1,0.818,C1006; I1027-Y1030,I273-K276
Q804S5,F1R0K1,mib1,elk4,0.817,I1027-Y1030,T234; R325-K330
Q804S5,Q9YGT6,mib1,hoxa5a,0.815,I1027-Y1030,S121-S123
Q804S5,E7F214,mib1,si:dkey-60a16.1,0.799,I1027-Y1030,D144-P147
Q804S5,F1QDR3,mib1,cfap20dc,0.771,I1027-Y1030,S629
Q804S5,A8E7C6,mib1,ret,0.769,I1027-Y1030,S1096-P1097; S1106
Q804S5,Q6IQC6,mib1,psmd4a,0.746,I1027-Y1030,D181-A182
Q804S5,E7F3F0,mib1,myo9ab,0.729,I1027-Y1030,D1319-S1321
Q804S5,F1QWQ9,mib1,prdm14,0.729,I1027-Y1030,A34
Q804S5,O13148,mib1,epha4a,0.723,I1027-Y1030,A279-R280
Q804S5,E7FCI5,mib1,myo5c,0.722,I1027-Y1030,S914-R917
Q804S5,Q6IQH6,mib1,plppr1,0.702,I1027-Y1030,G315
Q804S5,B3DH94,mib1,atoh1b,0.687,I1027-Y1030,A171
Q804S5,A3KNL2,mib1,f11r.2,0.68,I1027-Y1030,P246-N251
Q804S5,F1QCE9,mib1,ndufab1b,0.667,I1027-Y1030,W40
Q804S5,Q6DRP2,mib1,gnl3,0.662,R1026-Y1030,S10
Q804S5,X1WH50,mib1,si:ch211-137a8.4,0.653,I1027-Y1030,S588-S589
Q804S5,Q6P5L5,mib1,ndufb8,0.643,I1027-Y1030,I21-S22
Q804S5,P79742,mib1,tbx6l,0.642,I1027-Y1030,C401; L425-L426
Q804S5,Q1LUU7,mib1,kifc1,0.642,I1027-L1029,S137
Q804S5,A0A0R4IBH3,mib1,ankrd55,0.64,L1029-Y1030,P555
Q804S5,E7FBT2,mib1,scarf1,0.638,I1027-Y1030,I820; I865
Q804S5,Q8AXB3,mib1,kdrl,0.636,L1029-Y1030,Y1150; A1185
