E3,Substrate,label,MetaESI_wo3D
Q9Y297,Q15653,1.0,0.4796825647354126
Q9Y297,Q00653,1.0,0.6331079602241516
Q9Y297,Q9UKT4,1.0,0.8424743413925171
Q9Y297,P30291,1.0,0.6167417764663696
Q9Y297,Q53EL6,1.0,0.2561894655227661
Q9Y297,P55036,1.0,0.45088765025138855
Q9Y297,Q00987,1.0,0.5106803178787231
Q9Y297,Q8NF37,1.0,0.3024434447288513
Q9Y297,Q76N32,1.0,0.7577576637268066
Q9Y297,P10912,1.0,0.7285333275794983
Q9Y297,P35226,1.0,0.3207804262638092
Q9Y297,P02751,1.0,0.34266427159309387
Q9Y297,Q15717,1.0,0.20841512084007263
Q9Y297,P12830,1.0,0.5954948663711548
Q9Y297,Q14494,1.0,0.6135503053665161
Q9Y297,Q10589,1.0,0.5125420689582825
Q9Y297,P42574,1.0,0.5685469508171082
Q9Y297,P15260,1.0,0.6771520376205444
Q9Y297,Q8N907,1.0,0.17448210716247559
Q9Y297,Q13009,1.0,0.6193751096725464
Q9Y297,Q92538,1.0,0.47585177421569824
Q9Y297,P02786,1.0,0.20529229938983917
Q9HCE7,Q15797,1.0,0.7372610569000244
Q9HCE7,O95947,1.0,0.4555443525314331
Q9HCE7,Q9UMX0,1.0,0.16460740566253662
Q9HCE7,Q9P270,1.0,0.4318976104259491
Q9HCE7,Q9H6K1,1.0,0.4230412244796753
Q9HCE7,Q8N8V4,1.0,0.3848235309123993
Q9HCE7,O76080,1.0,0.2580074965953827
Q9HCE7,Q8N0X7,1.0,0.7078242897987366
Q9HCE7,Q96C92,1.0,0.485601007938385
Q9HCE7,Q9H8M7,1.0,0.2184978574514389
Q9HCE7,Q15642,1.0,0.38631051778793335
Q9HCE7,Q9BSL1,1.0,0.20948712527751923
Q9HCE7,Q7KZI7,1.0,0.4190426170825958
Q9HCE7,P07332,1.0,0.2799311876296997
Q9HCE7,Q15750,1.0,0.2969456911087036
Q9HCE7,Q9BZV1,1.0,0.20851241052150726
Q9HCE7,Q5BJF6,1.0,0.5093264579772949
Q9HCE7,Q9UKE5,1.0,0.430903822183609
Q9HCE7,Q15726,1.0,0.25104203820228577
Q9HCE7,P60484,1.0,0.4612531363964081
P46934,P43405,1.0,0.6058534383773804
P46934,O95999,1.0,0.36415958404541016
P46934,P46531,1.0,0.4160444140434265
P46934,O75113,1.0,0.45500683784484863
P46934,P07550,1.0,0.36089035868644714
P46934,Q5MJ70,1.0,0.3043140769004822
P46934,P17302,1.0,0.49916455149650574
P46934,Q01959,1.0,0.29714998602867126
P46934,Q9UKG1,1.0,0.3708762228488922
P46934,Q6PJG6,1.0,0.1442549228668213
P46934,P31751,1.0,0.441056489944458
P46934,O15399,1.0,0.6841995716094971
P46934,P01111,1.0,0.27428102493286133
P46934,Q9H4B6,1.0,0.37840816378593445
P46934,P25116,1.0,0.536176323890686
P46934,Q13501,1.0,0.3269518315792084
P46934,P98170,1.0,0.2838619649410248
P46934,O75473,1.0,0.35513836145401
P46934,O15431,1.0,0.23814024031162262
Q9UNE7,Q99933,1.0,0.635135293006897
Q9UNE7,P29474,1.0,0.5445665717124939
Q9UNE7,Q9UM73,1.0,0.66927570104599
Q9UNE7,Q86WG3,1.0,0.5196236371994019
Q9UNE7,O00141,1.0,0.47288215160369873
Q9UNE7,P53355,1.0,0.5889925360679626
Q9UNE7,P37840,1.0,0.49798884987831116
Q9UNE7,Q5S007,1.0,0.6439151167869568
Q9UNE7,Q01196,1.0,0.533316969871521
Q9UNE7,Q16665,1.0,0.7700274586677551
Q9UNE7,Q9Y697,1.0,0.22259679436683655
Q9UNE7,P60321,1.0,0.2518453896045685
Q9UNE7,Q8WY41,1.0,0.47385770082473755
Q9UNE7,Q00613,1.0,0.6465008854866028
Q9UNE7,P54252,1.0,0.37367114424705505
Q9UNE7,O75460,1.0,0.5054231882095337
Q9UNE7,O15079,1.0,0.5529455542564392
Q9UNE7,Q7Z434,1.0,0.5557636022567749
Q00987,Q16665,1.0,0.4595988690853119
Q00987,P49407,1.0,0.10465099662542343
Q00987,P08069,1.0,0.3579989969730377
Q00987,Q16778,1.0,0.17123602330684662
Q00987,P25098,1.0,0.24435506761074066
Q00987,P14316,1.0,0.42251893877983093
Q00987,Q08499,1.0,0.30310043692588806
Q00987,P18847,1.0,0.27810487151145935
Q00987,O15273,1.0,0.24138154089450836
Q00987,P41181,1.0,0.2674916982650757
Q00987,O95863,1.0,0.44013893604278564
Q00987,Q15466,1.0,0.17340290546417236
Q00987,P24522,1.0,0.0777093842625618
Q00987,P46695,1.0,0.2342270165681839
Q00987,P35637,1.0,0.1650007963180542
Q00987,P49137,1.0,0.139175146818161
Q96J02,P00533,1.0,0.7222287654876709
Q96J02,O95999,1.0,0.34478268027305603
Q96J02,Q16630,1.0,0.27251651883125305
Q96J02,Q96J02,1.0,0.3308356702327728
Q96J02,Q7Z434,1.0,0.3032451868057251
Q96J02,P20963,1.0,0.8073646426200867
Q96J02,O15519,1.0,0.39262303709983826
Q96J02,Q9Y371,1.0,0.24644070863723755
Q96J02,Q13546,1.0,0.35050469636917114
Q96J02,Q9BTU6,1.0,0.2801733613014221
Q96J02,Q12778,1.0,0.5275341272354126
Q96J02,O43294,1.0,0.35739585757255554
Q96J02,P15056,1.0,0.41683560609817505
Q13309,Q9H211,1.0,0.5027783513069153
Q13309,Q99607,1.0,0.7321223020553589
Q13309,Q08999,1.0,0.6302880048751831
Q13309,P50616,1.0,0.5169267654418945
Q13309,P04637,1.0,0.6194502115249634
Q13309,O00233,1.0,0.1841411590576172
Q13309,P31751,1.0,0.5568450093269348
Q13309,O60934,1.0,0.6970489621162415
Q13309,P20248,1.0,0.5639389157295227
Q13309,P38398,1.0,0.8045493960380554
Q13309,Q99801,1.0,0.6633490920066833
Q13309,Q8WWM9,1.0,0.3953571021556854
Q13309,P49715,1.0,0.5390275120735168
P22681,P12931,1.0,0.45082640647888184
P22681,P43405,1.0,0.6681076884269714
P22681,P09769,1.0,0.43268465995788574
P22681,P17948,1.0,0.6396941542625427
P22681,P48736,1.0,0.25736111402511597
P22681,Q14155,1.0,0.6102060079574585
P22681,P04085,1.0,0.183125838637352
P22681,P22607,1.0,0.5175957083702087
P22681,P29322,1.0,0.4999818205833435
P22681,P42229,1.0,0.7064729928970337
P22681,P06127,1.0,0.5498148798942566
P22681,P27986,1.0,0.329510897397995
Q969H0,P49768,1.0,0.3782508373260498
Q969H0,Q13490,1.0,0.5707396864891052
Q969H0,O96020,1.0,0.7357674241065979
Q969H0,Q71F56,1.0,0.7331717610359192
Q969H0,Q9Y2Y9,1.0,0.5349478721618652
Q969H0,P11388,1.0,0.571087121963501
Q969H0,P49716,1.0,0.7670909762382507
Q969H0,Q07820,1.0,0.5798112750053406
Q969H0,Q49AN0,1.0,0.3771854639053345
Q969H0,Q15233,1.0,0.3463191092014313
Q969H0,Q13950,1.0,0.6246135234832764
Q969H0,Q9H0K1,1.0,0.6506683826446533
O60260,Q9Y6H5,1.0,0.5975768566131592
O60260,P24864,1.0,0.5731393694877625
O60260,P21860,1.0,0.47174301743507385
O60260,P53667,1.0,0.5190362930297852
O60260,P55036,1.0,0.542924702167511
O60260,Q8IWA4,1.0,0.3363315463066101
O60260,P54252,1.0,0.4290756285190582
O60260,Q07812,1.0,0.2918682396411896
O60260,Q9UNN5,1.0,0.28525474667549133
O60260,P14635,1.0,0.4541185200214386
O60260,Q96QK1,1.0,0.16329801082611084
O60260,Q07817,1.0,0.3292887806892395
Q96PU5,Q99250,1.0,0.6021327972412109
Q96PU5,P51170,1.0,0.885179340839386
Q96PU5,P37173,1.0,0.56842440366745
Q96PU5,Q96QD8,1.0,0.27499881386756897
Q96PU5,Q07912,1.0,0.6348229646682739
Q96PU5,O14964,1.0,0.4492698311805725
Q96PU5,Q6PJG6,1.0,0.12989816069602966
Q96PU5,Q96D31,1.0,0.20753519237041473
Q96PU5,Q6UUV7,1.0,0.608905553817749
Q96PU5,P33527,1.0,0.3379700183868408
Q96PU5,O15527,1.0,0.14503903687000275
Q9UM11,P53350,1.0,0.38750118017196655
Q9UM11,P04183,1.0,0.28323790431022644
Q9UM11,Q9NQW6,1.0,0.7013105750083923
Q9UM11,Q02363,1.0,0.471976101398468
Q9UM11,Q9BXS6,1.0,0.5962613821029663
Q9UM11,P14635,1.0,0.5767927765846252
Q9UM11,P45984,1.0,0.6329430341720581
Q9UM11,Q15004,1.0,0.5695659518241882
Q9UM11,O00716,1.0,0.7770300507545471
Q9UM11,O60566,1.0,0.8795320987701416
Q9UM11,P23760,1.0,0.690649151802063
O43791,P35226,1.0,0.45937711000442505
O43791,P10070,1.0,0.7725944519042969
O43791,Q16828,1.0,0.6499230861663818
O43791,Q49A26,1.0,0.6107112169265747
O43791,Q12834,1.0,0.4717852473258972
O43791,Q15059,1.0,0.4391975402832031
O43791,P24864,1.0,0.8208187222480774
O43791,Q12906,1.0,0.4461771547794342
Q8IUQ4,P43146,1.0,0.7054921388626099
Q8IUQ4,P35222,1.0,0.6403158903121948
Q8IUQ4,O75525,1.0,0.352797269821167
Q8IUQ4,P49757,1.0,0.6997753381729126
Q8IUQ4,Q9HB71,1.0,0.3792431056499481
Q8IUQ4,O00472,1.0,0.5213555693626404
Q8IUQ4,Q6IE81,1.0,0.6708567142486572
Q8IUQ4,Q9Y243,1.0,0.5350636839866638
O43255,Q12933,1.0,0.4348403513431549
O43255,Q9Y6H5,1.0,0.6963650584220886
O43255,O15379,1.0,0.12940271198749542
O43255,Q9P212,1.0,0.5456515550613403
O43255,O43597,1.0,0.4301859140396118
O43255,Q13625,1.0,0.6668157577514648
O43255,Q9BQF6,1.0,0.5955156087875366
Q9HAU4,Q9Y3C5,1.0,0.31142568588256836
Q9HAU4,Q9HCE7,1.0,0.2630981206893921
Q9HAU4,P00533,1.0,0.6600056290626526
Q9HAU4,Q13950,1.0,0.5089210867881775
Q9HAU4,Q9Y297,1.0,0.29370006918907166
Q9HAU4,Q15910,1.0,0.3093847334384918
Q9Y4K3,P34932,1.0,0.23430226743221283
Q9Y4K3,Q13352,1.0,0.5432433485984802
Q9Y4K3,Q13568,1.0,0.4982815086841583
Q9Y4K3,P31751,1.0,0.37239399552345276
Q9Y4K3,Q9BXM7,1.0,0.3135890066623688
Q9Y4K3,P35222,1.0,0.4750858545303345
Q9UKB1,O15111,1.0,0.4894281029701233
Q9UKB1,P17181,1.0,0.8166654109954834
Q9UKB1,O00444,1.0,0.5691419839859009
Q9UKB1,Q13127,1.0,0.637348473072052
Q9UKB1,Q8IYD8,1.0,0.8222103118896484
Q9UKB1,O14503,1.0,0.5863228440284729
Q05086,P33993,1.0,0.16463932394981384
Q05086,Q12959,1.0,0.9249904751777649
Q05086,P26045,1.0,0.7590614557266235
Q05086,P46527,1.0,0.7569505572319031
Q05086,P54727,1.0,0.6009125113487244
Q05086,Q8WTU0,1.0,0.6696861386299133
Q9H0M0,P37173,1.0,0.7001398801803589
Q9H0M0,Q13950,1.0,0.6637441515922546
Q9H0M0,P42566,1.0,0.657964289188385
Q9H0M0,O95835,1.0,0.6781030297279358
Q9H0M0,P00533,1.0,0.7751467823982239
P98170,Q9NR28,1.0,0.5231465101242065
P98170,O14618,1.0,0.20994016528129578
P98170,P60484,1.0,0.507616400718689
P98170,Q14790,1.0,0.7112277746200562
P98170,O43353,1.0,0.5867153406143188
Q13490,Q12933,1.0,0.49931252002716064
Q13490,Q9Y6D9,1.0,0.35516440868377686
Q13490,Q9Y572,1.0,0.6161020994186401
Q13490,P42574,1.0,0.6130646467208862
Q13490,Q14164,1.0,0.3576793074607849
P38398,P16104,1.0,0.9196479320526123
P38398,P24928,1.0,0.3195970952510834
P38398,Q13133,1.0,0.21975095570087433
P38398,P30307,1.0,0.31524914503097534
P38398,P14859,1.0,0.37954697012901306
Q8NHY2,Q13330,1.0,0.3809283673763275
Q8NHY2,Q53ET0,1.0,0.6618015766143799
Q8NHY2,P35222,1.0,0.634467363357544
Q8NHY2,P48431,1.0,0.6527115106582642
Q86TM6,P04035,1.0,0.5739685893058777
Q86TM6,O00141,1.0,0.4159338176250458
Q86TM6,O75460,1.0,0.4539327323436737
Q86TM6,P31645,1.0,0.519188642501831
Q86TM6,O00327,1.0,0.6679989695549011
O76064,Q96FW1,1.0,0.547015368938446
O76064,O76064,1.0,0.4591255784034729
O76064,Q9HCU8,1.0,0.3809545934200287
O76064,P35222,1.0,0.42739027738571167
Q13489,O95999,1.0,0.478361040353775
Q13489,Q13489,1.0,0.3958119750022888
Q13489,O43353,1.0,0.49970006942749023
Q13489,Q92844,1.0,0.5657846331596375
P40337,Q9Y2N7,1.0,0.7492396235466003
P40337,Q9Y2K6,1.0,0.5451063513755798
P40337,Q13309,1.0,0.5532171130180359
P40337,P37231,1.0,0.7184066772460938
Q5T0T0,P79483,1.0,0.9648520350456238
Q5T0T0,P08195,1.0,0.32425209879875183
Q5T0T0,P04233,1.0,0.3054076135158539
Q5T0T0,Q9NZQ7,1.0,0.9770071506500244
Q13049,Q9H9R9,1.0,0.5562453866004944
Q13049,Q86WV6,1.0,0.559249997138977
Q13049,Q12933,1.0,0.4996565580368042
Q86YJ5,P01909,1.0,0.9978457689285278
Q86YJ5,Q13291,1.0,0.9971101880073547
Q86YJ5,P31994,1.0,0.9962188601493835
P19474,P46527,1.0,0.5571819543838501
P19474,Q9C035,1.0,0.2732849419116974
P19474,O95863,1.0,0.7391794323921204
P19474,P38936,1.0,0.7100078463554382
P35226,Q99878,1.0,0.9830527305603027
P35226,P20671,1.0,0.986738920211792
P35226,Q6FI13,1.0,0.9855746030807495
Q12834,P51955,1.0,0.6428928971290588
Q12834,Q07820,1.0,0.5733150243759155
Q12834,Q9Y2T1,1.0,0.4575044810771942
O00308,Q9P2A4,1.0,0.5352548956871033
O00308,P84022,1.0,0.6344094276428223
O00308,O15350,1.0,0.5812405943870544
Q9NZJ0,Q9H211,1.0,0.2775499224662781
Q9NZJ0,O14757,1.0,0.3372160494327545
Q9NZJ0,Q16526,1.0,0.17629334330558777
Q9NVW2,P53667,1.0,0.7002621293067932
Q9NVW2,Q00987,1.0,0.643276572227478
Q9NVW2,Q9NVW2,1.0,0.18763212859630585
Q969Q1,Q14324,1.0,0.3990011513233185
Q969Q1,P05976,1.0,0.3649003803730011
Q969Q1,P25963,1.0,0.5643181800842285
Q8TBB1,Q96BR9,1.0,0.5213390588760376
Q8TBB1,P41595,1.0,0.6351799368858337
Q8TBB1,Q9UKL4,1.0,0.4251231253147125
Q96PM5,P46527,1.0,0.4403859078884125
Q96PM5,Q9Y253,1.0,0.601813018321991
Q96PM5,Q15717,1.0,0.23951493203639984
Q86YT6,P53355,1.0,0.5806304812431335
Q86YT6,O15078,1.0,0.36738136410713196
Q8NEZ5,O75164,1.0,0.407480388879776
Q8NEZ5,Q00987,1.0,0.4148189425468445
Q8NEZ5,O14867,1.0,0.5476586222648621
Q14258,O95786,1.0,0.5030928254127502
Q14258,Q13330,1.0,0.3724365830421448
Q14258,Q9Y572,1.0,0.6026198267936707
Q12933,Q15759,1.0,0.1298203468322754
Q12933,O95147,1.0,0.3221833109855652
Q969P5,P15172,1.0,0.6932311654090881
Q969P5,O00303,1.0,0.11519888788461685
Q969P5,O43474,1.0,0.7917668223381042
Q9UKV5,P01009,1.0,0.5065587162971497
Q9UKV5,O95140,1.0,0.45739302039146423
P78317,P78317,1.0,0.26966392993927
P78317,P08047,1.0,0.2996748089790344
P78317,Q99708,1.0,0.5785508751869202
Q9NX47,P33076,1.0,0.9380990862846375
Q9NX47,Q7Z434,1.0,0.5694373250007629
Q96EP1,Q96EP1,1.0,0.47356855869293213
Q96EP1,Q12824,1.0,0.23848266899585724
Q13191,P00533,1.0,0.579826831817627
Q13191,P43405,1.0,0.6062536835670471
Q13191,P16234,1.0,0.6202381253242493
Q99496,Q16777,1.0,0.9968233108520508
Q99496,P23921,1.0,0.7354055643081665
Q9H4P4,O60260,1.0,0.2687249779701233
Q9H4P4,Q14653,1.0,0.532116711139679
Q9NTX7,O15169,1.0,0.4054519534111023
Q9NTX7,P18887,1.0,0.4244734048843384
Q9BYM8,P48200,1.0,0.20432844758033752
Q9BYM8,Q14653,1.0,0.5473927855491638
Q9BYM8,P17252,1.0,0.3151523470878601
Q8TCQ1,Q30154,1.0,0.9705096483230591
Q8TCQ1,P01730,1.0,0.965424120426178
Q96F44,Q96RN5,1.0,0.44391122460365295
Q96F44,P03372,1.0,0.5853900909423828
Q9Y4B6,Q7L590,1.0,0.49950137734413147
Q9Y4B6,P30153,1.0,0.059756480157375336
Q8IYW5,P16104,1.0,0.9280532002449036
Q8IYW5,P08134,1.0,0.057513024657964706
Q96EP0,Q14258,1.0,0.46194326877593994
Q92844,Q8IUC6,1.0,0.055813442915678024
Q92844,Q15759,1.0,0.05174750089645386
Q9UKC9,P49585,1.0,0.6676657199859619
Q9UKC9,Q96P20,1.0,0.5826137661933899
Q8WZ73,Q92851,1.0,0.3801720142364502
Q8WZ73,P13569,1.0,0.2761531174182892
P0C2W1,O95863,1.0,0.7555252909660339
Q9UHC7,Q7Z7B0,1.0,0.3186964690685272
Q9UHC7,P46783,1.0,0.1744714379310608
Q96FA3,Q13114,1.0,0.387092262506485
Q14145,Q16236,1.0,0.8498808741569519
Q14145,Q13501,1.0,0.5593022704124451
Q99942,Q86WV6,1.0,0.5022180080413818
Q99942,Q14653,1.0,0.638778030872345
Q96EQ8,Q7Z434,1.0,0.4622306525707245
Q53G59,P14635,1.0,0.6690571308135986
Q53G59,Q92945,1.0,0.5305185317993164
Q6ZNA4,Q15796,1.0,0.3750140964984894
Q96AX9,Q9NR61,1.0,0.5475935935974121
Q96AX9,Q9UHD2,1.0,0.3011075258255005
Q8IYU2,Q8NBJ4,1.0,0.2963685095310211
O60858,P31751,1.0,0.3670721650123596
O60858,O60858,1.0,0.3666854202747345
Q5XUX0,P52564,1.0,0.33246222138404846
P29372,P67775,1.0,0.13277661800384521
Q9UK22,P02765,1.0,0.6981039643287659
Q9UK22,P78324,1.0,0.9529302716255188
P10523,P25963,1.0,0.4541996419429779
Q9BV68,P61073,1.0,0.4620141386985779
Q9BV68,P60484,1.0,0.37146127223968506
O43663,Q96QV6,1.0,0.9883296489715576
Q9Y2M5,O15085,1.0,0.45734432339668274
O15524,P15498,1.0,0.13868369162082672
O15524,Q9Y4H2,1.0,0.23956505954265594
Q7Z6J0,Q9UBP5,1.0,0.29399800300598145
Q8NG27,Q15910,1.0,0.4432029128074646
Q8NG27,Q6PJQ5,1.0,0.6796538829803467
Q969V5,O15350,1.0,0.6603529453277588
Q9NRD1,O75882,1.0,0.7781676054000854
Q8TEB7,P52566,1.0,0.17294961214065552
Q8TEB7,P16070,1.0,0.20450283586978912
Q9Y252,Q04726,1.0,0.6273724436759949
O43164,P10644,1.0,0.5466497540473938
O43164,Q8IVT5,1.0,0.46458056569099426
Q7L5Y6,P04637,1.0,0.3362816572189331
Q969K3,P04637,1.0,0.4633185863494873
P49427,P46527,1.0,0.4439109265804291
Q5XPI4,P46527,1.0,0.38469642400741577
Q5XPI4,O14641,1.0,0.45521706342697144
Q96SW2,Q9H3D4,1.0,0.4665442705154419
Q5T447,Q14790,1.0,0.468633234500885
P14373,P60484,1.0,0.4442400634288788
Q9H2C0,P46821,1.0,0.45431363582611084
Q9NWF9,Q9NWF9,1.0,0.21884337067604065
Q9NWF9,Q9NR97,1.0,0.19158409535884857
Q9UKA1,Q9BQ15,1.0,0.22519712150096893
Q8N3Y1,Q9BQQ3,1.0,0.5255835652351379
Q9Y4L5,P36888,1.0,0.3817281723022461
O15344,P62714,1.0,0.24231158196926117
Q96PU4,Q8WW12,1.0,0.30122244358062744
Q8WVD3,Q8WVD3,1.0,0.1885119527578354
O95155,P54252,1.0,0.23038658499717712
O95198,Q9H4A3,1.0,0.5647889375686646
Q9NXK8,P49918,1.0,0.32529494166374207
Q13114,Q99558,1.0,0.2509945333003998
Q9BUZ4,Q9HAU4,1.0,0.2834852337837219
Q92466,Q01831,1.0,0.5571902394294739
Q9Y3I1,Q15398,1.0,0.46500158309936523
Q9NS91,Q9NS91,1.0,0.38583648204803467
O14543,Q9Y286,1.0,0.1457052379846573
Q969U6,P49815,1.0,0.4468713402748108
P62877,P23443,1.0,0.2484225034713745
Q96T88,P68431,1.0,0.25251129269599915
Q8WV44,P05771,1.0,0.28927114605903625
Q8N1E6,Q16828,1.0,0.5258715152740479
Q9UKT5,P24385,1.0,0.5970506072044373
Q86XK2,P04637,1.0,0.6210198402404785
Q9NV58,P41180,1.0,0.4354991018772125
Q13233,P27361,1.0,0.05877404659986496
Q9P0N8,P42081,1.0,0.9919336438179016
Q9Y297,Q9Y266,0.0,0.18242360651493073
Q9Y297,Q00839,0.0,0.1820981800556183
Q9Y297,P61978,0.0,0.28744885325431824
Q9Y297,Q9Y2H1,0.0,0.25862917304039
Q9Y297,O00755,0.0,0.19688116014003754
Q9Y297,Q9UBE8,0.0,0.2871663570404053
Q9Y297,O14757,0.0,0.551292896270752
Q9Y297,Q9NRD0,0.0,0.21841001510620117
Q9Y297,O75084,0.0,0.16196513175964355
Q9Y297,O75197,0.0,0.46806007623672485
Q9Y297,Q96DU3,0.0,0.6982821822166443
Q9Y297,P67870,0.0,0.1138036698102951
Q9Y297,Q9UKT7,0.0,0.2304898202419281
Q9Y297,Q8IV63,0.0,0.5129900574684143
Q9Y297,P06748,0.0,0.4192878305912018
Q9Y297,P31751,0.0,0.37360844016075134
Q9Y297,P12644,0.0,0.26382362842559814
Q9Y297,Q15418,0.0,0.44330260157585144
Q9Y297,Q13617,0.0,0.05364150181412697
Q9Y297,P68400,0.0,0.3392009139060974
Q9Y297,Q9HAU4,0.0,0.31849363446235657
Q9Y297,P62877,0.0,0.05404051020741463
Q9HCE7,O60508,0.0,0.30467939376831055
Q9HCE7,P48059,0.0,0.26003018021583557
Q9HCE7,Q4V328,0.0,0.301615446805954
Q9HCE7,Q13145,0.0,0.4019111692905426
Q9HCE7,Q9NV06,0.0,0.18667082488536835
Q9HCE7,Q13287,0.0,0.27882519364356995
Q9HCE7,Q86UW9,0.0,0.36277613043785095
Q9HCE7,P40337,0.0,0.08754119277000427
Q9HCE7,Q13617,0.0,0.11149086058139801
Q9HCE7,Q14139,0.0,0.2362232804298401
Q9HCE7,P22681,0.0,0.6211920380592346
Q9HCE7,Q9Y4X5,0.0,0.15205524861812592
Q9HCE7,Q9NWF9,0.0,0.34713420271873474
Q9HCE7,P08648,0.0,0.4557318091392517
Q9HCE7,Q15366,0.0,0.35853931307792664
Q9HCE7,Q03135,0.0,0.24618685245513916
Q9HCE7,O95352,0.0,0.14157435297966003
Q9HCE7,Q9C0C7,0.0,0.30892127752304077
Q9HCE7,Q13616,0.0,0.09289068728685379
Q9HCE7,Q9H461,0.0,0.30381661653518677
P46934,Q96B97,0.0,0.453794926404953
P46934,P30307,0.0,0.4846625328063965
P46934,P53350,0.0,0.23294097185134888
P46934,Q3LFD5,0.0,0.2549583911895752
P46934,P62258,0.0,0.07400330156087875
P46934,O15393,0.0,0.7310225367546082
P46934,Q9Y2H9,0.0,0.6750885248184204
P46934,Q8TCC7,0.0,0.19767379760742188
P46934,Q14139,0.0,0.20278866589069366
P46934,Q99835,0.0,0.22014394402503967
P46934,P13473,0.0,0.2704223692417145
P46934,O95600,0.0,0.4668022394180298
P46934,P51787,0.0,0.3740178942680359
P46934,Q9UIC8,0.0,0.2020452618598938
P46934,Q9NZM5,0.0,0.19589154422283173
P46934,Q15369,0.0,0.06943235546350479
P46934,P05161,0.0,0.07468890398740768
P46934,Q9BSK4,0.0,0.2220093160867691
P46934,P39687,0.0,0.100188247859478
Q9UNE7,Q86YT6,0.0,0.5593663454055786
Q9UNE7,Q13418,0.0,0.2844626307487488
Q9UNE7,O43623,0.0,0.7384232878684998
Q9UNE7,P05067,0.0,0.4362930357456207
Q9UNE7,P32121,0.0,0.33075445890426636
Q9UNE7,Q9UDY8,0.0,0.5536980628967285
Q9UNE7,Q92995,0.0,0.1771203577518463
Q9UNE7,Q4G148,0.0,0.2629346549510956
Q9UNE7,O43318,0.0,0.5163995623588562
Q9UNE7,P68543,0.0,0.43310490250587463
Q9UNE7,Q13546,0.0,0.6231310963630676
Q9UNE7,Q8IV36,0.0,0.3698936402797699
Q9UNE7,P55087,0.0,0.4223514795303345
Q9UNE7,P01112,0.0,0.37270650267601013
Q9UNE7,Q9Y6K1,0.0,0.4265364110469818
Q9UNE7,Q8IW03,0.0,0.3558824062347412
Q9UNE7,P49916,0.0,0.6279168725013733
Q9UNE7,P11940,0.0,0.36565154790878296
Q00987,O60502,0.0,0.25468626618385315
Q00987,P18848,0.0,0.6246982216835022
Q00987,P61289,0.0,0.11411973834037781
Q00987,P07197,0.0,0.1914115846157074
Q00987,Q3YBR2,0.0,0.2473413050174713
Q00987,O94985,0.0,0.1604977250099182
Q00987,P46777,0.0,0.12040873616933823
Q00987,O60934,0.0,0.38742849230766296
Q00987,P46776,0.0,0.18206433951854706
Q00987,Q14676,0.0,0.32391735911369324
Q00987,P02533,0.0,0.13927116990089417
Q00987,O14503,0.0,0.31038522720336914
Q00987,P42226,0.0,0.38183262944221497
Q00987,Q7Z6V5,0.0,0.08819115161895752
Q00987,O15519,0.0,0.3632746636867523
Q00987,P28906,0.0,0.41147950291633606
Q96J02,Q9H0E2,0.0,0.17872081696987152
Q96J02,P49407,0.0,0.21312661468982697
Q96J02,P48061,0.0,0.13037343323230743
Q96J02,O95630,0.0,0.2607540488243103
Q96J02,Q12929,0.0,0.3292783200740814
Q96J02,P61313,0.0,0.13532349467277527
Q96J02,P61289,0.0,0.1505344808101654
Q96J02,Q9UNE7,0.0,0.09360532462596893
Q96J02,Q9NZC7,0.0,0.11336451768875122
Q96J02,P17612,0.0,0.27588537335395813
Q96J02,O94888,0.0,0.3003375828266144
Q96J02,Q9NX47,0.0,0.1555352509021759
Q96J02,Q8N9N5,0.0,0.5157124996185303
Q13309,P62877,0.0,0.15471602976322174
Q13309,Q9NVF7,0.0,0.44285738468170166
Q13309,B1ANS9,0.0,0.6016519069671631
Q13309,Q13547,0.0,0.5629652142524719
Q13309,Q13042,0.0,0.47933149337768555
Q13309,Q92995,0.0,0.2645780146121979
Q13309,A0AVT1,0.0,0.30672141909599304
Q13309,Q6P050,0.0,0.5037726163864136
Q13309,Q92905,0.0,0.2468169778585434
Q13309,O95235,0.0,0.6233250498771667
Q13309,P22314,0.0,0.32169973850250244
Q13309,Q9NZM1,0.0,0.43382811546325684
Q13309,Q969H0,0.0,0.396356999874115
P22681,Q92772,0.0,0.43399402499198914
P22681,Q9GZY6,0.0,0.5154905915260315
P22681,Q13094,0.0,0.49646711349487305
P22681,O75955,0.0,0.13369397819042206
P22681,Q07666,0.0,0.25200095772743225
P22681,P15391,0.0,0.5505548119544983
P22681,O76050,0.0,0.4355832636356354
P22681,Q13671,0.0,0.4299256503582001
P22681,Q06187,0.0,0.3285224139690399
P22681,P52735,0.0,0.49949637055397034
P22681,Q07889,0.0,0.5636268854141235
P22681,P12830,0.0,0.5613629221916199
Q969H0,Q15843,0.0,0.07071510702371597
Q969H0,Q6ZTI6,0.0,0.7110706567764282
Q969H0,P49336,0.0,0.414912611246109
Q969H0,O95302,0.0,0.11903220415115356
Q969H0,O00148,0.0,0.17763543128967285
Q969H0,Q9UNH5,0.0,0.5008592009544373
Q969H0,O00311,0.0,0.4922942817211151
Q969H0,P31314,0.0,0.4848964512348175
Q969H0,Q9BRS2,0.0,0.24703224003314972
Q969H0,O14818,0.0,0.0867125391960144
Q969H0,Q99816,0.0,0.387611985206604
Q969H0,Q9UBP5,0.0,0.5020043849945068
O60260,Q13224,0.0,0.47426843643188477
O60260,Q14790,0.0,0.6150918006896973
O60260,P78352,0.0,0.41831108927726746
O60260,P38646,0.0,0.23791873455047607
O60260,Q9BXK5,0.0,0.45903512835502625
O60260,Q71U36,0.0,0.17854607105255127
O60260,Q9NV58,0.0,0.4362412989139557
O60260,Q969H0,0.0,0.3096507787704468
O60260,P78371,0.0,0.1818765252828598
O60260,Q9HD20,0.0,0.2962892949581146
O60260,P34931,0.0,0.20199133455753326
O60260,Q8N961,0.0,0.5367218255996704
Q96PU5,Q9UHW5,0.0,0.11285807192325592
Q96PU5,O15258,0.0,0.1430293619632721
Q96PU5,Q9UKV5,0.0,0.14251750707626343
Q96PU5,Q92633,0.0,0.3301810324192047
Q96PU5,Q86UV5,0.0,0.22673141956329346
Q96PU5,A5D8V6,0.0,0.3591480553150177
Q96PU5,Q96J92,0.0,0.34890443086624146
Q96PU5,O75436,0.0,0.23919202387332916
Q96PU5,O00487,0.0,0.09522145241498947
Q96PU5,Q8N2K1,0.0,0.0922398716211319
Q96PU5,P15382,0.0,0.3348485827445984
Q9UM11,Q9UJX6,0.0,0.23809605836868286
Q9UM11,P38606,0.0,0.11021945625543594
Q9UM11,O96017,0.0,0.5932427644729614
Q9UM11,Q9UPT9,0.0,0.26209336519241333
Q9UM11,Q9UNH5,0.0,0.5871689319610596
Q9UM11,Q9BVC4,0.0,0.054533202201128006
Q9UM11,Q86TI4,0.0,0.2569141685962677
Q9UM11,O00311,0.0,0.5833044648170471
Q9UM11,P51959,0.0,0.333538293838501
Q9UM11,Q8NHZ8,0.0,0.21484442055225372
Q9UM11,Q16514,0.0,0.29723912477493286
O43791,P52945,0.0,0.6963391304016113
O43791,P08138,0.0,0.7388713359832764
O43791,Q8IYT4,0.0,0.43973931670188904
O43791,Q9NVR0,0.0,0.3023485839366913
O43791,Q9UMX1,0.0,0.6530103087425232
O43791,Q9Y4K3,0.0,0.4946001172065735
O43791,Q9UPQ7,0.0,0.7710545659065247
O43791,O43255,0.0,0.21084965765476227
Q8IUQ4,Q9H422,0.0,0.7697199583053589
Q8IUQ4,Q9UHX1,0.0,0.44759953022003174
Q8IUQ4,Q9Y297,0.0,0.579779863357544
Q8IUQ4,P06748,0.0,0.5600255131721497
Q8IUQ4,P48556,0.0,0.3792940676212311
Q8IUQ4,Q9BQP7,0.0,0.48230937123298645
Q8IUQ4,Q99653,0.0,0.144143208861351
Q8IUQ4,P49913,0.0,0.26129019260406494
O43255,Q9BYW2,0.0,0.6378569006919861
O43255,Q16236,0.0,0.7728074193000793
O43255,Q9Y6X2,0.0,0.5872552990913391
O43255,O95279,0.0,0.5853201150894165
O43255,Q92993,0.0,0.38222917914390564
O43255,Q9P0P0,0.0,0.11725401133298874
O43255,Q15369,0.0,0.08374259620904922
Q9HAU4,Q8IXM3,0.0,0.2872738838195801
Q9HAU4,Q8NCP5,0.0,0.3667142689228058
Q9HAU4,Q08170,0.0,0.20739306509494781
Q9HAU4,P26641,0.0,0.1402706354856491
Q9HAU4,P10600,0.0,0.29649198055267334
Q9HAU4,Q3LFD5,0.0,0.2475210726261139
Q9Y4K3,Q9NR28,0.0,0.414156973361969
Q9Y4K3,P61081,0.0,0.2073318362236023
Q9Y4K3,P52564,0.0,0.39715221524238586
Q9Y4K3,P51149,0.0,0.26931843161582947
Q9Y4K3,P49411,0.0,0.2539682388305664
Q9Y4K3,P55209,0.0,0.176531121134758
Q9UKB1,Q96CW5,0.0,0.21878762543201447
Q9UKB1,Q9Y4X5,0.0,0.11404185742139816
Q9UKB1,Q16236,0.0,0.8390272855758667
Q9UKB1,Q9C0D5,0.0,0.6750838160514832
Q9UKB1,P53350,0.0,0.33291205763816833
Q9UKB1,Q9UK97,0.0,0.16332536935806274
Q05086,O15126,0.0,0.7728279232978821
Q05086,P46019,0.0,0.5222030282020569
Q05086,Q9H6J7,0.0,0.6430143117904663
Q05086,O14599,0.0,0.24229103326797485
Q05086,Q6ULP2,0.0,0.8804311752319336
Q05086,P54252,0.0,0.8007799386978149
Q9H0M0,P51795,0.0,0.27479028701782227
Q9H0M0,P22314,0.0,0.20231156051158905
Q9H0M0,P22607,0.0,0.5734291672706604
Q9H0M0,Q96CP2,0.0,0.26519665122032166
Q9H0M0,P11474,0.0,0.5289466381072998
P98170,Q9HC29,0.0,0.359374076128006
P98170,Q8WVN8,0.0,0.28802844882011414
P98170,Q13873,0.0,0.478996604681015
P98170,P01112,0.0,0.3745972514152527
P98170,Q9UBR2,0.0,0.22100557386875153
Q13490,P54826,0.0,0.2448718398809433
Q13490,Q16763,0.0,0.2433384358882904
Q13490,Q07817,0.0,0.3795703649520874
Q13490,P03372,0.0,0.5557032227516174
Q13490,P21580,0.0,0.42286959290504456
P38398,O60674,0.0,0.3118547797203064
P38398,O60684,0.0,0.3437369167804718
P38398,P24385,0.0,0.22952288389205933
P38398,Q14683,0.0,0.24066688120365143
P38398,P52630,0.0,0.2347949892282486
Q8NHY2,Q6ZVZ8,0.0,0.3335629403591156
Q8NHY2,P49593,0.0,0.3031597435474396
Q8NHY2,Q9Y4G6,0.0,0.6216114163398743
Q8NHY2,P25786,0.0,0.149382546544075
Q86TM6,O00124,0.0,0.3037777245044708
Q86TM6,Q93009,0.0,0.17423106729984283
Q86TM6,P25685,0.0,0.08759289234876633
Q86TM6,P78317,0.0,0.1833914816379547
Q86TM6,P28072,0.0,0.2385130226612091
O76064,Q13416,0.0,0.4368340075016022
O76064,Q5BJH7,0.0,0.19367225468158722
O76064,P61956,0.0,0.7490090727806091
O76064,O75150,0.0,0.6902300715446472
Q13489,Q05195,0.0,0.4995594322681427
Q13489,P15170,0.0,0.32640889286994934
Q13489,Q04323,0.0,0.2184893786907196
Q13489,Q93008,0.0,0.3465457856655121
P40337,Q9P031,0.0,0.38673675060272217
P40337,Q9BRT2,0.0,0.1736035794019699
P40337,Q969H8,0.0,0.21413953602313995
P40337,P20340,0.0,0.25521916151046753
Q5T0T0,Q6AI39,0.0,0.3169002830982208
Q5T0T0,P21802,0.0,0.6358823776245117
Q5T0T0,A0A0B4J235,0.0,0.9215570092201233
Q5T0T0,O75899,0.0,0.4767361283302307
Q13049,P31947,0.0,0.16440904140472412
Q13049,Q9NPJ1,0.0,0.23576687276363373
Q13049,P68543,0.0,0.44719189405441284
Q86YJ5,Q9C029,0.0,0.3116350471973419
Q86YJ5,P51965,0.0,0.20923848450183868
Q86YJ5,Q86UV6,0.0,0.19113191962242126
P19474,Q9HCK5,0.0,0.19259384274482727
P19474,Q13616,0.0,0.1994912028312683
P19474,P07202,0.0,0.555194616317749
P19474,Q14765,0.0,0.6118823885917664
P35226,Q8IXK0,0.0,0.06931017339229584
P35226,P35226,0.0,0.06041772663593292
P35226,P02533,0.0,0.08894383907318115
Q12834,Q5T280,0.0,0.16633912920951843
Q12834,Q00987,0.0,0.5488532781600952
Q12834,Q8NA23,0.0,0.3442394733428955
O00308,P50552,0.0,0.36055147647857666
O00308,Q15366,0.0,0.3420298099517822
O00308,Q15365,0.0,0.3443603813648224
Q9NZJ0,P43246,0.0,0.11569186300039291
Q9NZJ0,Q8NBT0,0.0,0.2272128164768219
Q9NZJ0,Q13309,0.0,0.2751409411430359
Q9NVW2,Q15036,0.0,0.5604562163352966
Q9NVW2,Q96LR5,0.0,0.2587909996509552
Q9NVW2,Q96EC8,0.0,0.4597618579864502
Q969Q1,P17661,0.0,0.31523239612579346
Q969Q1,Q8IXM3,0.0,0.4612205922603607
Q969Q1,P26641,0.0,0.27514153718948364
Q8TBB1,Q15645,0.0,0.21692915260791779
Q8TBB1,P46531,0.0,0.5645328164100647
Q8TBB1,P04637,0.0,0.7070112228393555
Q96PM5,Q13162,0.0,0.1945059597492218
Q96PM5,P08709,0.0,0.2319071888923645
Q96PM5,Q9Y385,0.0,0.24159395694732666
Q86YT6,Q86UV5,0.0,0.3638652563095093
Q86YT6,Q06330,0.0,0.3200078308582306
Q8NEZ5,Q9H0C8,0.0,0.337371826171875
Q8NEZ5,P15586,0.0,0.1875092089176178
Q8NEZ5,Q08378,0.0,0.3899305462837219
Q14258,P18074,0.0,0.16945277154445648
Q14258,Q96EP0,0.0,0.4281265139579773
Q14258,Q13283,0.0,0.39197438955307007
Q12933,P04350,0.0,0.07731827348470688
Q12933,O14836,0.0,0.23755525052547455
Q969P5,P01308,0.0,0.18068751692771912
Q969P5,P13349,0.0,0.819157063961029
Q969P5,Q53RE8,0.0,0.20479966700077057
Q9UKV5,P11021,0.0,0.41801491379737854
Q9UKV5,Q00973,0.0,0.37320348620414734
P78317,P20226,0.0,0.275521844625473
P78317,Q96LR5,0.0,0.24007262289524078
P78317,Q96EP0,0.0,0.2735585868358612
Q9NX47,O94941,0.0,0.33471161127090454
Q9NX47,P27824,0.0,0.7888652682304382
Q96EP1,O60885,0.0,0.4060787856578827
Q96EP1,Q86YJ5,0.0,0.3021685481071472
Q13191,Q9ULH1,0.0,0.4748157560825348
Q13191,P46109,0.0,0.35951709747314453
Q13191,Q9Y5K6,0.0,0.528124213218689
Q99496,P51965,0.0,0.27748721837997437
Q99496,Q969T4,0.0,0.29590657353401184
Q9H4P4,O60925,0.0,0.14284713566303253
Q9H4P4,O14641,0.0,0.44765257835388184
Q9NTX7,P62256,0.0,0.27669230103492737
Q9NTX7,Q7Z3E1,0.0,0.539768397808075
Q9BYM8,Q8N9V2,0.0,0.2922011613845825
Q9BYM8,Q99504,0.0,0.32901477813720703
Q9BYM8,O15041,0.0,0.2474164366722107
Q8TCQ1,Q8NGX0,0.0,0.21444246172904968
Q8TCQ1,P06213,0.0,0.4896739721298218
Q96F44,Q16670,0.0,0.5240293741226196
Q96F44,Q13501,0.0,0.5427320003509521
Q9Y4B6,P15918,0.0,0.5618152022361755
Q9Y4B6,Q96BY2,0.0,0.6973267197608948
Q8IYW5,P60510,0.0,0.10880453884601593
Q8IYW5,Q6PCD5,0.0,0.1596796065568924
Q96EP0,Q9UK80,0.0,0.41460275650024414
Q92844,Q969V5,0.0,0.05921795591711998
Q92844,Q9Y6K9,0.0,0.055430617183446884
Q9UKC9,O75015,0.0,0.5568139553070068
Q9UKC9,Q9BZY9,0.0,0.5661782622337341
Q8WZ73,Q9NXW2,0.0,0.06293446570634842
Q8WZ73,P31942,0.0,0.06693651527166367
P0C2W1,P55060,0.0,0.04981574788689613
Q9UHC7,Q8N5U6,0.0,0.3540598452091217
Q9UHC7,O43567,0.0,0.18510782718658447
Q96FA3,Q8TBE1,0.0,0.15336163341999054
Q14145,Q9NX00,0.0,0.1342611163854599
Q14145,P04040,0.0,0.12551601231098175
Q99942,Q9BUN8,0.0,0.14476364850997925
Q99942,P54252,0.0,0.36924460530281067
Q96EQ8,Q14142,0.0,0.31795912981033325
Q53G59,Q9H190,0.0,0.43884867429733276
Q53G59,P04843,0.0,0.14579348266124725
Q6ZNA4,Q6UWE0,0.0,0.2451101839542389
Q96AX9,Q5VVX9,0.0,0.2784664034843445
Q96AX9,Q9UHQ4,0.0,0.23107358813285828
Q8IYU2,Q68DA7,0.0,0.4230417311191559
O60858,Q13501,0.0,0.43892359733581543
O60858,Q07960,0.0,0.3289179503917694
Q5XUX0,Q6PJ61,0.0,0.2431686967611313
P29372,P20142,0.0,0.0735582560300827
Q9UK22,O75106,0.0,0.24241718649864197
Q9UK22,P41002,0.0,0.6187703609466553
P10523,Q9HAP2,0.0,0.5107995271682739
Q9BV68,O60337,0.0,0.15387609601020813
Q9BV68,Q96PU5,0.0,0.33203208446502686
O43663,P62826,0.0,0.11101225018501282
Q9Y2M5,Q9Y4K3,0.0,0.3023655414581299
O15524,P09603,0.0,0.15915055572986603
O15524,P10912,0.0,0.24916943907737732
Q7Z6J0,Q9H0H5,0.0,0.31607937812805176
Q8NG27,Q14807,0.0,0.5722878575325012
Q8NG27,Q8TBB1,0.0,0.46476656198501587
Q969V5,P63165,0.0,0.23832255601882935
Q9NRD1,Q969H0,0.0,0.6714639663696289
Q8TEB7,P60033,0.0,0.08522610366344452
Q8TEB7,Q7L591,0.0,0.2530946731567383
Q9Y252,P05091,0.0,0.1959584653377533
O43164,Q96CS3,0.0,0.18920521438121796
O43164,O94888,0.0,0.3199763596057892
Q7L5Y6,P07199,0.0,0.15962135791778564
Q969K3,Q8NFZ4,0.0,0.21606513857841492
P49427,Q9Y385,0.0,0.25072091817855835
Q5XPI4,P33240,0.0,0.17716185748577118
Q5XPI4,Q9UHD8,0.0,0.2634941637516022
Q96SW2,Q9NYL4,0.0,0.15930423140525818
Q5T447,Q14997,0.0,0.060567498207092285
P14373,O43593,0.0,0.4986546039581299
Q9H2C0,P31947,0.0,0.08830548822879791
Q9NWF9,O60602,0.0,0.20770931243896484
Q9NWF9,Q9Y616,0.0,0.1500367522239685
Q9UKA1,Q9H1K6,0.0,0.25328168272972107
Q8N3Y1,O14737,0.0,0.1737552434206009
Q9Y4L5,Q9H201,0.0,0.37399423122406006
O15344,Q969T4,0.0,0.17195414006710052
Q96PU4,P04637,0.0,0.6168984174728394
Q8WVD3,Q96B02,0.0,0.12426573038101196
O95155,P18146,0.0,0.6168926954269409
O95198,Q9UBV8,0.0,0.29547154903411865
Q9NXK8,Q9H611,0.0,0.33889567852020264
Q13114,O15399,0.0,0.17111745476722717
Q9BUZ4,P80192,0.0,0.4429452121257782
Q92466,Q16777,0.0,0.34350675344467163
Q9Y3I1,Q7Z6E9,0.0,0.27603834867477417
Q9NS91,Q14527,0.0,0.3564864993095398
O14543,Q16659,0.0,0.14577625691890717
Q969U6,Q92567,0.0,0.4373258948326111
P62877,O60662,0.0,0.099467933177948
Q96T88,P61956,0.0,0.36049050092697144
Q8WV44,Q7Z569,0.0,0.24643291532993317
Q8N1E6,Q13616,0.0,0.08984120190143585
Q9UKT5,Q15843,0.0,0.05420171096920967
Q86XK2,Q16254,0.0,0.417973130941391
Q9NV58,P08047,0.0,0.3513161540031433
Q13233,P04049,0.0,0.18297459185123444
Q9P0N8,O00311,0.0,0.4226703345775604
P11142,Q15653,0.0,0.04734409227967262
Q96RE9,Q00653,0.0,0.05128137022256851
Q6P9A1,Q9UKT4,0.0,0.08439423143863678
Q8IWQ3,P30291,0.0,0.057866163551807404
Q9NS56,Q53EL6,0.0,0.2168068140745163
P68543,P55036,0.0,0.08634407073259354
P46782,Q00987,0.0,0.08622553944587708
Q9BR61,Q8NF37,0.0,0.08840963244438171
Q8N668,Q76N32,0.0,0.049556177109479904
Q92847,P10912,0.0,0.04970273748040199
P51531,P35226,0.0,0.04417252540588379
Q02809,P02751,0.0,0.035557232797145844
O14757,Q15717,0.0,0.03913998603820801
P61224,P12830,0.0,0.03810464218258858
Q06830,Q14494,0.0,0.05283810570836067
Q9BYJ4,Q10589,0.0,0.5102142691612244
Q9UPW6,P42574,0.0,0.06829211860895157
P01732,P15260,0.0,0.04278339818120003
Q13705,Q8N907,0.0,0.036816876381635666
Q14CB8,Q13009,0.0,0.13030114769935608
Q8WTS1,Q92538,0.0,0.06322667747735977
O15397,P02786,0.0,0.057965073734521866
P48431,Q15797,0.0,0.03703424334526062
P56704,O95947,0.0,0.023298125714063644
Q09472,Q9UMX0,0.0,0.04737009108066559
Q7L9L4,Q9P270,0.0,0.04138670489192009
Q9BSB4,Q9H6K1,0.0,0.07439854741096497
Q9NWH9,Q8N8V4,0.0,0.04893288388848305
Q9Y4K3,O76080,0.0,0.3060634136199951
O43597,Q8N0X7,0.0,0.028621690347790718
Q8IWZ3,Q96C92,0.0,0.04982287436723709
Q4G0A6,Q9H8M7,0.0,0.038556359708309174
Q9UPY6,Q15642,0.0,0.03191119804978371
Q8NE79,Q9BSL1,0.0,0.032194413244724274
Q9NXV2,Q7KZI7,0.0,0.06997209042310715
P23458,P07332,0.0,0.0647297129034996
Q12933,Q15750,0.0,0.19450294971466064
O60291,Q9BZV1,0.0,0.09041670709848404
Q8WUZ0,Q5BJF6,0.0,0.03702528402209282
Q96Q07,Q9UKE5,0.0,0.1305367648601532
O95229,Q15726,0.0,0.03662354126572609
P41240,P60484,0.0,0.05626014992594719
Q9UID3,P43405,0.0,0.05721442028880119
Q9NR28,O95999,0.0,0.05729781463742256
P09629,P46531,0.0,0.044445302337408066
Q8NAX2,O75113,0.0,0.052938904613256454
Q96SR6,P07550,0.0,0.05652918294072151
Q8N8Y5,Q5MJ70,0.0,0.04613097757101059
Q9UBP4,P17302,0.0,0.03770693764090538
Q9Y261,Q01959,0.0,0.03714951500296593
P35222,Q9UKG1,0.0,0.04289032146334648
P11234,Q6PJG6,0.0,0.03086344711482525
P30153,P31751,0.0,0.05601408705115318
P11137,O15399,0.0,0.036823149770498276
Q92750,P01111,0.0,0.04297661408782005
Q8NI35,Q9H4B6,0.0,0.09098891913890839
Q9Y237,P25116,0.0,0.03115319088101387
P25445,Q13501,0.0,0.08575455844402313
P05019,P98170,0.0,0.021511387079954147
O94907,O75473,0.0,0.026997825130820274
Q8N668,O15431,0.0,0.04737452045083046
P36406,Q99933,0.0,0.40693047642707825
P11474,P29474,0.0,0.041799452155828476
O15524,Q9UM73,0.0,0.20144999027252197
Q92604,Q86WG3,0.0,0.05048056319355965
A6NE01,O00141,0.0,0.04702816531062126
Q9UIK4,P53355,0.0,0.09166104346513748
Q9UJY1,P37840,0.0,0.05122996121644974
Q9NYZ1,Q5S007,0.0,0.030707281082868576
Q07157,Q01196,0.0,0.05478470027446747
P19438,Q16665,0.0,0.07130313664674759
Q6IPR1,Q9Y697,0.0,0.05113765969872475
O75626,P60321,0.0,0.05458975210785866
Q9NRA8,Q8WY41,0.0,0.045808859169483185
Q969U7,Q00613,0.0,0.04846857488155365
P05067,P54252,0.0,0.043575067073106766
A0A0C4DH31,O75460,0.0,0.060694701969623566
Q9UI12,O15079,0.0,0.04171723499894142
Q8IZI9,Q7Z434,0.0,0.03325158357620239
P16104,Q16665,0.0,0.051006294786930084
Q8NH48,P49407,0.0,0.036454133689403534
O15524,P08069,0.0,0.20266221463680267
O60907,Q16778,0.0,0.05275752767920494
Q8NGF9,P25098,0.0,0.03466362506151199
P40933,P14316,0.0,0.038393665105104446
Q9P1Y5,Q08499,0.0,0.04416358843445778
P99999,P18847,0.0,0.06812949478626251
O00151,O15273,0.0,0.036452293395996094
P51800,P41181,0.0,0.04735339805483818
P01116,O95863,0.0,0.040513213723897934
P13631,Q15466,0.0,0.051994819194078445
O15240,P24522,0.0,0.04169144481420517
P22736,P46695,0.0,0.04234663397073746
Q12888,P35637,0.0,0.06753361225128174
P63104,P49137,0.0,0.06069903075695038
Q9Y316,P00533,0.0,0.11661556363105774
Q9NWZ3,O95999,0.0,0.05624104291200638
Q04118,Q16630,0.0,0.030989328399300575
Q08AI8,Q96J02,0.0,0.06360417604446411
P13501,Q7Z434,0.0,0.028811512514948845
Q96E93,P20963,0.0,0.05134567990899086
Q09472,O15519,0.0,0.05225302651524544
Q9BUP3,Q9Y371,0.0,0.08987745642662048
P42574,Q13546,0.0,0.10435986518859863
P78356,Q9BTU6,0.0,0.08440250158309937
P28300,Q12778,0.0,0.050620075315237045
Q13485,O43294,0.0,0.14092136919498444
Q96QH2,P15056,0.0,0.03464048355817795
Q09472,Q9H211,0.0,0.043569065630435944
Q13351,Q99607,0.0,0.03437042981386185
Q9UI36,Q08999,0.0,0.04445250704884529
Q96PN6,P50616,0.0,0.06212042644619942
Q14134,P04637,0.0,0.16442939639091492
Q08050,O00233,0.0,0.03943512961268425
P55201,P31751,0.0,0.04394743964076042
Q9UBT6,O60934,0.0,0.10413476079702377
Q15021,P20248,0.0,0.04150284826755524
Q96DB2,P38398,0.0,0.2091819941997528
Q9UK73,Q99801,0.0,0.1691461205482483
O60291,Q8WWM9,0.0,0.08358953893184662
P38936,P49715,0.0,0.08071807771921158
Q15465,P12931,0.0,0.11221026629209518
Q9HAB8,P43405,0.0,0.0480683296918869
P51681,P09769,0.0,0.031060101464390755
P20827,P17948,0.0,0.028385449200868607
O95428,P48736,0.0,0.05360197648406029
Q13191,Q14155,0.0,0.5448248386383057
P40238,P04085,0.0,0.035011887550354004
Q13485,P22607,0.0,0.16855548322200775
P51813,P29322,0.0,0.05300121754407883
Q49AJ0,P42229,0.0,0.09123540669679642
P33681,P06127,0.0,0.04352974891662598
P08700,P27986,0.0,0.03882366418838501
P00395,P49768,0.0,0.061402931809425354
Q9Y4K3,Q13490,0.0,0.5245881676673889
P78504,O96020,0.0,0.07019499689340591
Q8TB22,Q71F56,0.0,0.10014580935239792
Q92793,Q9Y2Y9,0.0,0.044458504766225815
Q9NZR4,P11388,0.0,0.06838414072990417
P06858,P49716,0.0,0.12214630842208862
P08133,Q07820,0.0,0.06782707571983337
P78549,Q49AN0,0.0,0.07350889593362808
Q4V328,Q15233,0.0,0.031631048768758774
Q15672,Q13950,0.0,0.15308769047260284
Q13469,Q9H0K1,0.0,0.05603210628032684
Q92930,Q9Y6H5,0.0,0.04623467102646828
Q8WXE1,P24864,0.0,0.07472044229507446
O14936,P21860,0.0,0.05175989493727684
P01106,P53667,0.0,0.029110802337527275
Q7L5N1,P55036,0.0,0.04357096925377846
P30405,Q8IWA4,0.0,0.05223749950528145
Q06587,P54252,0.0,0.36500585079193115
P16871,Q07812,0.0,0.039970628917217255
Q8IWV8,Q9UNN5,0.0,0.06332995742559433
P33316,P14635,0.0,0.11041963845491409
P26367,Q96QK1,0.0,0.05770692229270935
P04792,Q07817,0.0,0.13886314630508423
Q13554,Q99250,0.0,0.05821122229099274
P13569,P51170,0.0,0.1030973568558693
P43026,P37173,0.0,0.04345303401350975
P46059,Q96QD8,0.0,0.04805704206228256
Q9Y6X5,Q07912,0.0,0.07250893861055374
P30518,O14964,0.0,0.06782496720552444
Q8WY36,Q6PJG6,0.0,0.0330875925719738
P63244,Q96D31,0.0,0.06434086710214615
P48065,Q6UUV7,0.0,0.046134162694215775
Q92820,P33527,0.0,0.04555356875061989
Q5VTD9,O15527,0.0,0.03955879434943199
Q8TEW0,P53350,0.0,0.07131770998239517
Q49AM3,P04183,0.0,0.040575504302978516
Q9UHB6,Q9NQW6,0.0,0.030914586037397385
P22004,Q02363,0.0,0.03962737321853638
Q9NYZ2,Q9BXS6,0.0,0.0493469163775444
P23443,P14635,0.0,0.05247187986969948
Q12933,P45984,0.0,0.3088509738445282
P0DP71,Q15004,0.0,0.03375015780329704
P51946,O00716,0.0,0.23937714099884033
Q9UHF5,O60566,0.0,0.03966192528605461
Q8N2R0,P23760,0.0,0.036275044083595276
Q06587,P35226,0.0,0.08049934357404709
O00175,P10070,0.0,0.03997509554028511
P51812,Q16828,0.0,0.04754840210080147
P11310,Q49A26,0.0,0.0626915693283081
Q92665,Q12834,0.0,0.04447914659976959
Q9UBU8,Q15059,0.0,0.05160520225763321
Q86WJ1,P24864,0.0,0.10115769505500793
P67809,Q12906,0.0,0.07818250358104706
P05106,P43146,0.0,0.059668999165296555
O75970,P35222,0.0,0.11432033032178879
Q8WYK1,O75525,0.0,0.07452557981014252
P49721,P49757,0.0,0.03442049026489258
Q13616,Q9HB71,0.0,0.04585638269782066
Q86XF7,O00472,0.0,0.04552815482020378
Q9UNX9,Q6IE81,0.0,0.06197049468755722
P51511,Q9Y243,0.0,0.06856385618448257
Q92769,Q12933,0.0,0.04909582808613777
Q8IYA6,Q9Y6H5,0.0,0.0440751388669014
Q09472,O15379,0.0,0.04317831993103027
A0A1W2PPL8,Q9P212,0.0,0.06611187011003494
P40337,O43597,0.0,0.5209684371948242
Q09472,Q13625,0.0,0.048978041857481
P59282,Q9BQF6,0.0,0.039657749235630035
P62837,Q9Y3C5,0.0,0.06897353380918503
Q14596,Q9HCE7,0.0,0.0628400593996048
P01732,P00533,0.0,0.040719226002693176
P78367,Q13950,0.0,0.0414525605738163
Q9Y5W5,Q9Y297,0.0,0.0495440848171711
O60566,Q15910,0.0,0.07342453300952911
Q6R327,P34932,0.0,0.05068815499544144
O95425,Q13352,0.0,0.09649281948804855
P42224,Q13568,0.0,0.06231270357966423
Q15119,P31751,0.0,0.043075792491436005
Q16665,Q9BXM7,0.0,0.06473682820796967
Q6X4U4,P35222,0.0,0.030252598226070404
Q12933,O15111,0.0,0.26398274302482605
Q12933,P17181,0.0,0.4642442762851715
O96017,O00444,0.0,0.21859246492385864
Q6NSX1,Q13127,0.0,0.08940121531486511
Q5U3C3,Q8IYD8,0.0,0.06893768161535263
Q9UQE7,O14503,0.0,0.05034787580370903
Q16763,P33993,0.0,0.035997357219457626
Q9BUH8,Q12959,0.0,0.034349989145994186
Q9UBC2,P26045,0.0,0.04074690118432045
Q8WWK9,P46527,0.0,0.04096051678061485
P16455,P54727,0.0,0.081041619181633
P54727,Q8WTU0,0.0,0.1295977383852005
P48431,P37173,0.0,0.04091872647404671
Q9NPC8,Q13950,0.0,0.04858669266104698
Q9BXS5,P42566,0.0,0.0606561042368412
Q8NHZ8,O95835,0.0,0.047545015811920166
Q8N108,P00533,0.0,0.10696841031312943
P04053,Q9NR28,0.0,0.06786224246025085
P04179,O14618,0.0,0.04788553714752197
Q01201,P60484,0.0,0.10029499232769012
O96017,Q14790,0.0,0.3119591772556305
P02778,O43353,0.0,0.03666767477989197
P21580,Q12933,0.0,0.03740139678120613
Q96PQ0,Q9Y6D9,0.0,0.05571042746305466
Q12933,Q9Y572,0.0,0.3283800780773163
Q15257,P42574,0.0,0.04364076256752014
Q99942,Q14164,0.0,0.3442455232143402
Q53HL2,P16104,0.0,0.06707365065813065
Q9H063,P24928,0.0,0.05167698115110397
Q9Y618,Q13133,0.0,0.03794095665216446
Q8IV61,P30307,0.0,0.05538472160696983
P41225,P14859,0.0,0.04811966419219971
Q8NDX5,Q13330,0.0,0.03922875225543976
P98177,Q53ET0,0.0,0.03311308100819588
P55283,P35222,0.0,0.0416470542550087
P17302,P48431,0.0,0.05613803118467331
P56937,P04035,0.0,0.11147087812423706
Q00765,O00141,0.0,0.022794276475906372
Q92521,O75460,0.0,0.04652499407529831
P43004,P31645,0.0,0.03717172145843506
P46597,O00327,0.0,0.21336086094379425
Q13485,Q96FW1,0.0,0.08834879845380783
P17643,O76064,0.0,0.10890492051839828
Q15554,Q9HCU8,0.0,0.049669358879327774
P05549,P35222,0.0,0.047424763441085815
P10747,O95999,0.0,0.0539218969643116
O95817,Q13489,0.0,0.15287448465824127
Q9H0M0,O43353,0.0,0.5210934281349182
Q13077,Q92844,0.0,0.0893862172961235
Q16790,Q9Y2N7,0.0,0.04557995870709419
Q13873,Q9Y2K6,0.0,0.04428030177950859
Q712K3,Q13309,0.0,0.41771942377090454
P01112,P37231,0.0,0.039545051753520966
Q8TAF8,P79483,0.0,0.027261171489953995
P61006,P08195,0.0,0.04084666818380356
P28065,P04233,0.0,0.06998202204704285
Q495A1,Q9NZQ7,0.0,0.0970461368560791
Q8WWL2,Q9H9R9,0.0,0.14419721066951752
Q00978,Q86WV6,0.0,0.0514928437769413
Q15025,Q12933,0.0,0.045680880546569824
Q86YV5,P01909,0.0,0.06558112055063248
P15151,Q13291,0.0,0.04078276827931404
P20138,P31994,0.0,0.05582097917795181
Q12933,P46527,0.0,0.27546465396881104
Q16531,Q9C035,0.0,0.06155659630894661
Q96GD3,O95863,0.0,0.1905304491519928
Q9NR28,P38936,0.0,0.05492458865046501
Q8WVM7,Q99878,0.0,0.06737381219863892
P29590,P20671,0.0,0.18246226012706757
Q9UQ10,Q6FI13,0.0,0.07094369828701019
A6NNW6,P51955,0.0,0.044125162065029144
Q96PU4,Q07820,0.0,0.46348005533218384
O14627,Q9Y2T1,0.0,0.03888647258281708
Q9Y450,Q9P2A4,0.0,0.05803387239575386
Q2VWA4,P84022,0.0,0.06062338501214981
P54368,O15350,0.0,0.1153811439871788
Q9UKI8,Q9H211,0.0,0.03695875406265259
P07992,O14757,0.0,0.03089541383087635
Q9BZC7,Q16526,0.0,0.04778343066573143
O75914,P53667,0.0,0.046543367207050323
Q92922,Q00987,0.0,0.06678515672683716
Q9C0B0,Q9NVW2,0.0,0.07175836712121964
P48788,Q14324,0.0,0.03193868324160576
P20807,P05976,0.0,0.05042180418968201
Q9UNA0,P25963,0.0,0.07605548948049545
Q8N554,Q96BR9,0.0,0.0766182616353035
Q13255,P41595,0.0,0.03915971890091896
P36382,Q9UKL4,0.0,0.03146480768918991
P30279,P46527,0.0,0.04764271900057793
O43543,Q9Y253,0.0,0.11054722219705582
Q9ULM6,Q15717,0.0,0.04021638259291649
P42574,P53355,0.0,0.06841708719730377
Q8NDI1,O15078,0.0,0.03769630566239357
Q9BQC3,O75164,0.0,0.04674162343144417
P62913,Q00987,0.0,0.039281632751226425
P49590,O14867,0.0,0.03845074772834778
Q8NBP0,O95786,0.0,0.05670160800218582
Q8IUE6,Q13330,0.0,0.04873146116733551
P25445,Q9Y572,0.0,0.10049206763505936
Q9ULV5,Q15759,0.0,0.041553862392902374
Q13085,O95147,0.0,0.058287784457206726
Q14814,P15172,0.0,0.04776640236377716
Q2VIR3,O00303,0.0,0.02591477334499359
P04004,O43474,0.0,0.04074786975979805
O75396,P01009,0.0,0.04029184952378273
P51965,O95140,0.0,0.05311953276395798
P33993,P78317,0.0,0.07459808140993118
P29084,P08047,0.0,0.032948087900877
Q7RTP0,Q99708,0.0,0.05917149782180786
Q09472,P33076,0.0,0.047811489552259445
Q14790,Q7Z434,0.0,0.06294907629489899
Q9BXR5,Q96EP1,0.0,0.0859455093741417
Q96QT4,Q12824,0.0,0.048183802515268326
P14618,P00533,0.0,0.0562378391623497
Q6UXB2,P43405,0.0,0.03726724535226822
P15248,P16234,0.0,0.044518373906612396
P23025,Q16777,0.0,0.24173280596733093
P00338,P23921,0.0,0.03648911416530609
Q99436,O60260,0.0,0.038410428911447525
P62979,Q14653,0.0,0.5922059416770935
Q15583,O15169,0.0,0.04727846384048462
P38398,P18887,0.0,0.2103700339794159
P08574,P48200,0.0,0.03603476658463478
Q8N2W9,Q14653,0.0,0.06836583465337753
O14745,P17252,0.0,0.11612124741077423
O75791,Q30154,0.0,0.06590069830417633
Q6EBC2,P01730,0.0,0.0412939079105854
O75764,Q96RN5,0.0,0.0451434925198555
Q15629,P03372,0.0,0.029904764145612717
Q8N1A0,Q7L590,0.0,0.04687698930501938
P40227,P30153,0.0,0.06805094331502914
P28070,P16104,0.0,0.06290401518344879
Q14644,P08134,0.0,0.05340573936700821
P49366,Q14258,0.0,0.05607391148805618
Q13158,Q8IUC6,0.0,0.06056495010852814
Q02779,Q15759,0.0,0.050018325448036194
Q8WWI5,P49585,0.0,0.03260460123419762
Q9H6R0,Q96P20,0.0,0.06668876856565475
O15519,Q92851,0.0,0.2039394974708557
Q8N9N7,P13569,0.0,0.10845700651407242
P60763,O95863,0.0,0.03560303524136543
Q9NQZ8,Q7Z7B0,0.0,0.04543748497962952
Q9BVS4,P46783,0.0,0.05716259405016899
Q14164,Q13114,0.0,0.1002884954214096
Q9NS37,Q16236,0.0,0.18198782205581665
P33176,Q13501,0.0,0.047263797372579575
Q13114,Q86WV6,0.0,0.19096197187900543
O43353,Q14653,0.0,0.10606329888105392
Q99836,Q7Z434,0.0,0.055936772376298904
Q92993,P14635,0.0,0.04904254898428917
Q96ST3,Q92945,0.0,0.05548116937279701
A6ND36,Q15796,0.0,0.03479188680648804
Q9NPR2,Q9NR61,0.0,0.07013745605945587
Q15366,Q9UHD2,0.0,0.02622649073600769
Q5VZE5,Q8NBJ4,0.0,0.039004407823085785
P18031,P31751,0.0,0.042785175144672394
Q96K19,O60858,0.0,0.6252198219299316
Q9H9S4,P52564,0.0,0.04033057019114494
O95772,P67775,0.0,0.07295430451631546
P07357,P02765,0.0,0.055734045803546906
Q9P1W8,P78324,0.0,0.10915742069482803
P20702,P25963,0.0,0.15208874642848969
P31785,P61073,0.0,0.05126116797327995
Q16082,P60484,0.0,0.2350289523601532
Q9Y294,Q96QV6,0.0,0.08974526822566986
Q8N1N2,O15085,0.0,0.019351141527295113
Q05940,P15498,0.0,0.03237388655543327
P11362,Q9Y4H2,0.0,0.0424826443195343
P35968,Q9UBP5,0.0,0.05394696444272995
P39748,Q15910,0.0,0.05387311801314354
Q9UJU5,Q6PJQ5,0.0,0.041816867887973785
P09211,O15350,0.0,0.12779895961284637
Q504Y3,O75882,0.0,0.07886555790901184
P22694,P52566,0.0,0.04267211630940437
Q9NYJ7,P16070,0.0,0.09209451824426651
Q9UM47,Q04726,0.0,0.05393132194876671
Q9BSF0,P10644,0.0,0.06338655203580856
P05015,Q8IVT5,0.0,0.02784057706594467
P10644,P04637,0.0,0.07740091532468796
Q86YL7,P04637,0.0,0.022731931880116463
Q96B36,P46527,0.0,0.04537634924054146
Q13616,P46527,0.0,0.05269921198487282
Q9H2H0,O14641,0.0,0.03463484346866608
O14746,Q9H3D4,0.0,0.17926524579524994
P30101,Q14790,0.0,0.0669541135430336
P14679,P60484,0.0,0.10133908689022064
Q9UL18,P46821,0.0,0.10450208187103271
O95786,Q9NWF9,0.0,0.06862500309944153
Q86UT6,Q9NR97,0.0,0.10437127202749252
O00472,Q9BQ15,0.0,0.05019403621554375
Q14767,Q9BQQ3,0.0,0.06349582970142365
P46108,P36888,0.0,0.12433836609125137
Q9Y4K3,P62714,0.0,0.2323988676071167
Q15404,Q8WW12,0.0,0.060044027864933014
Q8IYR0,Q8WVD3,0.0,0.042542386800050735
Q8NB59,P54252,0.0,0.10095628350973129
Q9Y3S1,Q9H4A3,0.0,0.060619670897722244
P23759,P49918,0.0,0.05200687795877457
O75159,Q99558,0.0,0.0981682762503624
Q9UMW8,Q9HAU4,0.0,0.15980197489261627
Q9Y4F4,Q01831,0.0,0.05088329687714577
P22695,Q15398,0.0,0.11173859983682632
Q14527,Q9NS91,0.0,0.3816682696342468
P01375,Q9Y286,0.0,0.04628174379467964
P42345,P49815,0.0,0.1483561396598816
P99999,P23443,0.0,0.07552885264158249
O15347,P68431,0.0,0.036986418068408966
Q6UWT4,P05771,0.0,0.05135786533355713
Q9Y2T1,Q16828,0.0,0.04005854204297066
Q14192,P24385,0.0,0.04729266092181206
O14746,P04637,0.0,0.19784893095493317
Q01814,P41180,0.0,0.05049809440970421
P14649,P27361,0.0,0.03158460557460785
P51686,P42081,0.0,0.03546314686536789
