E3,Substrate,label,RF
Q9Y297,P25963,1.0,0.5330658555519256
Q9Y297,O00221,1.0,0.5039316089569205
Q9Y297,P01730,1.0,0.424486175759158
Q9Y297,P30304,1.0,0.5469799996435828
Q9Y297,P17181,1.0,0.5460249004568899
Q9Y297,O15111,1.0,0.5026981424569962
Q9Y297,Q9NX09,1.0,0.5489700476944381
Q9Y297,Q9GZV5,1.0,0.5128248505120934
Q9Y297,O95863,1.0,0.5127833622972073
Q9Y297,Q96T88,1.0,0.49099239691635205
Q9Y297,Q01664,1.0,0.4390189934348506
Q9Y297,P01112,1.0,0.46213458702086924
Q9Y297,Q16236,1.0,0.5131310421212018
Q9Y297,P24385,1.0,0.49212181848411096
Q9Y297,P78543,1.0,0.435113038613172
Q9Y297,P10071,1.0,0.5397754434124723
Q9Y297,Q9HAW4,1.0,0.5019352567045388
Q9Y297,Q9BZB8,1.0,0.4641178393095517
Q9Y297,P19235,1.0,0.48007771939868904
Q9Y297,P62324,1.0,0.45065741507943713
Q9Y297,P50539,1.0,0.4755655151475125
Q9Y297,Q92539,1.0,0.5135311054371468
Q9HCE7,Q99717,1.0,0.6245838659876022
Q9HCE7,Q99988,1.0,0.4547180157641919
Q9HCE7,Q9H160,1.0,0.4871932776348188
Q9HCE7,P09769,1.0,0.5130849972798908
Q9HCE7,Q9Y4K4,1.0,0.48587814435906074
Q9HCE7,P35626,1.0,0.4617091172078665
Q9HCE7,P21709,1.0,0.4634831232524508
Q9HCE7,O60784,1.0,0.6044567131684098
Q9HCE7,Q9H1I8,1.0,0.498109272532774
Q9HCE7,Q9Y6I3,1.0,0.5519489716376438
Q9HCE7,P67936,1.0,0.4743731675244468
Q9HCE7,Q8NFZ5,1.0,0.4192858057981721
Q9HCE7,P41743,1.0,0.5190538956030235
Q9HCE7,Q96CS3,1.0,0.4415350535368294
Q9HCE7,Q02779,1.0,0.4307822142712246
Q9HCE7,A6NI79,1.0,0.47162353311291966
Q9HCE7,P55036,1.0,0.5772121529078366
Q9HCE7,Q9ULJ7,1.0,0.4472745885282726
Q9HCE7,Q92519,1.0,0.5229685534213289
Q9HCE7,Q9Y261,1.0,0.5337269715400139
P46934,P27216,1.0,0.35881403861601546
P46934,P35968,1.0,0.5678799567122799
P46934,Q9NV92,1.0,0.532007359418786
P46934,P42566,1.0,0.49402286564796277
P46934,P43005,1.0,0.4815666356696142
P46934,O75843,1.0,0.44051257898357865
P46934,P55036,1.0,0.4610817268492488
P46934,Q9Y3C5,1.0,0.468240836139807
P46934,P42261,1.0,0.4761485098560225
P46934,P04629,1.0,0.5390584257406895
P46934,P04198,1.0,0.49167344458603274
P46934,P37231,1.0,0.5212052353219004
P46934,Q96NT3,1.0,0.45362128825624565
P46934,P10523,1.0,0.39028968851658374
P46934,Q969T9,1.0,0.44984205053315085
P46934,P10114,1.0,0.42358659271248306
P46934,O14980,1.0,0.5035897107073821
P46934,O14641,1.0,0.5356791697921292
P46934,Q9UHD2,1.0,0.5322190486815056
Q9UNE7,P11142,1.0,0.40085395710253996
Q9UNE7,P10275,1.0,0.5631325099858022
Q9UNE7,P06748,1.0,0.33985929490034034
Q9UNE7,Q99683,1.0,0.5938780593968118
Q9UNE7,P54253,1.0,0.4829478291912558
Q9UNE7,P35869,1.0,0.5627953223116743
Q9UNE7,Q13043,1.0,0.47835066151830924
Q9UNE7,P08684,1.0,0.46739892858345305
Q9UNE7,Q12778,1.0,0.5414641637431654
Q9UNE7,P07900,1.0,0.49320826514632654
Q9UNE7,P07197,1.0,0.4834568971643961
Q9UNE7,Q05513,1.0,0.4669746783000147
Q9UNE7,P80370,1.0,0.3864319271790141
Q9UNE7,P29034,1.0,0.265502255327183
Q9UNE7,Q8N6T7,1.0,0.41118048499425197
Q9UNE7,Q16584,1.0,0.48451978924654243
Q9UNE7,Q6ZWH5,1.0,0.5516673261281122
Q9UNE7,O00327,1.0,0.5506935094261877
Q00987,O15151,1.0,0.4795399681552584
Q00987,Q9Y6B2,1.0,0.4442968667108707
Q00987,P49757,1.0,0.5303658476312345
Q00987,P35568,1.0,0.5422403198979726
Q00987,P12830,1.0,0.5509658318502111
Q00987,Q7LG56,1.0,0.3892095055676634
Q00987,Q12778,1.0,0.5326929545212272
Q00987,O14746,1.0,0.5008103658474847
Q00987,Q86Z02,1.0,0.6012288038819441
Q00987,P24864,1.0,0.45548974673605946
Q00987,P10275,1.0,0.5257642264627735
Q00987,Q15361,1.0,0.5036667831269224
Q00987,P46531,1.0,0.5706388195694126
Q00987,P10276,1.0,0.49216637256493895
Q00987,O60381,1.0,0.4943995691932349
Q00987,O43463,1.0,0.42960968214941436
Q96J02,P22681,1.0,0.4605665629633002
Q96J02,Q14511,1.0,0.4937079537624897
Q96J02,O15105,1.0,0.5268346214163034
Q96J02,Q9HBA0,1.0,0.5123632001534331
Q96J02,P45985,1.0,0.3876435395812114
Q96J02,Q99541,1.0,0.43543852573522307
Q96J02,Q13118,1.0,0.5046822844335523
Q96J02,Q6PJG6,1.0,0.5142390905141733
Q96J02,O43318,1.0,0.4852135740492659
Q96J02,Q13490,1.0,0.5619982255866544
Q96J02,P46937,1.0,0.5089028219931904
Q96J02,P21860,1.0,0.537597468556198
Q96J02,P16403,1.0,0.38769118518728674
Q13309,P24864,1.0,0.5396657233087586
Q13309,P55895,1.0,0.47674488591324554
Q13309,P38936,1.0,0.505827133130434
Q13309,P28562,1.0,0.4791880942332714
Q13309,Q5MJ70,1.0,0.48753390834305826
Q13309,Q9UMW8,1.0,0.3690963407754632
Q13309,Q9NXR8,1.0,0.4791870912931231
Q13309,P35232,1.0,0.4835389848486838
Q13309,P52333,1.0,0.4632884225688057
Q13309,P15923,1.0,0.4920150745490809
Q13309,Q6PGQ7,1.0,0.4921662648128612
Q13309,P36639,1.0,0.4392179792904482
Q13309,O00399,1.0,0.44277554096150057
P22681,P00533,1.0,0.5693488947478785
P22681,Q96B97,1.0,0.4361719870523569
P22681,Q8WU20,1.0,0.38291604840659554
P22681,Q04912,1.0,0.5482528301325459
P22681,Q96JA1,1.0,0.5331005242401783
P22681,P31785,1.0,0.42132477575918253
P22681,P08581,1.0,0.5918931063192328
P22681,P22455,1.0,0.5202647586333802
P22681,O14964,1.0,0.5529087964472871
P22681,P51692,1.0,0.49872523826138265
P22681,O95644,1.0,0.5868315255796955
P22681,Q02763,1.0,0.5366784540933414
Q969H0,P24864,1.0,0.4867911903382334
Q969H0,P36956,1.0,0.5582541058748571
Q969H0,P42345,1.0,0.5458183286847331
Q969H0,Q9H1I8,1.0,0.44652400311452034
Q969H0,Q9UBK2,1.0,0.5195513833746105
Q969H0,P04150,1.0,0.5155606906991622
Q969H0,P17275,1.0,0.527309576082452
Q969H0,Q99062,1.0,0.5639035288367983
Q969H0,P35659,1.0,0.48159474708796685
Q969H0,Q9NRI5,1.0,0.4380768260201865
Q969H0,Q00613,1.0,0.5123641356364987
Q969H0,P52630,1.0,0.49932008684272405
O60260,O60260,1.0,0.46629719697563615
O60260,O15354,1.0,0.508012236431794
O60260,Q15303,1.0,0.525558440398256
O60260,Q14190,1.0,0.4463860838508495
O60260,P19174,1.0,0.42116511513605226
O60260,O95140,1.0,0.4799733502304278
O60260,Q8IXI1,1.0,0.4827749027654452
O60260,Q15388,1.0,0.4717767760379725
O60260,Q13148,1.0,0.47368710254099794
O60260,Q8IXI2,1.0,0.46481840551509
O60260,Q16665,1.0,0.47463041594649247
O60260,P46937,1.0,0.5005561577972005
Q96PU5,P51795,1.0,0.5266463178129515
Q96PU5,P37088,1.0,0.5106258238836993
Q96PU5,O00141,1.0,0.47746044739698024
Q96PU5,Q9H3D4,1.0,0.6501191707192407
Q96PU5,Q9BSA4,1.0,0.5884417622841408
Q96PU5,Q16625,1.0,0.49015073390087055
Q96PU5,P22001,1.0,0.4664692414915659
Q96PU5,P53805,1.0,0.42266065820669607
Q96PU5,Q8TCC7,1.0,0.5197112682764162
Q96PU5,O75473,1.0,0.625785561640347
Q96PU5,Q8TDR2,1.0,0.43474703233215395
Q9UM11,Q99741,1.0,0.5484545915084614
Q9UM11,P30304,1.0,0.4954712739928558
Q9UM11,Q12834,1.0,0.44250290922745755
Q9UM11,P41134,1.0,0.3341169959744938
Q9UM11,P13349,1.0,0.3976256736896398
Q9UM11,Q9HAW4,1.0,0.5045071791110063
Q9UM11,P53779,1.0,0.4827305726174915
Q9UM11,O00429,1.0,0.5105245569168104
Q9UM11,Q96BY2,1.0,0.3882871463776006
Q9UM11,Q8IWA4,1.0,0.4938541591289908
Q9UM11,Q96C86,1.0,0.3920522994237796
O43791,O75367,1.0,0.4224559981437104
O43791,P08151,1.0,0.5346642751314648
O43791,P10275,1.0,0.5439295924934925
O43791,O15164,1.0,0.43998798269168227
O43791,Q9BYW2,1.0,0.5418289642519253
O43791,P25440,1.0,0.4951142133336457
O43791,Q13158,1.0,0.3314349391491691
O43791,Q14444,1.0,0.45184768295278716
O43791,Q12888,1.0,0.5653682806398519
Q8IUQ4,P08247,1.0,0.418430553506327
Q8IUQ4,Q99708,1.0,0.5901141855458067
Q8IUQ4,Q9NWT6,1.0,0.4298656536945864
Q8IUQ4,Q14807,1.0,0.48727970179563357
Q8IUQ4,Q9GZT9,1.0,0.4710162972322993
Q8IUQ4,P41594,1.0,0.5135855481575285
Q8IUQ4,P60903,1.0,0.3206530498937266
O43255,P29590,1.0,0.5329105320267261
O43255,O75925,1.0,0.4872931675358108
O43255,O14974,1.0,0.5631638674970789
O43255,P08247,1.0,0.4075988848993595
O43255,Q9NS87,1.0,0.5563982009321726
O43255,P10275,1.0,0.49885920378650506
O43255,Q16656,1.0,0.4546461618624564
Q9HAU4,P12757,1.0,0.5800922368247461
Q9HAU4,Q13485,1.0,0.51183854329695
Q9HAU4,O15169,1.0,0.5350627663453251
Q9HAU4,P35222,1.0,0.5340716788735379
Q9HAU4,P37173,1.0,0.547350311011926
Q9HAU4,P16104,1.0,0.39753833164246916
Q9Y4K3,P04629,1.0,0.42719759277324926
Q9Y4K3,P49116,1.0,0.3805785329264177
Q9Y4K3,Q92985,1.0,0.38705429489229437
Q9Y4K3,P37840,1.0,0.25416385546421627
Q9Y4K3,P49768,1.0,0.3646943571942179
Q9Y4K3,P26927,1.0,0.4724868959049793
Q9Y4K3,P42226,1.0,0.41434630076364365
Q9UKB1,Q9UKB1,1.0,0.5041664712253592
Q9UKB1,P16471,1.0,0.5506699146182447
Q9UKB1,Q9HAW4,1.0,0.45456722956410844
Q9UKB1,O15055,1.0,0.5406410911503826
Q9UKB1,P46937,1.0,0.5174289673594883
Q05086,P04637,1.0,0.4841548445380528
Q05086,O43166,1.0,0.4902688053902001
Q05086,Q8IXH7,1.0,0.4599475746607611
Q05086,P55036,1.0,0.4967812922836
Q05086,P51451,1.0,0.4665755119339762
Q05086,P29590,1.0,0.48419385609603993
Q9H0M0,Q15796,1.0,0.5698405644160787
Q9H0M0,P04637,1.0,0.4900623748590886
Q9H0M0,P46527,1.0,0.39831039645120747
Q9H0M0,P61073,1.0,0.5004156977715656
Q9H0M0,O14681,1.0,0.46582656201461176
P98170,P42574,1.0,0.46697091089185766
P98170,P04049,1.0,0.41980820680716596
P98170,P55008,1.0,0.3885108365588675
P98170,Q04727,1.0,0.5223418743678012
P98170,Q96HS1,1.0,0.43152670535563686
Q13490,Q13077,1.0,0.4421842517438912
Q13490,Q05195,1.0,0.32839556989946206
Q13490,Q13114,1.0,0.5138197051460299
Q13490,P55210,1.0,0.4000612283801938
Q13490,Q96HS1,1.0,0.3612000246379119
P38398,Q16777,1.0,0.5160364418727008
P38398,P06748,1.0,0.37040597279673837
P38398,Q99728,1.0,0.4152662765642789
P38398,Q9HAW4,1.0,0.3954474616492819
P38398,O14818,1.0,0.3639332267048582
Q8NHY2,P04637,1.0,0.5247089502051182
Q8NHY2,O00763,1.0,0.4296454959228122
Q8NHY2,P50991,1.0,0.4290731176109624
Q8NHY2,Q6UUV9,1.0,0.5228350750531131
Q8NHY2,O00399,1.0,0.4055034020419485
Q86TM6,P10909,1.0,0.47059471551910703
Q86TM6,Q9UKV5,1.0,0.45826012522348547
Q86TM6,P01009,1.0,0.3856456660145713
Q86TM6,P78380,1.0,0.37542052944297505
O76064,P0C0S8,1.0,0.6222227587280136
O76064,P13010,1.0,0.4390190243374785
O76064,O60934,1.0,0.4131301358441836
O76064,Q969R5,1.0,0.41077806051588317
Q13489,Q13077,1.0,0.4346217266821642
Q13489,Q13546,1.0,0.49504249960050656
Q13489,Q9Y572,1.0,0.47559885979863514
Q13489,P55210,1.0,0.40371099693657037
P40337,Q16665,1.0,0.4585272113611253
P40337,Q8TEY7,1.0,0.4588757687368888
P40337,O14641,1.0,0.4414736684538465
P40337,P36897,1.0,0.3888923971247384
Q5T0T0,P13762,1.0,0.5090069461793287
Q5T0T0,P33076,1.0,0.44324799293281175
Q5T0T0,P49327,1.0,0.4525617834269741
Q5T0T0,P12830,1.0,0.4175263677431807
Q13049,Q9NYB9,1.0,0.4304934238360807
Q13049,Q9BXC9,1.0,0.4440737039387805
Q13049,Q13501,1.0,0.4527657422642309
Q86YJ5,P05362,1.0,0.40880352500912825
Q86YJ5,Q9BV40,1.0,0.2942240161585385
Q86YJ5,Q8NHL6,1.0,0.4596027490655248
Q86YJ5,Q6BAA4,1.0,0.41328852548459083
P19474,Q02556,1.0,0.3974182137630614
P19474,P34897,1.0,0.44018051289581733
P19474,P49915,1.0,0.4044980883259146
P35226,Q93077,1.0,0.711715331309479
P35226,P04908,1.0,0.6949310098684626
P35226,P16104,1.0,0.6741090753683672
Q12834,O95997,1.0,0.35313791531429084
Q12834,P20248,1.0,0.43271384738834784
Q12834,Q15784,1.0,0.39389586801571036
O00308,Q01860,1.0,0.4146167179834919
O00308,O15105,1.0,0.46945202288739596
O00308,Q8IUC6,1.0,0.5003067064944561
Q9NZJ0,P38936,1.0,0.4394037627101541
Q9NZJ0,Q8NFZ0,1.0,0.3996626216317666
Q9NZJ0,P28715,1.0,0.4402941897347415
Q9NVW2,O43679,1.0,0.4416395521402307
Q9NVW2,P16949,1.0,0.3866165538966284
Q9NVW2,Q9UBR4,1.0,0.3778201799190641
Q969Q1,P19429,1.0,0.422336546345101
Q969Q1,Q14896,1.0,0.4227113331128484
Q969Q1,Q9Y692,1.0,0.41126153888949907
Q8TBB1,P12931,1.0,0.4266231418255746
Q8TBB1,O60828,1.0,0.4277194462744081
Q8TBB1,O76021,1.0,0.4103854835175961
Q96PM5,P04637,1.0,0.4070307431955139
Q96PM5,O15350,1.0,0.4215273641225773
Q96PM5,Q96J02,1.0,0.4139588111456365
Q86YT6,Q86YT6,1.0,0.3716252745670876
Q86YT6,Q15154,1.0,0.5104318823884764
Q86YT6,Q9HCM4,1.0,0.4281408364233246
Q8NEZ5,P38936,1.0,0.30404370254941204
Q8NEZ5,O95863,1.0,0.3745169643777356
Q14258,P03372,1.0,0.49854862062236144
Q14258,Q9UKV5,1.0,0.44508608675565925
Q14258,Q96RK0,1.0,0.4148601647229225
Q12933,Q13546,1.0,0.3127191925560753
Q12933,Q14164,1.0,0.31104755936746253
Q969P5,Q9UBF9,1.0,0.35406214024336696
Q969P5,Q12778,1.0,0.3510759666043077
Q969P5,P01106,1.0,0.3884872908677348
Q9UKV5,O15503,1.0,0.3480352411592726
Q9UKV5,Q99574,1.0,0.39346258986260063
P78317,P43268,1.0,0.32267610712476225
P78317,Q8N907,1.0,0.28709816213680006
P78317,Q6NUN9,1.0,0.35320558717486533
Q9NX47,O00429,1.0,0.45956099016834107
Q9NX47,O95140,1.0,0.38687672417957586
Q96EP1,P53350,1.0,0.4160403276147027
Q96EP1,Q96GM5,1.0,0.4625774631963299
Q96EP1,Q86WJ1,1.0,0.4620697882630488
Q13191,Q13191,1.0,0.3681555558732787
Q13191,P35568,1.0,0.41009828637352497
Q99496,P0C0S5,1.0,0.44113609782595836
Q99496,Q99496,1.0,0.36872311127303475
Q9H4P4,Q15303,1.0,0.46144793548986734
Q9H4P4,P11678,1.0,0.4177083954111491
Q9NTX7,Q9Y2T1,1.0,0.4298366467680544
Q9NTX7,O15234,1.0,0.4110488321373169
Q9NTX7,Q7L8J4,1.0,0.36673767439544347
Q9BYM8,Q9BYM8,1.0,0.38860389029163095
Q9BYM8,O75469,1.0,0.3716009546979715
Q8TCQ1,P79483,1.0,0.4988472521205955
Q8TCQ1,P42081,1.0,0.3892431325541045
Q96F44,P31645,1.0,0.37640955243561813
Q96F44,Q9P219,1.0,0.4149375534655302
Q9Y4B6,O14746,1.0,0.40725345906545846
Q9Y4B6,Q8IXI2,1.0,0.3729743916796436
Q8IYW5,P0C0S8,1.0,0.5298048157030796
Q8IYW5,P0C0S5,1.0,0.3820931934484355
Q96EP0,O95786,1.0,0.3446605020457171
Q96EP0,P29466,1.0,0.29880217779038054
Q92844,Q13114,1.0,0.40158086435864526
Q9UKC9,P30281,1.0,0.3598613887527244
Q9UKC9,O00459,1.0,0.39009238431823157
Q8WZ73,Q14790,1.0,0.36901838975136975
Q8WZ73,Q6MZQ0,1.0,0.34993083527581065
P0C2W1,O43623,1.0,0.3263386682063374
Q9UHC7,P04637,1.0,0.39770197548680797
Q9UHC7,P11940,1.0,0.38384341206097466
Q96FA3,Q15311,1.0,0.38949358390909394
Q96FA3,Q9Y572,1.0,0.39396819701401214
Q14145,Q86YC2,1.0,0.4397881982122893
Q99942,Q9P055,1.0,0.2316021239777707
Q99942,Q12770,1.0,0.2875211754889832
Q96EQ8,P23458,1.0,0.385007435935974
Q53G59,P21917,1.0,0.36432903102585057
Q53G59,O94979,1.0,0.3850919636217645
Q6ZNA4,P12755,1.0,0.3847229187083166
Q6ZNA4,Q16236,1.0,0.38367793594084376
Q96AX9,Q9Y6K9,1.0,0.3728722595019401
Q8IYU2,P10826,1.0,0.380733804184916
O60858,P04234,1.0,0.2856838571668191
O60858,P22736,1.0,0.33457484733101195
Q5XUX0,Q9H211,1.0,0.4065492693440722
P29372,P62714,1.0,0.304126761310618
P29372,Q9P0W2,1.0,0.2653561378616938
Q9UK22,Q05586,1.0,0.3326765363081624
P10523,Q13794,1.0,0.326622208672799
Q9BV68,P36888,1.0,0.35293206325143806
Q9BV68,P04637,1.0,0.34012378587007075
O43663,P16104,1.0,0.5254506752900984
Q9Y2M5,P29590,1.0,0.387261843627005
Q9Y2M5,O75385,1.0,0.4178641775435759
O15524,P35568,1.0,0.26343660654050827
Q7Z6J0,Q15011,1.0,0.3224799036518373
Q8NG27,Q9Y5V3,1.0,0.4033485616086063
Q8NG27,Q13148,1.0,0.323402537902015
Q969V5,O75385,1.0,0.4142327091720972
Q9NRD1,P02786,1.0,0.3232602401054049
Q9NRD1,O00584,1.0,0.27371975225742967
Q8TEB7,O15511,1.0,0.3536312824992756
Q9Y252,P48059,1.0,0.3272688194604802
O43164,P31323,1.0,0.37782440196266903
O43164,Q9Y4C4,1.0,0.3503937714610649
Q7L5Y6,Q53ET0,1.0,0.39566382854046794
Q969K3,Q92851,1.0,0.37411248322496315
P49427,Q9Y297,1.0,0.23522100558047884
P49427,P35222,1.0,0.20729696701969857
Q5XPI4,Q16589,1.0,0.287493992307725
Q96SW2,P10636,1.0,0.32206785913914937
Q5T447,Q9UDY8,1.0,0.3182283011527186
P14373,Q9UHD2,1.0,0.3721298147924761
Q9H2C0,Q99426,1.0,0.296687468652092
Q9H2C0,Q15465,1.0,0.35153646569724806
Q9NWF9,Q13546,1.0,0.3456912367931877
Q9UKA1,P00519,1.0,0.43752068440621805
Q8N3Y1,P18065,1.0,0.3378605772540094
Q9Y4L5,P08581,1.0,0.4231636834880755
O15344,P67775,1.0,0.44798838891832177
O15344,Q14653,1.0,0.4251234834254123
Q96PU4,P38936,1.0,0.3335237992510029
Q8WVD3,Q99708,1.0,0.39799126997485845
O95155,P04637,1.0,0.27175968375600495
O95198,Q14155,1.0,0.3480277225042223
Q9NXK8,P30838,1.0,0.3314935854028598
Q13114,O75385,1.0,0.3522363344472701
Q9BUZ4,P35568,1.0,0.42924003654814713
Q92466,Q9NZJ0,1.0,0.3419585468962184
Q9Y3I1,Q12933,1.0,0.3396430997840051
Q9NS91,P04637,1.0,0.3958856169187001
O14543,P40189,1.0,0.2943208078818538
Q969U6,Q96QB1,1.0,0.3416437785380292
P62877,Q9UMX1,1.0,0.20528939128761567
Q96T88,Q16778,1.0,0.3002458191932392
Q8WV44,O95999,1.0,0.3027868744766635
Q8N1E6,Q9H5V8,1.0,0.2574184358761253
Q9UKT5,P51114,1.0,0.32950592847537424
Q86XK2,O95863,1.0,0.34174582100445183
Q9NV58,P04637,1.0,0.3897485770935327
Q13233,P05412,1.0,0.22390186081773256
Q9P0N8,Q9Y282,1.0,0.22178771672870082
Q9Y297,Q9UMX1,0.0,0.49891320887945595
Q9Y297,Q9H2X6,0.0,0.599159262892173
Q9Y297,Q04206,0.0,0.5275866506494902
Q9Y297,Q9P2G9,0.0,0.48006084349086864
Q9Y297,Q96NE9,0.0,0.48497684387676865
Q9Y297,P51812,0.0,0.45857619599386135
Q9Y297,Q9C035,0.0,0.4521387297822815
Q9Y297,Q05513,0.0,0.4855311085593767
Q9Y297,Q96RU2,0.0,0.5447827015265392
Q9Y297,Q9BVM2,0.0,0.43842468693330033
Q9Y297,Q92765,0.0,0.44225851982867703
Q9Y297,Q96RT1,0.0,0.5156958624825142
Q9Y297,P57775,0.0,0.4685208453251132
Q9Y297,O00487,0.0,0.43671257008978104
Q9Y297,O14904,0.0,0.36215088597493195
Q9Y297,Q6IQ55,0.0,0.533859776622691
Q9Y297,Q86WH2,0.0,0.47945717666870985
Q9Y297,Q6IBW4,0.0,0.4776939700689736
Q9Y297,O95271,0.0,0.582788228120682
Q9Y297,O43623,0.0,0.5207561301125243
Q9Y297,Q13627,0.0,0.5347848875138168
Q9Y297,Q86VP6,0.0,0.4917157540383952
Q9HCE7,Q53QZ3,0.0,0.5272285537788218
Q9HCE7,Q9Y3E1,0.0,0.42547832593898294
Q9HCE7,Q13243,0.0,0.44998613688150096
Q9HCE7,P21802,0.0,0.5438518334933419
Q9HCE7,O95405,0.0,0.42121132157209495
Q9HCE7,Q9BYG4,0.0,0.4533051692689765
Q9HCE7,Q92888,0.0,0.4274303399568733
Q9HCE7,O14986,0.0,0.5349621634877938
Q9HCE7,Q8IWV8,0.0,0.41542444479302476
Q9HCE7,P35222,0.0,0.5387976666778379
Q9HCE7,O00522,0.0,0.5080906523655103
Q9HCE7,P46940,0.0,0.42349782261352475
Q9HCE7,P35499,0.0,0.42136644395935474
Q9HCE7,O75084,0.0,0.477088314534439
Q9HCE7,O75604,0.0,0.551986360659463
Q9HCE7,Q9HAK2,0.0,0.49689093696736647
Q9HCE7,Q9H0H5,0.0,0.5185155583676139
Q9HCE7,Q14596,0.0,0.4129099228985066
Q9HCE7,Q99835,0.0,0.5032559873897268
Q9HCE7,P04637,0.0,0.5992312906055501
P46934,Q7L2E3,0.0,0.515081174762117
P46934,Q86UW6,0.0,0.5700665991513393
P46934,Q9UKV5,0.0,0.48327703183345183
P46934,Q13322,0.0,0.5125943452334352
P46934,Q9UHC7,0.0,0.47307413157038164
P46934,O14562,0.0,0.40356388448715974
P46934,Q96ME1,0.0,0.5892109340584365
P46934,Q96FZ7,0.0,0.40708881251612544
P46934,Q15843,0.0,0.39830344325519396
P46934,P63000,0.0,0.49870806855070926
P46934,Q969H0,0.0,0.3609767425224264
P46934,P07858,0.0,0.4548347084312748
P46934,P22607,0.0,0.4348291596482375
P46934,P42768,0.0,0.446747126374029
P46934,Q13617,0.0,0.4425401009657525
P46934,P23443,0.0,0.43755413469175086
P46934,P16234,0.0,0.5406091670395439
P46934,Q9Y570,0.0,0.40649276751139757
P46934,O95628,0.0,0.49339886163686103
Q9UNE7,Q8IZL9,0.0,0.3993797603620662
Q9UNE7,P25788,0.0,0.37038610622815177
Q9UNE7,P62258,0.0,0.37992515191312826
Q9UNE7,Q00987,0.0,0.49578764210178394
Q9UNE7,P14618,0.0,0.4403961342648915
Q9UNE7,Q04771,0.0,0.44496428765644147
Q9UNE7,O14746,0.0,0.551069042109924
Q9UNE7,P05412,0.0,0.4094226157963224
Q9UNE7,P49711,0.0,0.4648457042066149
Q9UNE7,P06401,0.0,0.5508044481562038
Q9UNE7,Q92504,0.0,0.37571587743264145
Q9UNE7,Q9UHD9,0.0,0.4459463570084393
Q9UNE7,Q99942,0.0,0.3081429331428592
Q9UNE7,Q86YN6,0.0,0.5384043368100312
Q9UNE7,P05231,0.0,0.34494947659764713
Q9UNE7,Q8NFG4,0.0,0.48565516666992536
Q9UNE7,P14625,0.0,0.46825895890343483
Q9UNE7,P11717,0.0,0.608951011815759
Q00987,Q9H9J4,0.0,0.5598285965930508
Q00987,Q93009,0.0,0.46030629286917774
Q00987,Q04206,0.0,0.4674539712697633
Q00987,P28068,0.0,0.4905485917291545
Q00987,P11137,0.0,0.5288381648749497
Q00987,P63165,0.0,0.40687217342098847
Q00987,Q99466,0.0,0.5665752523259004
Q00987,Q9NRR5,0.0,0.4768188595912677
Q00987,Q15047,0.0,0.5167777548089814
Q00987,P07437,0.0,0.44948579762600105
Q00987,Q86WH2,0.0,0.42649475641989887
Q00987,P62081,0.0,0.45258419306387176
Q00987,P35222,0.0,0.5341092551199285
Q00987,P53355,0.0,0.5358967457770664
Q00987,P30536,0.0,0.40769365503598837
Q00987,O60671,0.0,0.43575781423502574
Q96J02,Q9ULV8,0.0,0.4167272367802319
Q96J02,Q93008,0.0,0.5879183943471314
Q96J02,Q92783,0.0,0.4525772608742818
Q96J02,P20618,0.0,0.3792479998568152
Q96J02,P28072,0.0,0.3996235015402176
Q96J02,Q9H5Z1,0.0,0.4480711030712337
Q96J02,P05161,0.0,0.3204248952234191
Q96J02,Q8TAA3,0.0,0.3414307107822689
Q96J02,Q14258,0.0,0.4889732345965834
Q96J02,Q8N2K1,0.0,0.4041306150170636
Q96J02,Q6R6M4,0.0,0.45921908951265344
Q96J02,P42127,0.0,0.3602747036874061
Q96J02,A5LHX3,0.0,0.3477646754514276
Q13309,Q9Y6E7,0.0,0.5067545456308218
Q13309,P48730,0.0,0.4830916678956306
Q13309,Q15645,0.0,0.4680775968291129
Q13309,P60006,0.0,0.38840815251267896
Q13309,Q92597,0.0,0.4429444226686382
Q13309,O43521,0.0,0.49021415538267155
Q13309,Q8IYX4,0.0,0.48964777517533187
Q13309,O14544,0.0,0.478245773912364
Q13309,Q9NYJ8,0.0,0.5160927394595705
Q13309,P61081,0.0,0.4668251980561445
Q13309,Q9UK97,0.0,0.490663987089564
Q13309,P98177,0.0,0.5687014574011822
Q13309,O14777,0.0,0.48195033444806745
P22681,Q08881,0.0,0.48264531250323695
P22681,Q9Y4K3,0.0,0.4992859054778511
P22681,Q8IZP0,0.0,0.4297287082872679
P22681,O60841,0.0,0.41927581075009435
P22681,Q9C004,0.0,0.34290988097544145
P22681,P25942,0.0,0.3342843945580987
P22681,Q96AH8,0.0,0.32819317617047367
P22681,Q96LR5,0.0,0.27300507794395984
P22681,Q14254,0.0,0.3712637862796317
P22681,P63104,0.0,0.35978890309524275
P22681,O00329,0.0,0.48189031486653233
P22681,P62258,0.0,0.34365250923005247
Q969H0,Q149N8,0.0,0.5242609574972704
Q969H0,Q9Y5J3,0.0,0.4965092839563472
Q969H0,P50991,0.0,0.43220610198484677
Q969H0,P27037,0.0,0.5154221287799697
Q969H0,Q9UKA8,0.0,0.44946050432358037
Q969H0,P01111,0.0,0.4292393198803481
Q969H0,P24863,0.0,0.44681091102349085
Q969H0,Q8IVH2,0.0,0.46807107729363273
Q969H0,P49757,0.0,0.4557262868838329
Q969H0,Q5JWR5,0.0,0.6177049801858895
Q969H0,Q969U7,0.0,0.4697190261800046
Q969H0,Q8NEA4,0.0,0.45849528554313695
O60260,P31689,0.0,0.4776733891612249
O60260,P08238,0.0,0.4543195347883702
O60260,Q9UI36,0.0,0.47358696858505944
O60260,O94817,0.0,0.4342652479635179
O60260,O14733,0.0,0.46531263559936625
O60260,P36776,0.0,0.485633498681762
O60260,P01584,0.0,0.4895979528490305
O60260,P36894,0.0,0.5016629759428742
O60260,O00233,0.0,0.4845189214636592
O60260,Q9Y4E8,0.0,0.5174829979652168
O60260,P38936,0.0,0.5421749268403017
O60260,Q13542,0.0,0.4171703152492855
Q96PU5,P61218,0.0,0.3302179264955744
Q96PU5,Q13485,0.0,0.5278276136492313
Q96PU5,O75886,0.0,0.4145739803255302
Q96PU5,Q92537,0.0,0.4162130645620576
Q96PU5,Q9UK41,0.0,0.3166597614881977
Q96PU5,P34932,0.0,0.43467338215851364
Q96PU5,Q9Y297,0.0,0.4546798197409547
Q96PU5,P19099,0.0,0.49020446166491505
Q96PU5,Q9NP79,0.0,0.36592586539138794
Q96PU5,P52961,0.0,0.42425139977113474
Q96PU5,P08235,0.0,0.5285859075739163
Q9UM11,P55209,0.0,0.3913644887706232
Q9UM11,O15304,0.0,0.33675447539728237
Q9UM11,Q6PH81,0.0,0.37077909098005013
Q9UM11,P51965,0.0,0.3752591614487011
Q9UM11,P60006,0.0,0.35387826541300116
Q9UM11,Q9Y5L4,0.0,0.31257808412552185
Q9UM11,P62877,0.0,0.33748999928162227
Q9UM11,Q13825,0.0,0.36166093172845093
Q9UM11,Q9NWT1,0.0,0.4069659901523686
Q9UM11,Q16667,0.0,0.4121191009737587
Q9UM11,Q969H0,0.0,0.42598229449266123
O43791,P23511,0.0,0.38438907246242093
O43791,P07288,0.0,0.3813822169659076
O43791,O43295,0.0,0.4857692116837582
O43791,Q96M94,0.0,0.41628663661614795
O43791,P62877,0.0,0.3093039370018935
O43791,Q14839,0.0,0.49072751574923784
O43791,P17152,0.0,0.34910930842281696
O43791,Q8WU17,0.0,0.467968317730919
O43791,O14682,0.0,0.48173983770712525
Q8IUQ4,Q99661,0.0,0.5145461327911132
Q8IUQ4,P08138,0.0,0.43064549373177774
Q8IUQ4,Q9NSA3,0.0,0.32086341180967604
Q8IUQ4,P04637,0.0,0.5631726918334179
Q8IUQ4,Q15942,0.0,0.43017216516176826
Q8IUQ4,P01112,0.0,0.38756521064986094
Q8IUQ4,O75400,0.0,0.5344458294253094
O43255,Q86TG7,0.0,0.4958167300196794
O43255,Q14693,0.0,0.5420713630519337
O43255,Q13438,0.0,0.5001722725293042
O43255,Q9NX47,0.0,0.40801826381425166
O43255,Q04760,0.0,0.34921118199668244
O43255,P04626,0.0,0.5271844355789914
O43255,Q99814,0.0,0.5385868614828171
Q9HAU4,Q13501,0.0,0.4147213868754879
Q9HAU4,Q6SA08,0.0,0.43439041442873827
Q9HAU4,Q9HAU4,0.0,0.46045896915739
Q9HAU4,P27824,0.0,0.43224980697183
Q9HAU4,Q13705,0.0,0.46251971564117866
Q9HAU4,P55072,0.0,0.4973389678886869
Q9Y4K3,Q9BVC6,0.0,0.28467786099164843
Q9Y4K3,P55036,0.0,0.36502791483010166
Q9Y4K3,Q02543,0.0,0.2833879762369128
Q9Y4K3,P08754,0.0,0.3379572937195053
Q9Y4K3,Q9Y5U9,0.0,0.25820290478852
Q9Y4K3,P51965,0.0,0.2757663649557699
Q9Y4K3,Q9UNE0,0.0,0.3780244948854587
Q9UKB1,Q14999,0.0,0.4141374950719747
Q9UKB1,Q9HCS4,0.0,0.5358529889446844
Q9UKB1,Q9Y2T1,0.0,0.46346945234407066
Q9UKB1,Q496M5,0.0,0.4137115642859247
Q9UKB1,Q00839,0.0,0.4775992145406984
Q05086,Q9NVD7,0.0,0.44292243809185855
Q05086,Q9Y6B2,0.0,0.44051656571775605
Q05086,O94989,0.0,0.4853541339938217
Q05086,Q03701,0.0,0.44923641579228024
Q05086,Q96JN8,0.0,0.4945919304057002
Q05086,P28074,0.0,0.42414302049311653
Q9H0M0,O00401,0.0,0.4266971187703272
Q9H0M0,O60784,0.0,0.4372987290649156
Q9H0M0,Q8N8Y2,0.0,0.4489102986900994
Q9H0M0,Q9H4W6,0.0,0.42340599022144504
Q9H0M0,Q9UH73,0.0,0.41286598598469015
P98170,Q13489,0.0,0.5116703205535782
P98170,Q13049,0.0,0.46844011349228704
P98170,P37023,0.0,0.4278447602139117
P98170,Q96LR5,0.0,0.35664905115183
P98170,P36897,0.0,0.3941934551969794
Q13490,Q86Y13,0.0,0.5271042752081211
Q13490,O14757,0.0,0.39530118134513154
Q13490,P53634,0.0,0.4374008649476038
Q13490,O60936,0.0,0.2740462514666257
Q13490,Q9Y2C4,0.0,0.3752185162164198
P38398,Q17RB8,0.0,0.3717768667628599
P38398,O60934,0.0,0.37172427998663493
P38398,P36873,0.0,0.3668130752853165
P38398,Q15796,0.0,0.4192411422620726
P38398,Q13363,0.0,0.3613490261991795
Q8NHY2,Q7L5Y6,0.0,0.44008057867164024
Q8NHY2,Q8TAA3,0.0,0.38744564126752273
Q8NHY2,P62195,0.0,0.40502201432346835
Q8NHY2,Q9UL46,0.0,0.4046624704650044
Q8NHY2,Q99436,0.0,0.42150941207827636
Q86TM6,P18850,0.0,0.45601419515462605
Q86TM6,Q9H765,0.0,0.3467886956580611
Q86TM6,Q7L5D6,0.0,0.3393905793133046
Q86TM6,Q8TBZ3,0.0,0.4163486587480813
O76064,Q96B02,0.0,0.4626978024566094
O76064,Q5VVJ2,0.0,0.4851848459961722
O76064,Q7Z2E3,0.0,0.4441981593807725
O76064,Q9ULQ0,0.0,0.42930412318034944
Q13489,P19438,0.0,0.4726529201374061
Q13489,O15530,0.0,0.4247913000208886
Q13489,O14920,0.0,0.500587788211429
Q13489,P36941,0.0,0.40516193278882606
P40337,P31949,0.0,0.2711631691102046
P40337,O95260,0.0,0.37598502774938447
P40337,Q9Y4L1,0.0,0.4190149489420177
P40337,Q9H773,0.0,0.2728716042258873
Q5T0T0,Q8TAX9,0.0,0.43905636029964723
Q5T0T0,Q9UGP5,0.0,0.41679890231373184
Q5T0T0,O60232,0.0,0.3747471316624857
Q5T0T0,Q92824,0.0,0.40190696640936197
Q13049,Q969T4,0.0,0.35880563040843916
Q13049,P41595,0.0,0.41287832553256787
Q13049,Q6PJ69,0.0,0.4269607616000872
Q86YJ5,Q86YJ5,0.0,0.33178383637647735
Q86YJ5,O00124,0.0,0.2995400752503101
Q86YJ5,Q8IWV8,0.0,0.5094375409668656
Q86YJ5,Q8NB90,0.0,0.38742767008160983
P19474,Q9BYM8,0.0,0.41013408124976325
P19474,P80217,0.0,0.432434499525872
P19474,Q13309,0.0,0.4687103889450933
P35226,O95931,0.0,0.33713129274718523
P35226,O75530,0.0,0.3429227115491744
P35226,P08727,0.0,0.35051020074754385
Q12834,Q9NYV9,0.0,0.3591678759289297
Q12834,Q969S8,0.0,0.4339950719902935
Q12834,Q99832,0.0,0.39790560750430826
O00308,P08887,0.0,0.37319036846977666
O00308,Q8WYQ5,0.0,0.4014641895951631
O00308,Q8N2K1,0.0,0.3982249048110178
Q9NZJ0,Q9BQ67,0.0,0.35216992039138967
Q9NZJ0,Q14566,0.0,0.4083289234685709
Q9NZJ0,Q5TB30,0.0,0.4406408418896533
Q9NVW2,P51965,0.0,0.3354229019968786
Q9NVW2,P48742,0.0,0.45443088706842266
Q9NVW2,P48431,0.0,0.425478721564475
Q969Q1,Q16654,0.0,0.4021109557792299
Q969Q1,P11217,0.0,0.4170687525225082
Q969Q1,P48788,0.0,0.4151116432362465
Q8TBB1,Q7Z6G3,0.0,0.41720331616689754
Q8TBB1,Q96CG3,0.0,0.385565203647288
Q8TBB1,Q9H190,0.0,0.3921462119749502
Q96PM5,P10275,0.0,0.39790777100311525
Q96PM5,Q969X1,0.0,0.3197899783419076
Q96PM5,Q13794,0.0,0.32999910504811836
Q86YT6,O94817,0.0,0.32622808619413896
Q86YT6,Q9Y4H2,0.0,0.44708920363168475
Q86YT6,Q5IJ48,0.0,0.38764805345500764
Q8NEZ5,Q9Y343,0.0,0.2888312227241162
Q8NEZ5,P78371,0.0,0.33778378330042913
Q14258,Q9UL19,0.0,0.3600129198985566
Q14258,Q99697,0.0,0.42994241376344755
Q14258,Q9NR97,0.0,0.41805801951490773
Q12933,Q6UXS9,0.0,0.2513773635187952
Q12933,P54253,0.0,0.2679377530369935
Q969P5,P63208,0.0,0.3491528927138598
Q969P5,Q9UKX3,0.0,0.3715579490183068
Q969P5,P07858,0.0,0.3371090279799281
Q9UKV5,P55060,0.0,0.4383004710409628
Q9UKV5,O14530,0.0,0.41366681719497356
P78317,P51965,0.0,0.2716459887315406
P78317,P12757,0.0,0.3705772624635318
P78317,Q8WV22,0.0,0.334290281137024
Q9NX47,Q9BQ95,0.0,0.37695507371669934
Q9NX47,Q96AG3,0.0,0.39381912417142695
Q96EP1,O94967,0.0,0.4016313296512748
Q96EP1,Q9Y530,0.0,0.3910457371514478
Q96EP1,P40692,0.0,0.44272200595878886
Q13191,Q99836,0.0,0.35181274915890776
Q13191,Q8WV28,0.0,0.36611789726530214
Q99496,Q5VVX9,0.0,0.3321650810694868
Q99496,O95503,0.0,0.35262347592111687
Q9H4P4,Q9BZR9,0.0,0.34685977268086865
Q9H4P4,Q9NPF7,0.0,0.33921033767279213
Q9NTX7,P38646,0.0,0.410717980334282
Q9NTX7,Q9HCE7,0.0,0.37317635216199174
Q9NTX7,Q6P5S2,0.0,0.30781331498166015
Q9BYM8,Q96EP0,0.0,0.3882350586349215
Q9BYM8,Q9Y4K3,0.0,0.4343250537375323
Q8TCQ1,P23219,0.0,0.4056477853862566
Q8TCQ1,Q9H0W8,0.0,0.424443519687839
Q96F44,P49810,0.0,0.3728701728993577
Q96F44,Q6UUV9,0.0,0.4512235518575745
Q9Y4B6,Q9BW61,0.0,0.33756247379337495
Q9Y4B6,P53350,0.0,0.3829135489280511
Q8IYW5,O94888,0.0,0.40135905253589643
Q8IYW5,P16403,0.0,0.39930691530284385
Q96EP0,P52630,0.0,0.3415186306541865
Q96EP0,Q96IV0,0.0,0.3223466843665617
Q92844,O15111,0.0,0.4201764177855532
Q9UKC9,Q9NRD1,0.0,0.36101539551929235
Q9UKC9,Q9UK97,0.0,0.3478892820907848
Q8WZ73,Q0D2K0,0.0,0.31753604002769875
Q8WZ73,Q9Y4X5,0.0,0.31743869506651007
P0C2W1,Q9UK99,0.0,0.2625533046267845
Q9UHC7,Q9UBL3,0.0,0.3630917659199177
Q9UHC7,Q17RY0,0.0,0.4052990505475338
Q96FA3,Q8NFH3,0.0,0.3352161266778671
Q96FA3,Q99836,0.0,0.322703209896424
Q14145,P10415,0.0,0.35382695835720596
Q99942,P36897,0.0,0.23700322479090868
Q99942,Q8N2K1,0.0,0.2261719460854522
Q96EQ8,Q9BY78,0.0,0.3154051765475688
Q53G59,P54253,0.0,0.38179582698287556
Q53G59,P62877,0.0,0.30479775744340903
Q6ZNA4,Q9H992,0.0,0.3966058663175682
Q6ZNA4,O94941,0.0,0.37628985872403115
Q96AX9,Q9Y2E6,0.0,0.3082965794065873
Q8IYU2,P22314,0.0,0.34922923275113305
O60858,Q9HCK4,0.0,0.36194565143338264
O60858,P08473,0.0,0.3523680520964729
Q5XUX0,O60487,0.0,0.37580479644463827
P29372,P49916,0.0,0.27964114250374317
P29372,P16455,0.0,0.2620713025211838
Q9UK22,P55072,0.0,0.3854553090421177
P10523,P08100,0.0,0.3141974222724954
Q9BV68,Q96CS3,0.0,0.29090122159458803
Q9BV68,Q96B02,0.0,0.26696792561499444
O43663,Q9Y265,0.0,0.3438955491851468
Q9Y2M5,Q9NXV2,0.0,0.30907966466916004
Q9Y2M5,O43791,0.0,0.30679520653617065
O15524,P29597,0.0,0.2901144802913617
Q7Z6J0,Q8IVH8,0.0,0.3762877728716662
Q8NG27,P00390,0.0,0.3730823379975141
Q8NG27,Q8IWZ5,0.0,0.40741135729174294
Q969V5,Q8NHH9,0.0,0.36280425405509753
Q9NRD1,Q99942,0.0,0.22716053255600283
Q9NRD1,Q6P3S6,0.0,0.2992812076021284
Q8TEB7,Q96AX9,0.0,0.36365072178320057
Q9Y252,Q96IW7,0.0,0.3180856492133322
O43164,Q96B02,0.0,0.326680034204973
O43164,O60216,0.0,0.3426649488543314
Q7L5Y6,Q6Q0C0,0.0,0.40484033403020825
Q969K3,Q99675,0.0,0.3292137794551149
P49427,P62979,0.0,0.2305294518436903
P49427,Q9Y263,0.0,0.20625075251035668
Q5XPI4,Q12905,0.0,0.2774022774564851
Q96SW2,Q9NQ25,0.0,0.3260350646662436
Q5T447,Q86V81,0.0,0.30446865722620464
P14373,Q14134,0.0,0.3673756352902123
Q9H2C0,P08238,0.0,0.36408554982337216
Q9H2C0,A6QL64,0.0,0.3569550295535635
Q9NWF9,P78317,0.0,0.3128442727100363
Q9UKA1,P81172,0.0,0.35208754620632904
Q8N3Y1,Q13616,0.0,0.3314629909198479
Q9Y4L5,O43765,0.0,0.29413786042188333
O15344,P51965,0.0,0.29628007870487516
O15344,O60907,0.0,0.417381496529105
Q96PU4,P68431,0.0,0.329723475605913
Q8WVD3,P28072,0.0,0.28254386078698857
O95155,Q00987,0.0,0.2809287705562122
O95198,Q9Y4X5,0.0,0.29485572174671404
Q9NXK8,Q14692,0.0,0.32409786572161386
Q13114,Q9Y6Q6,0.0,0.28894470220635854
Q9BUZ4,Q86YV0,0.0,0.39408680048694444
Q92466,P62877,0.0,0.2767102148170869
Q9Y3I1,Q99436,0.0,0.31484167032609567
Q9NS91,Q16763,0.0,0.310050174285253
O14543,Q15233,0.0,0.2297171236278811
Q969U6,Q8N3Y1,0.0,0.24264896171463943
P62877,O60488,0.0,0.23239290146074176
Q96T88,Q99728,0.0,0.35462344308987087
Q8WV44,P17252,0.0,0.42682533643424003
Q8N1E6,Q8TEL6,0.0,0.2759068229261468
Q9UKT5,P17987,0.0,0.3024826227801653
Q86XK2,Q7L1I2,0.0,0.3858659372985182
Q9NV58,P62955,0.0,0.3517226377341889
Q13233,O14920,0.0,0.2020235232106495
Q9P0N8,P51572,0.0,0.21437799624090104
P62877,P25963,0.0,0.15992956007638448
Q06643,O00221,0.0,0.11471207770994585
Q96LC7,P01730,0.0,0.2333029730922928
Q9NWS0,P30304,0.0,0.1237965519250828
Q09472,P17181,0.0,0.002121212121212121
P35580,O15111,0.0,0.07611527401642758
Q9P2K8,Q9NX09,0.0,0.08084977046021549
P24385,Q9GZV5,0.0,0.12040404814245932
O96014,O95863,0.0,0.20965791230223452
Q7Z628,Q96T88,0.0,0.2598044659872153
Q96ST8,Q01664,0.0,0.2123581779150846
P51617,P01112,0.0,0.12815910672200403
O95229,Q16236,0.0,0.11681540887710769
P45452,P24385,0.0,0.15983920635591733
Q13111,P78543,0.0,0.24120315567205097
O94788,P10071,0.0,0.20379685934781602
P00739,Q9HAW4,0.0,0.2384069731395436
Q9H0L4,Q9BZB8,0.0,0.10576625990149088
P60709,P19235,0.0,0.10184030515868091
O15371,P62324,0.0,0.21069142940459634
Q16670,P50539,0.0,0.25192221551088695
P35858,Q92539,0.0,0.17049438476204773
Q9NQW7,Q99717,0.0,0.20397380102829532
P01133,Q99988,0.0,0.14775698946728724
Q09472,Q9H160,0.0,0.005846862348178137
P08174,P09769,0.0,0.21967439407839195
P01375,Q9Y4K4,0.0,0.10362296856844035
Q8NGB9,P35626,0.0,0.10746810617215431
P23276,P21709,0.0,0.23142326587891562
Q8NHS4,O60784,0.0,0.2602572939502674
Q9Y4R8,Q9H1I8,0.0,0.10828608882482736
O75886,Q9Y6I3,0.0,0.20330673087495324
Q9ULV4,P67936,0.0,0.11659458035118567
Q02750,Q8NFZ5,0.0,0.1169318387342097
P63027,P41743,0.0,0.07970414625823877
P49736,Q96CS3,0.0,0.1613956836019571
Q99963,Q02779,0.0,0.10306073313261128
Q7Z614,A6NI79,0.0,0.13461210110608207
P55087,P55036,0.0,0.11453453557259495
Q96G61,Q9ULJ7,0.0,0.10224052679578037
Q8IV63,Q92519,0.0,0.21242914337774713
P12830,Q9Y261,0.0,0.16672915931356447
P68133,P27216,0.0,0.09264362984362745
P15391,P35968,0.0,0.1876830209142188
Q15034,Q9NV92,0.0,0.20899076623831483
Q9UNF0,P42566,0.0,0.21074059968697992
Q16623,P43005,0.0,0.1445029680755073
Q8TE04,O75843,0.0,0.22223436827148127
P04350,P55036,0.0,0.2851653329939585
O95630,Q9Y3C5,0.0,0.16857748006800624
O75334,P42261,0.0,0.11434233238180902
P12956,P04629,0.0,0.18603014566384093
O60447,P04198,0.0,0.21745195606571854
O00526,P37231,0.0,0.07510496169892636
P62318,Q96NT3,0.0,0.04516294124740449
P08567,P10523,0.0,0.17569319420668453
O43639,Q969T9,0.0,0.155955311614097
Q05586,P10114,0.0,0.1138743557718765
O15169,O14980,0.0,0.18453166480556424
Q96BN8,O14641,0.0,0.12105053868088905
P62491,Q9UHD2,0.0,0.09729099218559278
Q14527,P11142,0.0,0.1090257953557502
P63244,P10275,0.0,0.18372667100748075
Q8IUN9,P06748,0.0,0.16249663442282639
Q09472,Q99683,0.0,0.0031027667984189723
Q6UWE0,P54253,0.0,0.261134758841035
Q09472,P35869,0.0,0.0017786561264822134
Q16774,Q13043,0.0,0.06566369290375734
P08842,P08684,0.0,0.18375227294957505
Q15796,Q12778,0.0,0.22502773947800608
Q8N755,P07900,0.0,0.09055049023856335
P34998,P07197,0.0,0.21129930728226415
Q8N2W9,Q05513,0.0,0.2067033546202653
Q9BXP5,P80370,0.0,0.14607138637261907
Q8TD43,P29034,0.0,0.1313506099253715
O95352,Q8N6T7,0.0,0.11839832204276231
Q9BQ65,Q16584,0.0,0.15856209531047638
P01374,Q6ZWH5,0.0,0.11154267629909179
P51116,O00327,0.0,0.14551472913690175
Q09472,O15151,0.0,0.003275058275058275
Q8N6I1,Q9Y6B2,0.0,0.06426483283479512
Q7L1V2,P49757,0.0,0.13576990237280506
Q13480,P35568,0.0,0.2670427608594101
P60709,P12830,0.0,0.11952852980805143
P40937,Q7LG56,0.0,0.153475139132716
P78426,Q12778,0.0,0.09952356553981413
Q16549,O14746,0.0,0.15959316899317763
Q9UER7,Q86Z02,0.0,0.18310598485404256
Q96P16,P24864,0.0,0.14246313710621747
O75928,P10275,0.0,0.21776538280826618
Q969S3,Q15361,0.0,0.21156353368318662
P41159,P46531,0.0,0.1386771506930726
P29373,P10276,0.0,0.07613075292064858
P48736,O60381,0.0,0.17716636873423053
Q96FF9,O43463,0.0,0.14835806229383988
Q9UQC2,P22681,0.0,0.1971304596009432
Q8N5K1,Q14511,0.0,0.0916556334962487
Q9NR31,O15105,0.0,0.06618267860286016
P30411,Q9HBA0,0.0,0.20875759018639137
Q5VTL7,P45985,0.0,0.1981548737758972
Q9BYK8,Q99541,0.0,0.0374820498889121
O15105,Q13118,0.0,0.18763631148910545
P09884,Q6PJG6,0.0,0.10974630886325774
P49354,O43318,0.0,0.2441033729281894
Q9NR28,Q13490,0.0,0.12043351894979812
Q9BRG1,P46937,0.0,0.10496364888380151
P46527,P21860,0.0,0.12772380890355406
Q6FI13,P16403,0.0,0.03398472897875072
Q9Y4K3,P24864,0.0,0.40329258384371497
P17947,P55895,0.0,0.14228641946988577
P98177,P38936,0.0,0.1069274097633839
P15336,P28562,0.0,0.11511930417267675
Q8NHS9,Q5MJ70,0.0,0.1569527656296451
Q9BYK8,Q9UMW8,0.0,0.03831773284630558
P14324,Q9NXR8,0.0,0.2113709428952143
Q15717,P35232,0.0,0.10449477015524174
Q07108,P52333,0.0,0.15001969827435252
O14503,P15923,0.0,0.13896841909811053
Q8WVM7,Q6PGQ7,0.0,0.11304958451791222
Q86TB9,P36639,0.0,0.18007175904072337
Q8TD16,O00399,0.0,0.13343548220048157
Q9NSE2,P00533,0.0,0.18133555050503466
Q9H936,Q96B97,0.0,0.13499940053735812
Q99490,Q8WU20,0.0,0.06741120052488156
P08922,Q04912,0.0,0.08918943604690241
Q96QZ7,Q96JA1,0.0,0.04961495878498624
O14983,P31785,0.0,0.08205643851576182
Q8IVU1,P08581,0.0,0.176364513515515
P04085,P22455,0.0,0.09340425637898665
Q93050,O14964,0.0,0.20944579909662725
Q3B8N5,P51692,0.0,0.24297205902774396
Q96BH3,O95644,0.0,0.16120345080047752
Q9Y5C1,Q02763,0.0,0.21410199009691133
Q09472,P24864,0.0,0.0017878787878787877
O43462,P36956,0.0,0.238736563503366
Q6R327,P42345,0.0,0.09142430562520647
Q13228,Q9H1I8,0.0,0.18204234618548717
P10828,Q9UBK2,0.0,0.249767986623091
Q9NX09,P04150,0.0,0.1307642214790177
P60568,P17275,0.0,0.11381818892012321
Q9H2A7,Q99062,0.0,0.1927770983667852
Q14493,P35659,0.0,0.16073371413845777
O95376,Q9NRI5,0.0,0.3189463177201042
Q05823,Q00613,0.0,0.2474241747798088
P05161,P52630,0.0,0.07825081863936703
Q9NZC7,O60260,0.0,0.24380484664918317
P46089,O15354,0.0,0.0831747573404495
Q6UXM1,Q15303,0.0,0.17887352470714032
Q9H5L6,Q14190,0.0,0.2602885006806681
Q9H0W8,P19174,0.0,0.1531894338543448
P17600,O95140,0.0,0.09442635602748169
Q8IWA4,Q8IXI1,0.0,0.15260326090150886
Q9NZL9,Q15388,0.0,0.13748083018847473
P42766,Q13148,0.0,0.03580893269771582
Q86VK4,Q8IXI2,0.0,0.20525046617554352
Q12887,Q16665,0.0,0.18400618109265984
P61088,P46937,0.0,0.04514258361495802
Q9UJ90,P51795,0.0,0.05439702160733158
Q9UHC3,P37088,0.0,0.18780786226149412
P31152,O00141,0.0,0.1770904551114893
Q9UPW6,Q9H3D4,0.0,0.19603339632118782
Q7LFL8,Q9BSA4,0.0,0.16431339776927273
O14493,Q16625,0.0,0.10501044606539438
P62241,P22001,0.0,0.0880375340629584
P34913,P53805,0.0,0.1387555919633888
Q8IY34,Q8TCC7,0.0,0.10781430537614693
P56705,O75473,0.0,0.1538681382539211
Q96MP5,Q8TDR2,0.0,0.2787275177454309
A0A1B0GW35,Q99741,0.0,0.07568471314981157
E5RG02,P30304,0.0,0.11735210356476253
Q9NQ94,Q12834,0.0,0.11612413075931392
Q9Y466,P41134,0.0,0.1910022974641978
O43680,P13349,0.0,0.06586316793843729
P10082,Q9HAW4,0.0,0.06526714132387404
Q9BZL6,P53779,0.0,0.11919013424291407
O15079,O00429,0.0,0.2667936780784856
Q9Y6C9,Q96BY2,0.0,0.15537847934270899
Q96AG3,Q8IWA4,0.0,0.14956624209961636
Q9BQ89,Q96C86,0.0,0.1144249987508189
Q9Y620,O75367,0.0,0.2673101135971979
Q13253,P08151,0.0,0.19536867839624272
Q8TAE8,P10275,0.0,0.07567160325350356
Q9UPN9,O15164,0.0,0.14340472179450503
Q86VZ4,Q9BYW2,0.0,0.23724515544819333
Q8N6T7,P25440,0.0,0.16582310175900158
P21580,Q13158,0.0,0.18569830528092826
Q659C4,Q14444,0.0,0.16847870895549757
O15054,Q12888,0.0,0.11285317989154221
P26441,P08247,0.0,0.044015795002598675
Q8IYX0,Q99708,0.0,0.26485306070514675
Q9H672,Q9NWT6,0.0,0.17239841896403482
Q6Y2X3,Q14807,0.0,0.1823990893598744
P78540,Q9GZT9,0.0,0.15019754627190843
Q9BYJ9,P41594,0.0,0.18870429066166988
P06733,P60903,0.0,0.10811435819080886
Q9HCJ0,P29590,0.0,0.07381480050410716
Q14190,O75925,0.0,0.12999999952814242
Q96A23,O14974,0.0,0.28460957784121244
O96009,P08247,0.0,0.09978547322480306
P53582,Q9NS87,0.0,0.2842976284862137
P23229,P10275,0.0,0.12461640980496227
P24385,Q16656,0.0,0.16345071765343075
O00238,P12757,0.0,0.27284484440047274
P04629,Q13485,0.0,0.13654478917382792
Q13233,O15169,0.0,0.19333065356107276
O43602,P35222,0.0,0.18955241287675237
O14786,P37173,0.0,0.17290284328881889
Q15022,P16104,0.0,0.21915697924676766
O00451,P04629,0.0,0.3399989708971846
P05412,P49116,0.0,0.1425460839474758
P21580,Q92985,0.0,0.21234196628317067
Q6P9F0,P37840,0.0,0.2658506275260747
Q9NPA2,P49768,0.0,0.17090575395053723
P31946,P26927,0.0,0.14484423047157358
Q09472,P42226,0.0,0.002233201581027668
Q92990,Q9UKB1,0.0,0.19413421467788106
Q9H900,P16471,0.0,0.2590864109488049
Q6ZN18,Q9HAW4,0.0,0.1802820640200654
Q8WYA1,O15055,0.0,0.2974471589187896
Q99626,P46937,0.0,0.1336817933516038
Q8N2W9,P04637,0.0,0.17185266222523551
Q96QD8,O43166,0.0,0.10726544398196344
Q6UXB8,Q8IXH7,0.0,0.20582034968023696
P63279,P55036,0.0,0.10455672921601757
P11215,P51451,0.0,0.08759470520370048
O14734,P29590,0.0,0.2000139491919626
P09619,Q15796,0.0,0.12045829818961006
A6NKG5,P04637,0.0,0.08871905095473955
P60484,P46527,0.0,0.16605993515578332
P08581,P61073,0.0,0.1074452106305828
Q68DY9,O14681,0.0,0.19414565923206137
P10147,P42574,0.0,0.05865667000285978
P0DMV8,P04049,0.0,0.12976848073628666
O75995,P55008,0.0,0.12656137117457533
P23759,Q04727,0.0,0.16686343644816912
O95166,Q96HS1,0.0,0.036686465096809465
Q13114,Q13077,0.0,0.2514786266253278
Q16513,Q05195,0.0,0.20337083600747918
Q96C10,Q13114,0.0,0.2593891582700236
P52566,P55210,0.0,0.056911507801371795
O43464,Q96HS1,0.0,0.10306591139873116
Q02539,Q16777,0.0,0.04745196724149684
Q9Y3I0,P06748,0.0,0.13971660389222376
Q8IXK0,Q99728,0.0,0.13483233811649709
Q53R12,Q9HAW4,0.0,0.1737588644363259
P49789,O14818,0.0,0.06850766886601495
Q12986,P04637,0.0,0.29318898491060263
A0A1B0GUS0,O00763,0.0,0.18962580200902024
Q13233,P50991,0.0,0.20918711017671898
Q6UUV7,Q6UUV9,0.0,0.17553817899511887
Q12840,O00399,0.0,0.1801779139555611
P30542,P10909,0.0,0.07576642749638594
Q13263,Q9UKV5,0.0,0.14954821927710524
P35542,P01009,0.0,0.06345676470835748
P16050,P78380,0.0,0.17227490263332293
Q96EA4,P0C0S8,0.0,0.2704577632211677
Q8N2W9,P13010,0.0,0.18536631038947537
Q09472,O60934,0.0,0.0023684210526315787
Q99496,Q969R5,0.0,0.3640814835175988
P20749,Q13077,0.0,0.14362670253863408
Q9NZQ7,Q13546,0.0,0.14955507984190386
P05412,Q9Y572,0.0,0.13119053009233833
Q6FI81,P55210,0.0,0.18336544179165887
P08253,Q16665,0.0,0.2119260444805142
O15218,Q8TEY7,0.0,0.20663369069258816
Q12933,O14641,0.0,0.28828059901670106
P35916,P36897,0.0,0.09816643608956228
P20809,P13762,0.0,0.030635897404609508
P01574,P33076,0.0,0.1230592667435577
P01106,P49327,0.0,0.21406694949691057
P31371,P12830,0.0,0.10351342879128708
Q5T848,Q9NYB9,0.0,0.14989374006662656
Q9P0W8,Q9BXC9,0.0,0.15732479748002245
O95166,Q13501,0.0,0.03965203392861325
P15121,P05362,0.0,0.12854995020697677
P53384,Q9BV40,0.0,0.1701470189979281
P20916,Q8NHL6,0.0,0.17130040332649915
Q9H246,Q6BAA4,0.0,0.053734721672584994
Q12946,Q02556,0.0,0.15278103819242678
P55263,P34897,0.0,0.1818072383767284
Q9BQ75,P49915,0.0,0.15309162968568876
Q03188,Q93077,0.0,0.27743261227342286
Q09472,P04908,0.0,0.01307016740569372
O00512,P16104,0.0,0.05215352525041649
Q14525,O95997,0.0,0.2806660605079565
O43502,P20248,0.0,0.17036430220792323
O00555,Q15784,0.0,0.03312584842405577
O95257,Q01860,0.0,0.08256957393970327
P36873,O15105,0.0,0.16623568945091305
Q05823,Q8IUC6,0.0,0.2783209439692456
Q16254,P38936,0.0,0.15575897409043826
P35790,Q8NFZ0,0.0,0.1546148776807197
Q9UBP6,P28715,0.0,0.1369814836594071
Q9ULW0,O43679,0.0,0.14480363450859596
P40337,P16949,0.0,0.2860682486281524
P47901,Q9UBR4,0.0,0.18497877991666659
P54727,P19429,0.0,0.09400615289115523
Q14574,Q14896,0.0,0.22251212100090126
P31937,Q9Y692,0.0,0.2000318920907324
P02786,P12931,0.0,0.14861569835267846
P51114,O60828,0.0,0.13394966102023076
Q9BYD3,O76021,0.0,0.09897684219695378
Q08257,P04637,0.0,0.12693456821759136
P40692,O15350,0.0,0.13161394726787118
Q9UHI7,Q96J02,0.0,0.1539949596884763
Q96RG2,Q86YT6,0.0,0.1267330957364961
Q99689,Q15154,0.0,0.2696669033959614
Q9H3R0,Q9HCM4,0.0,0.1712975004556052
P04637,P38936,0.0,0.11285809737483338
O76093,O95863,0.0,0.11082296095553806
P62736,P03372,0.0,0.09944929366570224
O43242,Q9UKV5,0.0,0.1711903220814869
P0C7T5,Q96RK0,0.0,0.22605599879879837
Q13158,Q13546,0.0,0.13484770520247932
P05161,Q14164,0.0,0.07745274981684164
P12829,Q9UBF9,0.0,0.08073263648217806
O00459,Q12778,0.0,0.12372344483146058
P11274,P01106,0.0,0.10644117999019005
P15090,O15503,0.0,0.06298772606296577
Q9NZ94,Q99574,0.0,0.1263575634676895
P11831,P43268,0.0,0.10286336989433188
Q3SXY8,Q8N907,0.0,0.15676982463846792
Q7Z6G3,Q6NUN9,0.0,0.21266427356846304
Q8IWV8,O00429,0.0,0.07881560033764329
P60484,O95140,0.0,0.18243888008622391
Q6R327,P53350,0.0,0.09001118236050931
Q8NFD5,Q96GM5,0.0,0.058903592627800094
O75182,Q86WJ1,0.0,0.13358798989952134
Q9HAU4,Q13191,0.0,0.512710481391037
P41240,P35568,0.0,0.23354588342139004
Q6EEV6,P0C0S5,0.0,0.053042923818570654
P42357,Q99496,0.0,0.14990385231790873
P56706,Q15303,0.0,0.24770887473100459
P36952,P11678,0.0,0.19954972967337567
Q5VT25,Q9Y2T1,0.0,0.09811314071980799
Q9BPZ3,O15234,0.0,0.08287063515899257
O60733,Q7L8J4,0.0,0.22054503561753955
O75074,Q9BYM8,0.0,0.2403483521048009
P14209,O75469,0.0,0.0899557773438699
Q6UY14,P79483,0.0,0.2180164035508164
Q02556,P42081,0.0,0.2206906298375428
P42898,P31645,0.0,0.2417645363672545
Q86VR8,Q9P219,0.0,0.19213898453675632
P09874,O14746,0.0,0.15726927369898255
Q8TAD2,Q8IXI2,0.0,0.11643956105183406
Q8IUE6,P0C0S8,0.0,0.027691242950171516
Q8N2Z9,P0C0S5,0.0,0.06388940479337775
Q9H257,O95786,0.0,0.2467991168405689
P52732,P29466,0.0,0.17627035669075306
O95999,Q13114,0.0,0.09598975432671661
P30291,P30281,0.0,0.13627825467747348
Q02763,O00459,0.0,0.17337198104003004
Q9UHD2,Q14790,0.0,0.20153297789185004
Q8TC94,Q6MZQ0,0.0,0.13180610252158056
P20809,O43623,0.0,0.029378025696612034
Q9BYV9,P04637,0.0,0.29192039604997766
Q9Y4K3,P11940,0.0,0.3625172096372845
Q12933,Q15311,0.0,0.2875159443137447
O43914,Q9Y572,0.0,0.03536609595141542
P38398,Q86YC2,0.0,0.43202267041377673
Q6IE81,Q9P055,0.0,0.22271494067040692
P22059,Q12770,0.0,0.26913756156362684
Q07108,P23458,0.0,0.15282260587497015
P30518,P21917,0.0,0.09776024032636073
P36873,O94979,0.0,0.2120982665403026
Q13263,P12755,0.0,0.1591058471621124
P45983,Q16236,0.0,0.18552405412052805
Q9UNE7,Q9Y6K9,0.0,0.4223824488407756
P38398,P10826,0.0,0.39232003605344934
P61769,P04234,0.0,0.06793595521411631
P19793,P22736,0.0,0.19893730226520545
P49588,Q9H211,0.0,0.1251891477420001
Q04206,P62714,0.0,0.1288473239642986
P60709,Q9P0W2,0.0,0.10697695943141174
O43765,Q05586,0.0,0.19356585562558415
Q9UMX3,Q13794,0.0,0.062428341145521725
P01135,P36888,0.0,0.14859379967725356
Q15645,P04637,0.0,0.17112232517510886
Q99878,P16104,0.0,0.03045847158075419
Q8NDV7,P29590,0.0,0.08509482052523092
Q14693,O75385,0.0,0.238077726439127
Q8TD94,P35568,0.0,0.22530361260305845
O75460,Q15011,0.0,0.12900100511600296
Q13263,Q9Y5V3,0.0,0.1677231696259237
P08621,Q13148,0.0,0.130427587548235
P54619,O75385,0.0,0.14305249910804846
Q99962,P02786,0.0,0.15843801573774752
Q14554,O00584,0.0,0.2299630768124931
Q8TBP6,O15511,0.0,0.11272517115624002
Q9UHB6,P48059,0.0,0.23152232605003095
P16520,P31323,0.0,0.24570586558439828
P53355,Q9Y4C4,0.0,0.11415049910238519
Q09472,Q53ET0,0.0,0.0016666666666666666
Q14152,Q92851,0.0,0.12372586431796812
Q9C026,Q9Y297,0.0,0.3055118166701321
P57053,P35222,0.0,0.028084447738252086
Q9Y2K1,Q16589,0.0,0.3015543545735435
Q04917,P10636,0.0,0.12425820462518508
Q6PI73,Q9UDY8,0.0,0.14247374073299088
Q6IA17,Q9UHD2,0.0,0.15133742388528873
P48643,Q99426,0.0,0.17278165210487667
O00755,Q15465,0.0,0.1658822728179156
O60603,Q13546,0.0,0.185214205371096
P38398,P00519,0.0,0.43478445827463597
P42771,P18065,0.0,0.03449072114877208
O60749,P08581,0.0,0.1369277333126015
Q9BUB5,P67775,0.0,0.16954185365343
Q04941,Q14653,0.0,0.0649663911157278
O75628,P38936,0.0,0.12944213920361633
Q8N5B7,Q99708,0.0,0.1801021410009303
P54252,P04637,0.0,0.19926979383118185
Q8N1W1,Q14155,0.0,0.09206136744826637
P43353,P30838,0.0,0.19868053975583355
Q9HB90,O75385,0.0,0.25145792953742385
P17936,P35568,0.0,0.24667536645213078
Q92876,Q9NZJ0,0.0,0.1397750484648938
Q14457,Q12933,0.0,0.18785047018521453
P41182,P04637,0.0,0.2500447615554907
P78417,P40189,0.0,0.12777088143965676
P30989,Q96QB1,0.0,0.1919633259851003
Q9NZJ5,Q9UMX1,0.0,0.15147718804159171
Q9H2X6,Q16778,0.0,0.15093124847108075
P45984,O95999,0.0,0.16976544825081277
P00533,Q9H5V8,0.0,0.21397257048138865
Q7Z5Q1,P51114,0.0,0.1956527966486436
Q86UE4,O95863,0.0,0.14079883373640967
Q92560,P04637,0.0,0.17770760414440293
Q12797,P05412,0.0,0.20496574276007207
P01112,Q9Y282,0.0,0.1237120933814228
